compania,videoperitacion,fecha_entrada,perito,provincia,honorario_gabinete,honorario_perito,tasacion_origen,tiempo_resolucion_dias
Allianz,No,2024-09-08,Perito B,Sevilla,50,16,7470,5.6
AXA,No,2025-06-21,Perito D,Zaragoza,59,29,7803,6.2
Mutua,No,2024-11-11,Perito D,Málaga,53,31,1060,1.0
Mapfre,Si,2025-04-05,Perito C,Madrid,43,30,5590,5.4
Linea Directa,No,2025-03-10,Perito A,Málaga,45,42,5426,6.7
Mutua,Si,2024-01-06,Perito C,Málaga,35,35,5391,5.1
Mapfre,No,2025-05-05,Perito B,Zaragoza,32,22,3972,4.9
AXA,Si,2024-02-09,Perito A,Barcelona,34,24,3292,3.6
Allianz,Si,2024-06-14,Perito C,Zaragoza,46,24,5934,4.9
AXA,Si,2024-11-06,Perito B,Valencia,23,24,6465,3.0
Linea Directa,No,2024-11-02,Perito A,Madrid,35,23,666,6.2
Allianz,No,2025-01-09,Perito A,Valencia,49,42,5534,6.1
Generali,No,2024-10-10,Perito B,Barcelona,49,38,4626,5.2
Mapfre,No,2025-06-24,Perito A,Valencia,55,33,5778,6.5
Generali,Si,2024-11-28,Perito C,Málaga,22,47,6431,4.0
Allianz,No,2024-11-13,Perito C,Sevilla,41,18,3644,4.3
Mapfre,No,2025-05-11,Perito C,Madrid,41,17,3371,5.8
Mapfre,Si,2025-04-28,Perito A,Madrid,31,26,3119,4.5
Generali,Si,2024-01-30,Perito A,Málaga,40,32,330,2.4
Mapfre,Si,2025-05-25,Perito B,Zaragoza,23,37,1885,2.0
Allianz,Si,2024-11-07,Perito B,Valencia,50,34,7676,5.5
Linea Directa,No,2024-08-20,Perito A,Madrid,50,20,969,4.9
Linea Directa,No,2024-11-11,Perito C,Zaragoza,42,48,2591,4.9
Allianz,Si,2024-12-13,Perito A,Barcelona,39,16,5811,4.9
Generali,Si,2025-03-10,Perito D,Barcelona,34,44,7781,4.1
AXA,No,2024-07-15,Perito C,Valencia,42,23,7149,6.5
Allianz,Si,2025-06-06,Perito D,Barcelona,47,41,2633,2.3
Linea Directa,Si,2024-10-18,Perito B,Sevilla,35,48,5511,3.3
Allianz,Si,2025-06-18,Perito A,Málaga,56,38,5251,4.8
Mapfre,No,2024-12-04,Perito D,Madrid,40,31,6620,7.5
Mapfre,No,2024-05-08,Perito A,Zaragoza,34,43,1384,4.3
Allianz,No,2024-03-23,Perito D,Málaga,36,26,4755,3.0
Generali,Si,2024-05-09,Perito A,Valencia,56,45,3585,2.8
AXA,No,2025-01-04,Perito C,Málaga,32,23,4317,4.4
Mapfre,Si,2024-12-10,Perito B,Madrid,38,33,6596,5.8
Linea Directa,No,2024-09-05,Perito C,Zaragoza,49,31,5043,3.7
Mapfre,Si,2025-04-29,Perito B,Madrid,37,16,3104,3.1
Linea Directa,Si,2024-03-24,Perito C,Valencia,33,19,7928,4.6
AXA,No,2025-06-03,Perito B,Madrid,55,30,674,4.9
Mapfre,No,2024-05-08,Perito C,Barcelona,55,31,1282,3.1
Generali,Si,2024-04-16,Perito A,Zaragoza,39,41,2758,1.1
Linea Directa,Si,2024-10-31,Perito C,Zaragoza,38,21,2247,2.7
Mapfre,Si,2024-03-25,Perito D,Málaga,26,22,7843,6.8
Mapfre,Si,2024-07-27,Perito D,Sevilla,23,22,2947,2.0
Allianz,Si,2024-07-01,Perito A,Sevilla,53,37,1175,4.1
Generali,No,2024-10-02,Perito A,Sevilla,21,46,2006,3.1
Generali,Si,2024-07-05,Perito A,Valencia,24,32,389,2.8
Allianz,No,2024-04-21,Perito D,Sevilla,29,26,7301,6.0
Linea Directa,No,2024-11-17,Perito C,Zaragoza,51,29,2934,3.8
Mutua,No,2024-01-29,Perito A,Zaragoza,32,42,3205,3.4
AXA,No,2024-09-08,Perito C,Málaga,58,45,4858,4.7
Generali,Si,2025-04-23,Perito B,Madrid,24,23,2099,4.5
Mutua,No,2024-06-22,Perito C,Barcelona,29,22,7934,8.6
Linea Directa,No,2025-05-05,Perito C,Sevilla,29,33,1467,2.2
AXA,No,2024-11-03,Perito D,Sevilla,57,22,7175,5.2
Generali,Si,2025-04-08,Perito C,Sevilla,46,48,1728,1.7
Mapfre,No,2024-12-04,Perito D,Barcelona,40,18,3402,4.8
Generali,No,2024-06-01,Perito B,Málaga,27,45,3756,3.4
AXA,No,2025-05-30,Perito D,Sevilla,20,17,4090,3.2
Mutua,Si,2025-04-20,Perito B,Madrid,47,49,846,4.9
Mapfre,Si,2025-04-29,Perito B,Valencia,58,33,6364,4.2
AXA,Si,2024-01-29,Perito A,Barcelona,33,43,3088,3.2
Linea Directa,No,2025-06-11,Perito C,Málaga,40,24,6510,5.0
AXA,Si,2024-01-15,Perito C,Zaragoza,49,26,5593,4.5
Generali,Si,2024-03-11,Perito A,Madrid,40,44,2635,4.6
Linea Directa,Si,2024-05-14,Perito A,Barcelona,28,44,800,4.2
Allianz,No,2024-10-17,Perito C,Zaragoza,36,32,2563,5.8
Allianz,Si,2025-04-23,Perito A,Barcelona,24,38,2261,5.2
Mapfre,No,2024-10-19,Perito A,Valencia,50,46,441,5.0
AXA,No,2024-08-24,Perito B,Valencia,59,23,2241,4.1
Mutua,No,2024-07-25,Perito A,Zaragoza,57,38,3024,5.4
Mapfre,No,2025-04-22,Perito A,Zaragoza,38,40,7713,5.4
Linea Directa,Si,2024-12-26,Perito D,Málaga,55,17,2812,3.2
Mapfre,Si,2025-02-01,Perito C,Sevilla,52,37,7241,6.0
Generali,No,2024-11-19,Perito D,Zaragoza,32,25,1563,3.2
Linea Directa,No,2025-03-05,Perito A,Valencia,33,24,6435,5.2
Mutua,No,2024-06-22,Perito A,Málaga,52,27,5686,6.7
AXA,No,2025-05-13,Perito D,Barcelona,48,43,7299,5.1
Linea Directa,Si,2024-09-29,Perito A,Sevilla,55,27,1678,5.4
AXA,Si,2025-06-09,Perito B,Madrid,29,40,7795,5.9
AXA,No,2024-05-06,Perito D,Barcelona,50,34,2756,2.8
Mapfre,Si,2025-02-05,Perito D,Málaga,25,19,975,2.3
Generali,Si,2024-12-19,Perito C,Madrid,20,34,4214,5.8
Mapfre,Si,2025-02-05,Perito D,Barcelona,26,28,234,3.7
Allianz,Si,2024-10-09,Perito B,Valencia,46,28,6549,4.2
Allianz,No,2025-04-13,Perito A,Málaga,40,22,3352,4.8
AXA,Si,2025-02-17,Perito D,Madrid,47,27,2155,4.3
Generali,No,2024-02-12,Perito D,Zaragoza,35,38,1785,1.1
Linea Directa,Si,2024-08-11,Perito C,Valencia,42,29,4143,2.8
AXA,Si,2025-03-27,Perito C,Zaragoza,39,15,7755,3.9
Linea Directa,No,2024-06-07,Perito A,Zaragoza,57,36,3273,5.4
AXA,Si,2024-09-04,Perito D,Madrid,44,48,1221,2.0
Mapfre,No,2024-12-22,Perito B,Sevilla,47,17,3661,3.5
AXA,Si,2024-04-19,Perito A,Sevilla,24,40,2813,3.0
AXA,No,2025-01-01,Perito B,Málaga,40,28,5425,4.0
Generali,Si,2025-05-02,Perito D,Madrid,37,22,4043,4.9
Generali,No,2024-04-30,Perito A,Sevilla,25,30,1700,3.6
Linea Directa,Si,2024-07-09,Perito C,Barcelona,48,35,4998,5.2
Generali,No,2024-06-12,Perito C,Barcelona,38,24,6745,5.7
AXA,Si,2024-12-10,Perito B,Sevilla,52,39,7073,4.3
Generali,No,2024-10-14,Perito A,Zaragoza,20,36,5875,5.3
Generali,No,2024-11-19,Perito B,Zaragoza,22,18,361,1.2
Mutua,Si,2024-10-28,Perito C,Sevilla,40,18,4497,2.3
Mutua,No,2024-07-05,Perito D,Málaga,54,44,2181,2.0
Allianz,No,2025-03-27,Perito C,Zaragoza,59,16,1195,4.5
Mapfre,Si,2024-04-13,Perito D,Málaga,22,43,6613,5.0
Mapfre,Si,2025-01-13,Perito B,Barcelona,44,35,5111,4.2
Generali,Si,2024-08-22,Perito B,Valencia,57,35,3542,3.6
Allianz,No,2024-08-25,Perito B,Madrid,39,35,4751,4.9
Allianz,No,2024-07-22,Perito D,Valencia,53,18,7829,5.4
Linea Directa,Si,2024-09-16,Perito B,Málaga,40,15,3998,3.0
Mutua,No,2024-12-14,Perito B,Zaragoza,42,40,1475,3.0
Allianz,Si,2024-01-03,Perito A,Valencia,25,16,1216,3.5
AXA,No,2024-10-10,Perito D,Málaga,32,23,6639,5.0
Linea Directa,Si,2024-05-18,Perito B,Valencia,42,32,7063,3.6
Generali,No,2024-12-30,Perito B,Barcelona,28,25,537,5.9
AXA,Si,2025-03-30,Perito D,Málaga,36,39,1078,3.7
Mapfre,Si,2025-02-01,Perito D,Barcelona,21,40,1276,3.0
Mutua,Si,2024-03-22,Perito C,Valencia,38,49,5087,4.3
AXA,No,2024-09-25,Perito C,Sevilla,38,17,4193,6.7
Generali,No,2024-06-09,Perito A,Sevilla,26,49,6560,6.3
AXA,No,2025-03-16,Perito B,Madrid,39,36,5059,4.3
AXA,Si,2024-10-12,Perito D,Sevilla,28,22,6531,3.7
Allianz,No,2024-05-02,Perito B,Madrid,36,29,579,3.8
Mutua,No,2025-01-11,Perito C,Valencia,46,21,692,2.8
Mapfre,Si,2025-05-19,Perito C,Madrid,21,33,7408,5.9
Generali,Si,2025-06-23,Perito C,Madrid,55,31,5476,4.3
Linea Directa,Si,2025-03-25,Perito D,Madrid,38,15,2262,4.1
Linea Directa,Si,2024-03-04,Perito B,Barcelona,36,43,4084,3.7
Generali,No,2024-11-28,Perito D,Madrid,24,27,264,2.5
Mapfre,Si,2024-09-20,Perito B,Zaragoza,58,43,2768,4.2
Generali,No,2025-02-28,Perito A,Málaga,37,20,5663,5.1
Allianz,Si,2025-03-18,Perito C,Valencia,26,19,5448,4.6
Linea Directa,No,2025-03-06,Perito C,Barcelona,36,48,2227,3.8
Linea Directa,Si,2025-04-11,Perito C,Málaga,58,25,2895,2.8
AXA,Si,2024-12-18,Perito C,Valencia,55,23,1695,3.2
Allianz,Si,2024-04-26,Perito D,Barcelona,59,23,7430,4.2
Linea Directa,Si,2024-01-04,Perito C,Valencia,23,22,5458,4.3
Allianz,Si,2024-11-19,Perito B,Sevilla,57,17,5818,5.1
Allianz,No,2024-01-04,Perito B,Valencia,44,27,6936,5.7
Mapfre,No,2024-12-15,Perito C,Sevilla,24,33,591,2.7
Linea Directa,No,2025-03-26,Perito C,Sevilla,49,48,5994,4.4
Mutua,No,2024-03-07,Perito D,Zaragoza,31,46,4714,3.3
Mapfre,No,2024-09-27,Perito D,Valencia,23,30,6632,3.8
Mapfre,Si,2024-06-10,Perito B,Sevilla,43,32,4674,4.4
Allianz,Si,2025-04-10,Perito B,Zaragoza,48,28,6092,3.1
Mutua,No,2025-05-27,Perito A,Barcelona,28,44,3761,5.5
Mapfre,No,2025-01-30,Perito B,Sevilla,23,16,2478,4.0
Mutua,No,2025-05-17,Perito A,Madrid,43,27,7361,6.6
Linea Directa,No,2024-01-19,Perito C,Barcelona,33,41,6384,5.4
Allianz,No,2024-11-22,Perito C,Zaragoza,24,31,3299,5.3
Mapfre,Si,2024-09-18,Perito C,Barcelona,37,45,6478,4.5
Mutua,No,2024-09-04,Perito B,Barcelona,38,29,400,4.3
Generali,Si,2024-02-13,Perito B,Madrid,31,34,6159,4.5
Mapfre,No,2025-03-10,Perito C,Madrid,37,19,5075,5.1
Mapfre,Si,2024-01-24,Perito D,Madrid,36,21,7273,3.6
Mapfre,No,2024-11-29,Perito C,Madrid,49,32,3304,5.1
Mutua,No,2024-04-02,Perito A,Zaragoza,43,25,7415,4.7
AXA,Si,2025-04-05,Perito D,Madrid,30,46,4798,4.4
Linea Directa,Si,2024-05-04,Perito D,Zaragoza,54,41,2654,2.1
Mapfre,Si,2024-04-02,Perito B,Zaragoza,42,40,3845,2.3
Generali,No,2024-10-03,Perito B,Málaga,36,42,6047,3.9
Generali,No,2024-10-19,Perito A,Málaga,20,16,1004,1.5
Allianz,No,2025-06-07,Perito C,Madrid,34,34,6442,6.8
AXA,No,2025-03-18,Perito C,Zaragoza,51,18,2931,3.9
AXA,Si,2024-02-26,Perito B,Barcelona,28,27,6191,5.2
Mutua,Si,2024-03-21,Perito B,Sevilla,34,38,2973,3.5
Allianz,Si,2024-06-06,Perito C,Sevilla,47,43,1770,4.2
Mutua,Si,2025-03-05,Perito D,Málaga,43,16,5256,2.3
Allianz,Si,2024-02-08,Perito A,Madrid,54,32,6956,5.2
Linea Directa,Si,2024-08-28,Perito A,Valencia,41,22,5781,5.0
AXA,Si,2024-06-08,Perito A,Sevilla,46,29,2890,4.2
Linea Directa,No,2024-01-15,Perito B,Zaragoza,38,31,4040,4.4
Mutua,No,2025-06-12,Perito D,Zaragoza,31,37,1228,1.0
Allianz,Si,2024-02-07,Perito A,Sevilla,39,16,7585,2.8
AXA,Si,2024-02-09,Perito D,Barcelona,20,20,702,2.7
AXA,No,2024-03-19,Perito B,Sevilla,40,43,7110,6.5
Mapfre,Si,2024-01-16,Perito B,Málaga,20,41,4693,5.0
Mutua,No,2024-01-31,Perito C,Madrid,29,48,1070,2.6
Mapfre,No,2025-03-03,Perito D,Madrid,51,32,7138,6.3
AXA,Si,2024-01-30,Perito D,Zaragoza,58,24,4688,3.5
Mutua,No,2024-06-24,Perito D,Sevilla,41,31,406,2.1
Mutua,No,2025-05-14,Perito C,Valencia,37,27,5334,4.9
Linea Directa,No,2024-07-23,Perito A,Málaga,51,41,6177,5.3
Generali,Si,2024-07-17,Perito A,Zaragoza,46,16,7921,4.0
Allianz,Si,2025-01-26,Perito B,Sevilla,47,48,7235,3.8
Generali,No,2024-02-15,Perito C,Málaga,37,45,1684,5.6
Generali,Si,2024-09-24,Perito D,Valencia,58,37,7942,4.4
AXA,No,2024-12-13,Perito C,Zaragoza,48,21,1063,2.1
Linea Directa,No,2025-01-24,Perito B,Málaga,37,47,2990,2.9
Allianz,Si,2024-07-31,Perito A,Zaragoza,27,26,7608,6.6
Generali,No,2024-08-09,Perito A,Málaga,50,26,763,3.3
Generali,No,2024-09-02,Perito B,Málaga,53,33,5316,4.4
Mutua,No,2025-06-21,Perito C,Zaragoza,26,23,4391,5.3
AXA,No,2024-02-02,Perito B,Madrid,55,24,6219,5.7
Generali,No,2025-03-01,Perito D,Valencia,37,31,1957,2.6
Allianz,No,2025-02-01,Perito D,Zaragoza,57,24,6828,5.0
Mapfre,No,2025-04-19,Perito B,Madrid,28,26,7774,5.9
Mapfre,Si,2024-07-10,Perito D,Barcelona,28,29,6574,4.2
AXA,Si,2024-06-15,Perito D,Sevilla,27,45,7092,5.5
Mapfre,No,2025-06-17,Perito A,Zaragoza,54,29,1878,3.3
Mutua,Si,2025-03-13,Perito C,Madrid,37,42,3442,3.9
Mutua,No,2025-06-11,Perito A,Zaragoza,24,18,4836,7.2
Allianz,No,2024-10-19,Perito A,Zaragoza,33,15,1259,1.0
Linea Directa,No,2025-01-02,Perito C,Zaragoza,47,48,6868,7.2
AXA,No,2024-01-25,Perito A,Málaga,49,31,5479,5.9
AXA,Si,2025-06-20,Perito D,Barcelona,23,47,1922,3.6
Mapfre,No,2025-01-27,Perito B,Valencia,58,35,3514,4.6
Generali,No,2024-05-16,Perito B,Valencia,39,40,3357,3.7
Generali,Si,2024-04-19,Perito C,Zaragoza,44,19,6115,3.0
Linea Directa,Si,2025-03-24,Perito B,Madrid,47,47,2825,3.9
Generali,Si,2024-04-20,Perito B,Zaragoza,31,15,2929,2.9
Linea Directa,Si,2024-10-13,Perito B,Málaga,21,20,6900,4.5
Allianz,Si,2024-03-07,Perito B,Málaga,33,16,1797,2.3
AXA,Si,2024-05-16,Perito A,Zaragoza,41,19,3260,4.4
Mapfre,No,2024-06-13,Perito D,Valencia,50,40,2893,4.3
Allianz,No,2025-05-16,Perito D,Málaga,42,27,5091,2.7
Mutua,Si,2024-09-15,Perito B,Sevilla,39,26,5347,2.1
Mutua,Si,2025-04-11,Perito C,Madrid,57,19,5939,4.2
Mutua,No,2024-02-10,Perito A,Madrid,23,16,3827,4.4
Linea Directa,Si,2024-08-02,Perito B,Málaga,34,18,1563,3.6
Linea Directa,Si,2025-02-23,Perito B,Valencia,43,41,2181,2.1
AXA,Si,2024-08-18,Perito C,Zaragoza,44,24,5650,4.4
Mutua,No,2025-06-14,Perito A,Sevilla,20,27,1863,4.0
Linea Directa,Si,2025-01-01,Perito B,Sevilla,26,16,1729,3.5
Linea Directa,No,2025-03-11,Perito C,Zaragoza,50,40,2238,3.3
Generali,No,2025-05-17,Perito A,Sevilla,31,29,7715,4.5
Linea Directa,No,2024-11-25,Perito A,Barcelona,24,24,5792,5.7
Mutua,Si,2024-07-05,Perito B,Málaga,57,36,3502,1.0
Allianz,Si,2024-07-09,Perito C,Sevilla,31,39,2437,1.3
Mutua,No,2025-05-14,Perito C,Málaga,58,29,7592,5.9
Generali,No,2025-02-05,Perito B,Valencia,37,27,5704,5.1
Mutua,Si,2025-04-04,Perito B,Valencia,21,22,5696,3.3
Mapfre,No,2025-01-19,Perito B,Zaragoza,29,35,1506,3.3
Generali,Si,2024-11-28,Perito C,Valencia,34,35,4229,1.8
AXA,No,2025-06-17,Perito A,Barcelona,49,36,6976,7.5
Mutua,Si,2025-02-28,Perito B,Valencia,36,47,2875,2.8
Linea Directa,Si,2024-12-06,Perito D,Málaga,23,41,5268,3.8
Allianz,No,2024-03-27,Perito D,Madrid,26,36,6064,6.0
Mutua,No,2024-07-27,Perito B,Madrid,50,44,1482,4.8
Allianz,Si,2024-11-22,Perito D,Málaga,58,23,7726,3.1
Mapfre,No,2025-01-14,Perito A,Madrid,53,49,909,5.1
AXA,No,2024-02-09,Perito A,Sevilla,25,32,5775,5.9
Linea Directa,No,2024-06-12,Perito D,Madrid,57,19,5730,4.7
Generali,Si,2024-04-14,Perito C,Barcelona,53,41,4944,5.0
Generali,No,2024-11-19,Perito B,Valencia,34,20,4613,3.1
AXA,No,2024-12-05,Perito C,Madrid,33,46,3948,5.9
Mapfre,No,2025-06-05,Perito A,Madrid,25,22,7592,7.3
Mapfre,No,2024-11-30,Perito D,Zaragoza,56,35,5553,5.8
Mutua,Si,2024-05-08,Perito B,Barcelona,51,32,4979,6.6
Mapfre,No,2024-10-03,Perito D,Zaragoza,22,28,863,2.5
Mutua,Si,2024-10-01,Perito D,Barcelona,22,29,2198,3.7
Allianz,Si,2024-02-16,Perito C,Madrid,41,40,3645,4.6
AXA,No,2025-04-26,Perito C,Sevilla,41,46,3943,4.0
Allianz,No,2025-02-08,Perito D,Madrid,29,42,5927,3.7
Allianz,Si,2024-10-16,Perito A,Sevilla,22,46,1695,1.9
Allianz,No,2024-04-06,Perito B,Zaragoza,31,27,3504,3.6
Allianz,No,2024-09-23,Perito D,Valencia,48,29,3963,4.1
Generali,Si,2024-08-08,Perito D,Málaga,36,32,5432,4.7
Mapfre,No,2024-09-05,Perito D,Valencia,26,20,2053,3.1
AXA,No,2024-12-02,Perito D,Madrid,32,25,5816,6.5
AXA,No,2024-01-06,Perito C,Madrid,21,46,6785,7.7
Linea Directa,Si,2024-11-19,Perito C,Sevilla,23,34,4859,3.0
Allianz,No,2025-03-04,Perito A,Barcelona,29,47,1491,3.6
AXA,Si,2024-08-06,Perito B,Zaragoza,58,22,3781,3.3
Mutua,Si,2025-04-27,Perito D,Zaragoza,43,49,3657,1.4
AXA,Si,2025-04-04,Perito A,Zaragoza,36,19,7754,6.9
Allianz,No,2024-11-03,Perito C,Sevilla,25,49,7480,6.7
AXA,No,2025-04-12,Perito B,Barcelona,38,28,1836,6.0
Mapfre,Si,2024-01-28,Perito A,Barcelona,24,35,3896,3.1
Allianz,Si,2025-05-31,Perito B,Barcelona,51,38,3199,3.7
Generali,No,2024-07-08,Perito B,Barcelona,29,31,3352,5.2
Mapfre,No,2024-03-05,Perito B,Madrid,28,32,898,4.7
AXA,Si,2024-11-22,Perito C,Málaga,46,48,2360,2.4
Generali,No,2024-09-12,Perito D,Zaragoza,32,26,4297,1.3
Linea Directa,Si,2025-02-24,Perito B,Málaga,38,30,4937,4.1
Mapfre,Si,2024-07-27,Perito A,Valencia,40,18,6563,6.5
Linea Directa,No,2024-08-03,Perito B,Valencia,43,39,5885,7.0
Mutua,No,2025-04-17,Perito B,Valencia,57,48,1054,3.1
Mapfre,No,2024-03-11,Perito C,Sevilla,23,42,6055,5.1
Generali,Si,2025-05-05,Perito A,Valencia,43,25,7592,4.0
Linea Directa,No,2024-01-02,Perito B,Zaragoza,54,27,6728,5.3
Mutua,No,2024-03-10,Perito C,Valencia,22,45,3674,3.8
Linea Directa,Si,2024-06-08,Perito C,Valencia,23,39,5957,3.5
AXA,Si,2025-01-21,Perito D,Madrid,56,24,5449,2.8
Allianz,No,2025-03-12,Perito D,Valencia,59,38,5372,5.8
Linea Directa,No,2024-06-25,Perito D,Málaga,54,15,1907,2.9
AXA,Si,2025-03-24,Perito B,Madrid,50,39,2977,3.5
Allianz,Si,2024-07-31,Perito B,Barcelona,44,42,5991,5.2
Allianz,No,2024-09-03,Perito B,Sevilla,59,32,1933,3.1
Generali,No,2025-04-21,Perito C,Madrid,32,20,5735,3.8
Mutua,Si,2025-05-01,Perito B,Madrid,23,16,6590,6.5
Mutua,No,2024-05-11,Perito C,Málaga,33,17,5131,4.7
Mapfre,Si,2025-06-11,Perito A,Zaragoza,32,22,3710,4.5
AXA,Si,2025-04-14,Perito B,Zaragoza,46,45,402,2.3
Generali,No,2024-06-04,Perito A,Valencia,25,33,3455,5.6
Linea Directa,No,2025-05-18,Perito D,Barcelona,36,20,4418,5.7
AXA,Si,2024-04-09,Perito A,Málaga,55,28,4696,1.8
Linea Directa,Si,2024-11-25,Perito A,Málaga,59,17,966,3.3
Linea Directa,Si,2025-06-17,Perito C,Madrid,54,15,4589,3.6
Linea Directa,No,2025-01-05,Perito C,Barcelona,36,44,2527,3.9
Mapfre,Si,2024-06-04,Perito C,Málaga,21,33,3131,1.4
Mapfre,Si,2024-10-31,Perito C,Zaragoza,32,33,7977,6.5
Generali,Si,2024-06-27,Perito D,Sevilla,21,23,397,1.5
Mapfre,No,2024-08-04,Perito A,Sevilla,47,21,7325,5.5
Generali,Si,2024-09-01,Perito D,Málaga,45,21,2130,1.4
Mapfre,No,2025-06-15,Perito D,Madrid,41,23,3782,7.1
Mutua,No,2024-05-18,Perito C,Sevilla,22,18,7095,6.4
Generali,Si,2024-01-19,Perito A,Madrid,54,39,6487,3.3
Mutua,Si,2024-03-19,Perito A,Valencia,31,26,808,4.1
Mutua,Si,2025-01-16,Perito D,Valencia,43,20,3472,1.7
Generali,No,2024-09-18,Perito C,Madrid,24,32,1347,5.1
AXA,Si,2024-10-01,Perito D,Málaga,39,35,4482,2.6
Allianz,No,2024-05-22,Perito A,Valencia,58,29,3597,3.0
Mapfre,No,2025-02-28,Perito C,Zaragoza,58,17,2711,3.4
Linea Directa,No,2024-02-19,Perito D,Valencia,32,16,7716,5.3
Mapfre,No,2024-10-08,Perito A,Zaragoza,31,18,1994,4.4
Linea Directa,No,2024-04-03,Perito B,Sevilla,32,46,859,2.9
AXA,No,2024-10-27,Perito C,Málaga,29,16,3011,4.1
Allianz,Si,2024-05-20,Perito A,Madrid,52,43,7298,6.1
AXA,Si,2024-02-22,Perito C,Valencia,59,16,6251,5.0
Allianz,No,2024-06-20,Perito A,Málaga,35,48,6746,7.1
Generali,No,2024-06-11,Perito C,Valencia,54,41,1569,3.5
Generali,Si,2024-01-27,Perito B,Sevilla,22,32,2186,1.4
Linea Directa,Si,2025-02-15,Perito D,Málaga,24,33,5830,4.1
Mutua,Si,2024-05-16,Perito D,Barcelona,45,41,346,3.3
Mutua,Si,2024-01-27,Perito D,Sevilla,30,34,3419,3.5
Linea Directa,No,2025-02-01,Perito B,Madrid,26,35,3111,4.1
Generali,Si,2024-10-25,Perito C,Málaga,29,37,1934,3.5
Linea Directa,No,2025-05-21,Perito C,Zaragoza,53,44,2043,4.0
Mutua,No,2024-04-21,Perito A,Valencia,22,39,688,4.3
Linea Directa,Si,2024-10-30,Perito A,Zaragoza,27,45,3176,2.8
Generali,Si,2024-08-04,Perito C,Málaga,50,41,2159,1.0
AXA,No,2024-07-09,Perito B,Madrid,30,48,5959,4.6
Mapfre,No,2025-01-20,Perito B,Zaragoza,26,22,6894,6.2
Generali,No,2024-12-07,Perito D,Zaragoza,21,33,2585,5.1
Linea Directa,No,2024-07-01,Perito D,Zaragoza,25,40,3119,4.3
Generali,Si,2024-02-15,Perito D,Málaga,51,42,4936,1.9
Generali,Si,2024-09-01,Perito C,Valencia,39,18,2002,2.6
Mutua,Si,2025-03-28,Perito A,Zaragoza,53,45,6816,5.1
Linea Directa,Si,2025-01-03,Perito C,Sevilla,35,30,6265,4.1
Mutua,Si,2024-03-08,Perito C,Sevilla,44,24,6494,4.3
Linea Directa,No,2024-03-14,Perito B,Valencia,31,24,5734,3.8
Mutua,No,2024-11-15,Perito B,Barcelona,26,23,4261,3.9
Mutua,Si,2025-01-26,Perito A,Barcelona,58,33,3569,3.7
AXA,Si,2024-07-31,Perito A,Sevilla,36,33,5930,3.2
Generali,No,2024-04-17,Perito C,Zaragoza,30,26,462,3.3
AXA,No,2024-06-09,Perito C,Madrid,25,27,6083,6.3
Mutua,Si,2024-10-29,Perito C,Málaga,42,39,6487,2.8
AXA,Si,2024-07-25,Perito C,Valencia,46,39,6689,4.1
Generali,No,2024-03-30,Perito B,Madrid,25,42,823,6.1
Generali,Si,2024-12-30,Perito D,Zaragoza,57,44,1216,2.0
Mutua,Si,2024-08-16,Perito D,Málaga,21,19,3843,2.4
Generali,No,2025-03-06,Perito D,Sevilla,41,31,5176,5.1
AXA,No,2025-02-23,Perito A,Valencia,39,32,2249,6.6
Allianz,No,2025-04-04,Perito A,Madrid,44,35,7240,7.1
Generali,Si,2024-11-22,Perito A,Málaga,34,36,5623,3.8
AXA,No,2025-04-20,Perito A,Sevilla,48,20,6597,5.8
AXA,Si,2025-04-03,Perito B,Sevilla,27,30,3923,4.7
AXA,No,2025-06-06,Perito C,Málaga,56,16,4748,4.5
Generali,Si,2024-01-31,Perito A,Barcelona,52,15,3308,4.6
Allianz,Si,2024-07-06,Perito D,Barcelona,41,44,5479,5.7
Mutua,No,2024-01-19,Perito A,Málaga,24,37,4290,5.0
Mutua,Si,2024-06-24,Perito D,Málaga,58,15,7358,5.7
Generali,Si,2024-12-12,Perito C,Málaga,37,33,2256,1.4
Generali,No,2025-06-18,Perito B,Sevilla,57,17,7600,6.0
Mapfre,Si,2024-06-20,Perito B,Zaragoza,56,16,3370,5.1
Linea Directa,No,2025-03-01,Perito A,Zaragoza,49,31,1882,6.6
Allianz,Si,2024-01-11,Perito A,Valencia,50,42,7159,4.5
AXA,No,2024-01-14,Perito D,Sevilla,29,32,2455,3.1
Linea Directa,No,2024-02-28,Perito A,Sevilla,34,47,1354,5.9
AXA,Si,2024-01-28,Perito B,Barcelona,37,29,4699,4.2
Linea Directa,No,2025-01-14,Perito A,Málaga,42,36,6495,5.1
Mutua,No,2025-06-18,Perito D,Sevilla,52,41,6397,4.1
Linea Directa,Si,2024-05-04,Perito C,Sevilla,35,46,3391,2.2
Generali,No,2024-09-10,Perito B,Málaga,57,33,1896,2.6
Allianz,No,2024-05-25,Perito B,Zaragoza,54,42,4191,4.2
Mutua,No,2024-08-17,Perito C,Valencia,53,42,4923,3.0
Linea Directa,No,2024-05-13,Perito C,Barcelona,47,24,4882,5.0
Allianz,Si,2025-01-16,Perito B,Madrid,21,34,1848,5.2
Generali,No,2024-08-11,Perito D,Zaragoza,49,39,5739,5.3
AXA,No,2024-11-13,Perito D,Sevilla,32,35,1645,2.5
Mapfre,No,2024-03-15,Perito A,Valencia,35,28,4399,5.2
Allianz,Si,2025-06-11,Perito D,Madrid,24,36,4123,3.8
AXA,Si,2024-12-05,Perito B,Zaragoza,47,40,453,1.4
Allianz,No,2025-02-15,Perito A,Zaragoza,58,25,7594,3.7
Allianz,No,2024-03-29,Perito D,Málaga,39,21,3383,2.7
Allianz,Si,2024-08-12,Perito C,Madrid,43,31,2757,3.6
Generali,No,2024-01-23,Perito D,Málaga,46,32,5792,6.9
Mutua,No,2025-02-14,Perito A,Zaragoza,49,21,298,4.2
Allianz,No,2024-11-04,Perito C,Zaragoza,46,34,2400,3.7
Generali,No,2024-05-06,Perito A,Zaragoza,45,25,6180,6.1
Mapfre,Si,2024-02-04,Perito A,Valencia,26,30,3161,3.8
Mutua,Si,2025-03-01,Perito C,Zaragoza,57,41,6215,3.4
Generali,Si,2024-01-26,Perito A,Madrid,24,25,5173,5.2
Mapfre,Si,2024-02-10,Perito B,Barcelona,42,30,4633,4.2
Mutua,Si,2025-02-07,Perito A,Valencia,47,37,3977,2.3
Generali,No,2024-01-19,Perito B,Madrid,53,26,3069,4.5
Mapfre,Si,2024-07-22,Perito C,Sevilla,34,17,3434,3.1
Generali,No,2025-05-22,Perito A,Madrid,51,16,3991,6.3
Mapfre,Si,2025-06-06,Perito D,Madrid,45,38,1156,2.9
Allianz,No,2025-01-28,Perito A,Barcelona,50,43,6000,7.5
Allianz,Si,2025-04-24,Perito B,Valencia,38,48,4267,3.2
Mutua,Si,2025-05-29,Perito B,Sevilla,28,34,360,3.4
Mapfre,No,2024-10-14,Perito D,Zaragoza,48,32,5899,4.7
Allianz,No,2024-03-25,Perito C,Valencia,58,28,7144,5.9
Mutua,No,2024-12-05,Perito B,Valencia,23,32,4693,4.9
AXA,Si,2025-02-19,Perito B,Sevilla,22,16,1500,2.0
Allianz,Si,2024-11-04,Perito B,Sevilla,48,15,5111,4.4
Allianz,No,2024-06-10,Perito A,Barcelona,30,34,4187,5.3
Linea Directa,Si,2024-01-29,Perito A,Málaga,52,48,1727,2.1
Generali,No,2024-04-21,Perito A,Barcelona,57,25,6215,6.8
AXA,Si,2025-05-05,Perito A,Zaragoza,30,41,5711,4.3
Mapfre,No,2025-03-13,Perito A,Sevilla,46,37,5454,4.5
Mutua,No,2024-04-02,Perito D,Madrid,52,17,1418,4.1
AXA,Si,2024-11-11,Perito B,Madrid,40,26,4696,5.3
Mapfre,No,2024-06-04,Perito D,Valencia,58,44,4935,4.0
Allianz,Si,2025-06-03,Perito B,Valencia,50,45,3304,4.7
Linea Directa,Si,2024-06-28,Perito A,Málaga,57,37,2935,4.6
Mutua,Si,2025-04-01,Perito A,Málaga,21,15,4755,3.7
Mutua,No,2024-02-12,Perito C,Málaga,46,34,1154,2.2
AXA,No,2024-12-08,Perito C,Málaga,55,20,4765,4.5
Generali,No,2024-03-18,Perito D,Madrid,30,25,3646,5.2
Mapfre,Si,2024-08-11,Perito B,Sevilla,37,49,1245,1.0
Linea Directa,Si,2025-01-09,Perito D,Zaragoza,20,18,7093,2.2
Linea Directa,No,2024-12-15,Perito C,Zaragoza,54,43,1893,2.4
AXA,Si,2024-12-07,Perito B,Málaga,54,24,6381,5.3
Generali,Si,2024-08-08,Perito D,Barcelona,50,43,6573,6.1
Generali,Si,2025-04-13,Perito C,Zaragoza,47,15,3636,2.2
Generali,No,2024-12-20,Perito A,Málaga,58,22,762,2.4
Mutua,No,2025-01-17,Perito D,Madrid,20,31,2685,4.6
Mapfre,No,2025-01-13,Perito A,Valencia,44,33,6095,5.7
Mapfre,Si,2024-07-15,Perito D,Barcelona,57,47,3554,2.5
AXA,Si,2025-04-28,Perito B,Málaga,39,29,6370,3.1
Allianz,No,2025-05-09,Perito B,Madrid,22,45,425,3.5
AXA,No,2024-11-16,Perito B,Valencia,21,35,7644,5.1
Mapfre,No,2024-12-04,Perito B,Málaga,37,17,5093,5.0
Mutua,Si,2025-06-08,Perito C,Madrid,29,16,7976,3.3
AXA,No,2024-06-18,Perito A,Madrid,24,49,6627,8.6
Allianz,No,2024-09-09,Perito C,Sevilla,28,30,7222,5.8
Linea Directa,No,2025-04-01,Perito D,Madrid,21,35,1159,4.0
AXA,Si,2024-05-06,Perito D,Málaga,53,26,5800,2.8
Generali,No,2024-12-08,Perito A,Madrid,57,42,4748,5.2
Allianz,Si,2024-03-23,Perito A,Barcelona,50,26,3267,3.8
Generali,No,2025-03-10,Perito C,Madrid,29,47,1015,3.8
Mutua,Si,2025-06-06,Perito B,Madrid,31,34,4954,5.1
Mapfre,No,2024-11-23,Perito C,Zaragoza,55,35,7883,6.8
AXA,No,2024-04-26,Perito C,Barcelona,40,36,4842,4.2
AXA,Si,2025-04-18,Perito D,Málaga,25,40,5511,2.9
Generali,No,2024-02-03,Perito C,Valencia,22,21,3320,4.2
Generali,No,2025-06-20,Perito A,Sevilla,29,21,7879,6.3
Mapfre,No,2024-07-17,Perito B,Zaragoza,24,22,216,2.5
AXA,No,2024-10-13,Perito D,Valencia,45,40,7539,4.6
Mapfre,Si,2025-05-06,Perito A,Málaga,40,38,1443,2.7
Generali,Si,2024-09-11,Perito D,Málaga,45,38,2405,1.1
Linea Directa,Si,2025-03-22,Perito C,Zaragoza,57,26,2724,2.0
Generali,Si,2025-05-12,Perito C,Barcelona,45,22,1269,1.5
Allianz,Si,2024-10-22,Perito A,Valencia,27,23,3644,4.8
Generali,Si,2025-03-09,Perito A,Madrid,24,17,2765,5.0
Generali,Si,2024-12-06,Perito D,Barcelona,34,35,6442,3.3
Linea Directa,Si,2024-01-09,Perito B,Barcelona,35,45,6064,3.9
Mapfre,No,2025-01-09,Perito D,Sevilla,20,38,1260,1.6
Allianz,No,2024-03-29,Perito C,Barcelona,35,18,2527,3.9
Allianz,Si,2024-03-10,Perito A,Valencia,56,34,3620,4.0
AXA,Si,2025-02-11,Perito A,Málaga,22,30,6840,7.7
Linea Directa,Si,2024-11-01,Perito D,Zaragoza,50,24,501,1.2
Mutua,No,2024-12-30,Perito A,Sevilla,32,40,4476,5.5
AXA,Si,2024-05-17,Perito A,Zaragoza,35,43,806,2.6
AXA,Si,2024-08-27,Perito C,Zaragoza,40,19,3370,3.4
AXA,Si,2024-10-14,Perito B,Madrid,21,25,899,3.0
Allianz,Si,2025-02-13,Perito A,Valencia,46,43,5288,5.4
Mapfre,No,2024-05-31,Perito A,Madrid,57,29,1339,5.5
Generali,Si,2024-11-18,Perito D,Barcelona,45,20,390,2.6
Allianz,No,2024-03-16,Perito B,Valencia,57,29,2500,4.5
Generali,No,2025-01-27,Perito C,Zaragoza,44,34,1180,4.3
Generali,No,2025-05-06,Perito A,Sevilla,30,48,3175,3.8
Mutua,Si,2025-05-19,Perito B,Zaragoza,27,16,6302,4.6
AXA,No,2025-02-14,Perito B,Sevilla,27,30,1384,4.3
Mutua,Si,2024-01-24,Perito D,Madrid,52,33,3527,4.1
AXA,Si,2024-05-14,Perito C,Málaga,26,48,3594,3.9
Allianz,Si,2024-11-10,Perito B,Zaragoza,57,28,327,2.2
Generali,Si,2024-01-08,Perito C,Sevilla,40,38,2265,3.3
Mutua,Si,2024-06-11,Perito B,Madrid,27,42,2016,5.2
Linea Directa,Si,2025-03-09,Perito A,Málaga,40,46,6054,3.5
Allianz,Si,2025-06-16,Perito C,Valencia,39,24,6909,4.3
Allianz,Si,2024-08-26,Perito D,Sevilla,27,23,769,1.0
Linea Directa,No,2024-01-02,Perito B,Sevilla,50,38,5642,4.3
AXA,Si,2025-05-22,Perito A,Zaragoza,48,43,2095,3.7
Generali,No,2024-04-25,Perito B,Zaragoza,28,43,2933,2.3
AXA,Si,2024-11-19,Perito A,Madrid,34,37,4063,3.7
AXA,No,2024-03-10,Perito C,Sevilla,49,41,4921,5.9
Allianz,No,2024-07-15,Perito D,Madrid,45,45,7655,4.7
AXA,Si,2025-03-06,Perito A,Sevilla,29,21,4214,5.3
Mapfre,No,2025-01-22,Perito B,Madrid,48,18,3101,5.0
Linea Directa,Si,2024-11-18,Perito A,Sevilla,35,28,1886,3.1
Linea Directa,No,2024-02-03,Perito A,Valencia,55,24,3209,3.9
Generali,Si,2024-01-05,Perito D,Zaragoza,39,48,354,1.3
Linea Directa,No,2024-05-25,Perito C,Valencia,56,40,2737,4.1
AXA,No,2024-09-02,Perito A,Madrid,41,37,1609,4.8
AXA,Si,2024-06-15,Perito A,Valencia,26,23,4257,3.0
Mutua,No,2024-11-27,Perito B,Madrid,42,22,984,4.9
Generali,Si,2025-06-12,Perito B,Zaragoza,59,28,3375,4.4
Generali,Si,2024-04-28,Perito C,Madrid,48,21,7760,4.0
Linea Directa,No,2024-07-27,Perito C,Zaragoza,35,21,4541,6.7
AXA,No,2024-11-16,Perito C,Barcelona,57,23,7543,6.8
Mapfre,No,2024-05-26,Perito B,Valencia,47,17,7406,6.0
Mutua,Si,2024-05-11,Perito A,Barcelona,57,28,5796,6.9
Mapfre,Si,2024-01-04,Perito C,Zaragoza,50,31,6001,1.9
AXA,Si,2025-01-06,Perito B,Zaragoza,33,36,3006,1.4
Generali,Si,2024-01-11,Perito B,Barcelona,52,40,737,1.2
Generali,No,2024-01-04,Perito C,Zaragoza,28,42,6186,3.8
Mapfre,Si,2024-03-23,Perito B,Sevilla,46,28,2041,3.3
Allianz,Si,2024-11-13,Perito A,Madrid,43,23,5216,4.0
AXA,No,2024-09-04,Perito D,Málaga,32,40,2655,2.5
Generali,No,2024-08-23,Perito B,Barcelona,45,16,724,3.5
Linea Directa,No,2025-06-18,Perito B,Sevilla,48,25,7171,5.2
Allianz,Si,2025-03-09,Perito D,Valencia,47,31,5825,3.2
Generali,No,2025-06-22,Perito A,Málaga,47,48,3150,3.7
Linea Directa,No,2025-02-04,Perito C,Zaragoza,27,33,4331,3.4
Generali,Si,2024-06-01,Perito B,Madrid,42,32,4980,4.3
Allianz,Si,2025-03-11,Perito A,Sevilla,48,27,4315,3.9
Mapfre,Si,2024-10-18,Perito C,Málaga,24,19,2568,4.3
AXA,Si,2024-03-19,Perito A,Madrid,26,37,4047,3.8
Allianz,No,2024-04-16,Perito D,Madrid,55,38,6855,5.6
Allianz,Si,2024-11-22,Perito B,Málaga,46,43,4695,1.5
Generali,No,2024-07-28,Perito A,Sevilla,21,22,2901,5.6
Linea Directa,No,2025-02-01,Perito C,Zaragoza,44,40,1171,3.2
Allianz,Si,2024-11-18,Perito C,Málaga,28,29,6202,4.8
AXA,Si,2025-02-06,Perito C,Barcelona,46,15,6814,6.5
Mapfre,Si,2025-04-10,Perito D,Madrid,20,42,1366,3.4
Linea Directa,Si,2025-01-02,Perito A,Valencia,42,28,5411,4.4
Mapfre,No,2025-04-29,Perito A,Zaragoza,29,48,7721,4.1
Mapfre,Si,2024-09-13,Perito C,Málaga,44,45,5129,3.5
AXA,Si,2025-02-07,Perito C,Málaga,22,20,6119,3.0
Generali,No,2025-02-05,Perito C,Madrid,25,19,2974,3.9
Linea Directa,No,2024-02-17,Perito D,Madrid,25,45,2182,2.3
Linea Directa,No,2025-03-22,Perito D,Málaga,21,29,1053,2.6
AXA,Si,2024-10-01,Perito B,Valencia,37,29,4346,2.6
Linea Directa,No,2025-04-29,Perito B,Madrid,42,19,3936,4.5
Allianz,No,2025-05-13,Perito B,Madrid,21,42,3969,4.3
Mutua,No,2024-11-07,Perito C,Barcelona,31,47,774,5.6
Mutua,Si,2024-06-22,Perito D,Sevilla,41,25,3461,1.6
Mutua,No,2024-11-25,Perito D,Barcelona,56,20,1348,3.5
Mapfre,Si,2024-09-08,Perito B,Valencia,39,37,6493,4.0
Linea Directa,No,2024-09-24,Perito C,Sevilla,58,16,6657,5.0
AXA,No,2024-09-02,Perito A,Málaga,43,29,6913,7.5
Linea Directa,No,2025-02-06,Perito C,Valencia,39,37,7709,3.5
AXA,No,2025-03-04,Perito C,Valencia,20,36,6648,5.4
Linea Directa,No,2025-03-08,Perito B,Barcelona,20,23,1915,5.5
Mapfre,No,2024-08-22,Perito D,Sevilla,36,44,4977,4.4
Allianz,Si,2024-08-08,Perito D,Valencia,20,30,5133,5.4
Mutua,Si,2025-06-03,Perito A,Sevilla,49,44,4054,5.2
Mutua,Si,2024-10-20,Perito D,Zaragoza,22,23,5373,2.6
Linea Directa,No,2024-03-08,Perito D,Málaga,30,15,7346,4.7
Mapfre,Si,2024-02-01,Perito A,Sevilla,43,22,2691,4.2
Mutua,No,2025-04-29,Perito A,Barcelona,41,32,2860,5.3
Linea Directa,Si,2025-04-15,Perito B,Barcelona,45,41,7336,5.3
Generali,No,2025-03-18,Perito B,Valencia,32,32,6607,7.2
Linea Directa,Si,2024-02-17,Perito B,Sevilla,20,46,3324,4.1
AXA,No,2025-03-20,Perito B,Barcelona,43,46,5891,8.0
Mutua,No,2024-11-23,Perito D,Madrid,29,35,3251,4.5
Mutua,Si,2024-12-02,Perito B,Barcelona,54,46,7987,5.8
Generali,No,2024-09-08,Perito C,Málaga,43,45,204,3.4
Allianz,Si,2024-07-21,Perito A,Madrid,47,30,5422,6.0
Linea Directa,Si,2025-03-11,Perito B,Sevilla,55,28,5515,3.5
Allianz,Si,2024-03-03,Perito A,Zaragoza,35,38,5069,3.3
Linea Directa,Si,2024-03-03,Perito D,Valencia,59,39,1076,1.0
Generali,No,2024-03-24,Perito B,Madrid,35,49,1191,4.3
Allianz,Si,2025-05-12,Perito C,Barcelona,36,31,7227,3.8
Mapfre,No,2024-09-21,Perito A,Valencia,34,18,7717,6.4
Generali,No,2025-01-30,Perito B,Zaragoza,35,25,4342,2.2
Linea Directa,No,2025-01-22,Perito C,Zaragoza,34,29,7210,3.8
AXA,Si,2024-04-15,Perito D,Valencia,53,44,7166,5.1
AXA,No,2024-07-18,Perito C,Valencia,30,38,7279,5.5
AXA,No,2024-12-04,Perito D,Valencia,20,16,6999,5.3
Linea Directa,Si,2025-04-11,Perito A,Sevilla,34,48,4564,4.3
Mutua,No,2025-02-06,Perito B,Sevilla,45,37,4665,6.5
Generali,No,2024-05-02,Perito C,Sevilla,23,45,835,4.5
Generali,No,2024-12-30,Perito C,Barcelona,24,27,5425,7.5
Allianz,No,2024-12-30,Perito C,Sevilla,54,47,1893,3.1
Generali,No,2024-11-17,Perito D,Valencia,32,21,1882,3.0
Generali,Si,2024-10-03,Perito A,Madrid,29,46,4952,3.7
Allianz,Si,2024-01-30,Perito A,Madrid,30,21,319,4.5
Generali,Si,2024-02-12,Perito B,Zaragoza,37,27,1030,3.1
Generali,Si,2025-01-18,Perito B,Madrid,53,38,6106,4.3
Mapfre,Si,2024-08-28,Perito A,Madrid,58,42,3875,4.2
Linea Directa,No,2024-06-28,Perito A,Madrid,42,46,5377,6.7
Allianz,Si,2024-02-08,Perito A,Zaragoza,26,32,6270,4.4
Mapfre,No,2024-12-27,Perito C,Málaga,58,48,1569,2.8
Mutua,No,2025-06-19,Perito D,Madrid,22,48,940,3.4
Allianz,Si,2025-03-19,Perito A,Madrid,31,15,7841,5.7
Linea Directa,Si,2025-01-18,Perito B,Madrid,26,45,316,3.5
Generali,No,2024-01-10,Perito D,Zaragoza,45,15,6149,4.3
Generali,No,2024-10-09,Perito C,Barcelona,52,30,3038,2.1
Mapfre,Si,2024-03-27,Perito D,Málaga,56,29,1350,1.9
Mapfre,Si,2025-06-03,Perito A,Madrid,34,47,7760,5.4
Mutua,No,2024-05-03,Perito D,Zaragoza,21,37,2131,3.9
Mutua,No,2025-06-24,Perito B,Zaragoza,26,48,1212,3.6
Linea Directa,Si,2024-11-21,Perito D,Sevilla,51,31,1864,1.4
Generali,Si,2024-08-08,Perito A,Barcelona,23,39,1281,3.3
AXA,Si,2025-03-07,Perito D,Zaragoza,39,20,4929,3.3
Mutua,No,2025-06-05,Perito D,Zaragoza,55,45,712,2.7
Generali,No,2025-02-06,Perito D,Málaga,51,19,3049,3.2
Mutua,No,2024-06-05,Perito B,Sevilla,47,44,5415,4.7
Allianz,No,2024-10-14,Perito D,Sevilla,32,19,5437,4.7
Mapfre,Si,2024-02-02,Perito D,Barcelona,20,26,759,1.1
Generali,Si,2025-02-15,Perito C,Zaragoza,54,21,3872,4.7
Mutua,No,2025-02-20,Perito D,Sevilla,49,27,4783,3.6
Mapfre,No,2024-08-21,Perito D,Valencia,55,18,7604,6.2
AXA,Si,2024-08-03,Perito C,Barcelona,44,17,5192,6.8
Mutua,No,2025-04-06,Perito B,Barcelona,35,26,3543,5.7
Generali,Si,2024-06-29,Perito B,Valencia,38,15,5508,1.9
Allianz,Si,2025-03-22,Perito C,Barcelona,20,41,4270,3.3
Mapfre,No,2024-05-10,Perito C,Sevilla,24,27,4999,5.1
Mapfre,No,2024-02-16,Perito D,Sevilla,41,31,1670,2.4
Allianz,Si,2024-06-07,Perito B,Sevilla,43,22,780,3.7
Generali,Si,2024-06-10,Perito B,Valencia,56,46,7133,3.6
Linea Directa,No,2024-04-08,Perito D,Sevilla,55,34,7204,5.5
AXA,No,2024-03-24,Perito A,Valencia,55,31,2494,4.2
Linea Directa,No,2024-08-26,Perito D,Valencia,23,48,3347,3.7
Allianz,Si,2024-08-09,Perito A,Valencia,55,49,4449,4.6
AXA,No,2024-03-11,Perito D,Barcelona,37,49,1879,1.0
Generali,Si,2025-01-03,Perito C,Málaga,35,38,3706,3.2
Mutua,Si,2024-03-26,Perito D,Zaragoza,37,32,5292,4.2
Mutua,No,2024-03-17,Perito C,Valencia,41,47,7453,4.3
Linea Directa,Si,2024-02-09,Perito A,Sevilla,21,37,2944,4.1
Generali,No,2025-03-14,Perito A,Valencia,40,39,3556,4.5
AXA,No,2025-04-21,Perito C,Zaragoza,55,41,4245,3.8
Linea Directa,No,2025-06-14,Perito C,Madrid,58,15,1443,4.2
Allianz,No,2024-10-19,Perito B,Barcelona,58,35,5388,7.2
Linea Directa,No,2024-05-21,Perito B,Sevilla,48,24,3318,4.3
Generali,Si,2024-05-28,Perito D,Barcelona,45,45,5304,3.0
Generali,No,2024-05-08,Perito C,Barcelona,40,39,2341,5.1
Mutua,Si,2025-03-10,Perito A,Madrid,36,34,6069,5.6
Allianz,No,2024-02-24,Perito B,Valencia,35,16,5253,5.9
Mutua,No,2024-09-17,Perito C,Sevilla,50,29,3259,4.0
AXA,No,2024-11-22,Perito A,Málaga,28,42,4748,6.1
AXA,No,2025-03-31,Perito A,Barcelona,50,27,5523,6.4
Mapfre,Si,2024-01-19,Perito C,Zaragoza,33,28,3159,3.5
Generali,No,2024-04-09,Perito D,Málaga,56,16,2465,2.6
Allianz,No,2025-03-21,Perito B,Málaga,21,48,6817,5.8
Allianz,No,2024-03-20,Perito B,Valencia,33,49,2679,5.9
Mutua,Si,2024-04-10,Perito C,Málaga,52,39,6684,5.9
Linea Directa,No,2024-06-26,Perito D,Sevilla,54,29,4846,3.0
Linea Directa,Si,2024-07-10,Perito A,Valencia,58,26,1835,1.4
Mutua,No,2024-02-01,Perito D,Zaragoza,39,23,5608,4.7
Linea Directa,No,2024-08-16,Perito B,Málaga,21,45,7621,5.3
Allianz,No,2024-12-19,Perito C,Valencia,38,28,1957,2.8
Mutua,No,2024-07-12,Perito B,Sevilla,56,43,4652,6.7
Linea Directa,No,2024-05-15,Perito C,Barcelona,37,22,2270,7.8
Mapfre,No,2025-04-20,Perito D,Madrid,35,17,6081,3.7
Generali,No,2024-11-17,Perito B,Valencia,23,16,6865,4.5
Mapfre,Si,2025-06-14,Perito D,Zaragoza,31,30,6077,2.2
Linea Directa,No,2025-01-16,Perito B,Madrid,48,33,7467,5.7
AXA,No,2025-04-23,Perito D,Barcelona,26,44,3049,5.6
Allianz,Si,2025-03-04,Perito B,Zaragoza,33,30,3451,3.4
Mapfre,No,2025-04-09,Perito C,Sevilla,31,45,7590,6.4
Mapfre,No,2025-06-03,Perito D,Zaragoza,54,42,7105,6.2
Mutua,Si,2024-04-06,Perito D,Barcelona,24,18,3930,4.1
Mutua,No,2024-08-04,Perito C,Madrid,36,24,2689,4.0
Mutua,No,2025-01-07,Perito A,Sevilla,51,32,1831,4.6
Linea Directa,Si,2024-05-05,Perito B,Zaragoza,29,46,3016,2.9
AXA,Si,2024-07-05,Perito B,Málaga,36,44,1215,2.2
Mapfre,No,2024-03-24,Perito C,Málaga,24,23,1548,2.7
Generali,Si,2024-10-09,Perito B,Valencia,28,43,4811,4.6
Mutua,Si,2024-03-01,Perito D,Málaga,52,30,3287,3.1
AXA,Si,2024-04-09,Perito D,Zaragoza,55,42,3039,3.4
Linea Directa,No,2024-10-15,Perito C,Madrid,55,35,535,3.2
AXA,No,2025-01-11,Perito D,Málaga,37,16,6078,5.6
Mutua,Si,2024-07-19,Perito A,Valencia,28,49,6601,5.0
Allianz,Si,2025-06-17,Perito B,Sevilla,48,42,4792,4.5
Mapfre,Si,2024-08-04,Perito C,Málaga,33,45,1095,1.6
Mutua,Si,2025-02-01,Perito C,Valencia,44,47,6503,4.3
Generali,No,2024-07-20,Perito B,Málaga,34,37,3746,5.4
Mapfre,No,2025-01-18,Perito A,Málaga,25,31,1051,4.4
AXA,No,2024-12-11,Perito C,Zaragoza,48,15,1887,3.5
Generali,No,2024-01-13,Perito B,Madrid,34,37,2131,5.3
Mapfre,Si,2024-12-02,Perito A,Valencia,48,41,7033,3.9
Generali,No,2025-04-20,Perito C,Valencia,23,39,3946,5.0
AXA,Si,2024-03-27,Perito A,Barcelona,37,46,2627,5.3
Mutua,Si,2024-04-10,Perito C,Barcelona,58,33,1768,4.0
Generali,Si,2024-11-11,Perito B,Valencia,35,38,4200,3.3
Mutua,Si,2025-06-17,Perito B,Zaragoza,30,17,5252,4.1
AXA,No,2025-02-12,Perito B,Madrid,33,26,2938,4.9
AXA,Si,2024-02-23,Perito A,Málaga,22,49,3698,3.6
Generali,Si,2024-06-20,Perito D,Sevilla,57,29,5932,4.2
Generali,Si,2024-11-24,Perito A,Zaragoza,37,31,5587,5.9
AXA,Si,2024-09-08,Perito B,Málaga,39,46,7944,4.8
Generali,No,2024-06-18,Perito C,Sevilla,44,21,5736,4.4
Generali,Si,2025-03-21,Perito D,Madrid,57,33,5487,3.4
Generali,No,2024-09-27,Perito A,Barcelona,32,21,4113,5.2
Linea Directa,Si,2024-05-02,Perito A,Valencia,23,19,1266,5.1
Generali,No,2024-03-11,Perito C,Madrid,33,35,7923,8.3
Mapfre,Si,2024-06-19,Perito C,Sevilla,52,21,4580,4.5
AXA,Si,2025-04-23,Perito B,Zaragoza,47,37,2644,4.2
AXA,No,2024-05-13,Perito A,Valencia,56,25,4307,4.4
Allianz,No,2024-08-31,Perito C,Sevilla,27,24,5926,6.0
Mutua,No,2025-03-27,Perito C,Málaga,53,35,3573,5.3
Allianz,Si,2024-03-27,Perito D,Málaga,24,47,4169,2.8
Generali,No,2024-02-19,Perito B,Zaragoza,24,34,7620,4.4
Generali,No,2024-09-25,Perito B,Málaga,50,47,2746,2.5
Mapfre,Si,2024-01-09,Perito A,Valencia,28,49,953,3.2
Mapfre,No,2024-05-06,Perito C,Barcelona,51,48,2282,4.3
Mapfre,Si,2025-05-27,Perito B,Barcelona,52,41,2974,4.3
Mapfre,Si,2024-05-22,Perito A,Sevilla,22,33,3096,3.3
Mapfre,No,2025-04-26,Perito B,Barcelona,49,19,4385,4.4
Mapfre,Si,2024-07-21,Perito A,Barcelona,31,43,975,5.6
Mapfre,Si,2024-05-10,Perito C,Sevilla,48,24,6948,3.3
Mapfre,Si,2025-01-17,Perito B,Sevilla,22,27,7313,3.8
Linea Directa,Si,2024-12-16,Perito A,Sevilla,45,43,1825,3.1
Mapfre,No,2024-11-09,Perito A,Valencia,49,19,3269,4.7
AXA,No,2024-07-07,Perito C,Sevilla,28,26,617,1.6
Mapfre,Si,2025-02-06,Perito B,Valencia,45,27,314,2.9
Mutua,No,2025-03-04,Perito A,Valencia,21,36,816,4.4
Mapfre,Si,2025-04-24,Perito A,Valencia,22,29,4174,6.1
Linea Directa,No,2024-11-26,Perito A,Sevilla,23,27,3467,4.9
Generali,No,2024-01-28,Perito A,Barcelona,44,15,1025,4.7
Linea Directa,Si,2025-02-13,Perito B,Zaragoza,32,15,7868,3.7
Linea Directa,Si,2024-01-25,Perito D,Zaragoza,58,25,5945,2.2
Generali,Si,2024-10-14,Perito B,Barcelona,54,36,1716,3.4
Mapfre,Si,2024-06-11,Perito A,Sevilla,42,49,3346,2.3
Mapfre,No,2024-03-02,Perito B,Barcelona,28,20,612,5.0
Generali,Si,2024-12-18,Perito B,Sevilla,21,42,7743,4.2
Mutua,No,2024-02-21,Perito C,Valencia,50,45,7787,6.8
Allianz,No,2024-10-19,Perito C,Málaga,21,22,928,3.6
AXA,Si,2025-03-16,Perito A,Madrid,51,19,3548,5.0
Generali,No,2025-01-29,Perito D,Zaragoza,37,31,7364,4.0
Mapfre,Si,2024-01-17,Perito C,Sevilla,32,23,3008,3.6
AXA,Si,2025-03-17,Perito B,Valencia,24,24,875,2.7
Mapfre,No,2025-05-06,Perito A,Málaga,29,34,3665,2.8
Allianz,Si,2025-02-27,Perito D,Valencia,44,28,6188,4.8
Allianz,Si,2024-07-24,Perito C,Madrid,53,28,2704,4.8
Generali,Si,2024-02-05,Perito A,Zaragoza,56,40,3167,2.8
AXA,No,2024-02-15,Perito D,Barcelona,49,43,6535,6.6
Linea Directa,No,2024-11-23,Perito A,Barcelona,26,41,2986,5.1
AXA,Si,2024-11-21,Perito D,Valencia,25,39,1322,1.3
Linea Directa,Si,2024-07-26,Perito C,Madrid,22,30,4279,4.8
Allianz,No,2024-05-27,Perito B,Valencia,32,48,1771,4.6
Mapfre,No,2024-11-16,Perito B,Barcelona,22,30,5273,7.3
Linea Directa,Si,2025-05-23,Perito C,Valencia,45,47,5304,5.5
Linea Directa,No,2024-02-06,Perito C,Málaga,43,17,2343,2.2
Generali,Si,2025-05-22,Perito C,Madrid,25,37,1887,1.9
Mutua,Si,2025-05-25,Perito D,Barcelona,31,25,7006,4.4
Allianz,Si,2024-02-10,Perito D,Zaragoza,55,32,7557,3.1
Linea Directa,No,2024-05-20,Perito D,Zaragoza,21,43,4332,6.4
Allianz,No,2024-07-31,Perito D,Valencia,30,19,4051,4.1
Generali,No,2024-01-26,Perito D,Madrid,58,38,3640,4.5
Mapfre,Si,2025-01-19,Perito D,Valencia,53,43,3966,2.3
AXA,No,2024-04-14,Perito D,Barcelona,45,43,5844,5.6
Allianz,No,2024-07-26,Perito C,Madrid,37,40,2526,2.7
Generali,Si,2024-07-25,Perito D,Barcelona,40,17,6560,5.6
Generali,No,2024-10-24,Perito A,Málaga,55,16,3114,5.9
Generali,Si,2025-03-03,Perito D,Málaga,59,39,5168,1.5
AXA,Si,2024-10-25,Perito B,Zaragoza,41,33,6117,4.6
Allianz,No,2025-03-31,Perito B,Sevilla,49,16,5592,5.3
Linea Directa,No,2024-09-16,Perito C,Madrid,49,33,4152,5.9
Generali,Si,2024-09-05,Perito B,Málaga,27,15,6405,4.7
AXA,No,2024-06-04,Perito B,Sevilla,53,41,795,2.2
Mapfre,No,2024-03-02,Perito B,Zaragoza,28,49,6199,4.9
Mutua,No,2024-04-14,Perito C,Madrid,39,19,928,5.2
Allianz,Si,2024-05-28,Perito C,Barcelona,59,18,1565,1.8
AXA,Si,2025-03-18,Perito D,Valencia,44,31,4692,3.2
Mutua,No,2024-10-27,Perito B,Valencia,38,35,898,3.9
Mutua,Si,2024-06-26,Perito D,Barcelona,24,45,7386,4.6
AXA,No,2024-08-10,Perito C,Málaga,30,36,6520,5.6
Linea Directa,No,2024-11-05,Perito D,Valencia,34,25,5931,4.5
Linea Directa,No,2024-09-15,Perito D,Barcelona,27,48,595,3.5
AXA,No,2025-02-02,Perito B,Sevilla,38,29,6788,4.8
AXA,Si,2024-06-02,Perito C,Sevilla,42,24,7600,5.8
Generali,No,2025-06-18,Perito B,Barcelona,46,46,4371,5.3
Mapfre,Si,2025-05-27,Perito D,Madrid,59,45,4560,3.2
Linea Directa,Si,2024-09-09,Perito C,Málaga,51,42,2702,1.6
Generali,No,2024-12-31,Perito D,Málaga,45,45,2019,1.7
Mutua,No,2025-03-14,Perito D,Barcelona,46,20,917,2.4
Mutua,Si,2025-03-10,Perito B,Valencia,38,28,2982,2.5
Mutua,No,2024-08-14,Perito C,Zaragoza,48,37,7751,5.5
AXA,No,2024-06-30,Perito C,Málaga,58,30,7931,5.3
Allianz,Si,2024-11-16,Perito B,Málaga,52,39,5146,2.9
Generali,Si,2025-03-15,Perito A,Sevilla,38,16,3777,3.2
Allianz,Si,2024-08-07,Perito B,Sevilla,56,48,5686,4.6
Mapfre,No,2025-05-19,Perito B,Sevilla,38,39,343,4.1
Mapfre,No,2024-07-03,Perito A,Zaragoza,52,30,5180,6.9
Generali,Si,2024-07-05,Perito C,Málaga,35,32,3340,3.2
Mutua,Si,2025-04-05,Perito A,Málaga,42,27,7466,6.3
Linea Directa,No,2025-03-22,Perito D,Zaragoza,26,41,4691,4.2
Mapfre,Si,2024-07-10,Perito D,Málaga,45,48,7392,5.4
Allianz,Si,2025-06-23,Perito B,Valencia,51,25,7291,5.0
Allianz,No,2024-04-30,Perito D,Valencia,31,15,3138,3.6
Linea Directa,Si,2024-01-08,Perito A,Valencia,27,27,5788,2.4
AXA,No,2024-04-25,Perito D,Madrid,24,44,7851,6.0
Mutua,Si,2024-11-18,Perito C,Málaga,47,19,3836,2.5
AXA,No,2025-01-18,Perito B,Zaragoza,24,32,3422,3.8
Generali,No,2024-08-26,Perito B,Málaga,45,28,1367,4.7
Mapfre,Si,2024-02-10,Perito C,Zaragoza,24,27,2816,3.4
Linea Directa,Si,2024-07-26,Perito C,Barcelona,41,46,1262,4.4
Linea Directa,Si,2025-02-14,Perito B,Barcelona,34,21,2356,4.4
Linea Directa,No,2024-11-14,Perito C,Madrid,32,22,5361,4.8
AXA,Si,2024-04-18,Perito D,Barcelona,47,21,5505,6.3
AXA,No,2025-02-05,Perito D,Valencia,52,30,3182,3.4
Generali,Si,2024-07-29,Perito D,Madrid,42,45,6741,5.8
Allianz,No,2025-01-26,Perito D,Madrid,52,41,3494,6.3
Allianz,Si,2025-04-20,Perito A,Madrid,37,47,4929,3.8
Generali,No,2024-09-14,Perito A,Sevilla,49,43,1356,3.9
Linea Directa,No,2024-03-03,Perito A,Barcelona,45,22,7530,7.7
Allianz,No,2024-08-31,Perito A,Málaga,35,47,5534,5.1
Generali,No,2024-04-11,Perito D,Sevilla,32,33,932,5.5
Allianz,No,2024-02-12,Perito D,Zaragoza,58,35,4530,4.3
Generali,No,2025-02-05,Perito C,Valencia,52,35,7001,6.0
Allianz,Si,2024-07-22,Perito A,Sevilla,45,39,5046,6.0
Linea Directa,No,2024-11-24,Perito A,Valencia,20,37,6931,4.4
AXA,Si,2025-03-23,Perito B,Málaga,57,25,7376,4.0
AXA,Si,2024-08-29,Perito C,Málaga,21,47,7441,3.5
Linea Directa,Si,2024-08-15,Perito D,Barcelona,25,34,1153,3.3
Allianz,Si,2024-03-30,Perito C,Zaragoza,57,39,2739,4.5
Linea Directa,Si,2025-05-24,Perito C,Sevilla,43,40,7256,3.4
Generali,Si,2024-12-14,Perito B,Málaga,37,26,3524,1.8
AXA,Si,2024-05-10,Perito B,Valencia,46,46,3501,3.3
Mapfre,No,2024-08-02,Perito C,Málaga,27,47,1742,4.9
Allianz,Si,2024-11-04,Perito A,Barcelona,47,24,5493,4.5
Mapfre,Si,2024-08-11,Perito D,Valencia,29,18,5972,2.5
Mapfre,No,2024-07-24,Perito B,Madrid,36,29,1391,6.0
Mutua,No,2025-01-21,Perito B,Zaragoza,48,20,6513,5.0
Mapfre,Si,2024-03-29,Perito D,Barcelona,25,41,5712,5.0
Mapfre,No,2024-03-19,Perito B,Barcelona,33,19,3193,6.4
Linea Directa,Si,2024-11-18,Perito C,Madrid,41,19,7138,5.9
Mutua,No,2024-08-16,Perito D,Zaragoza,25,32,2881,3.5
Mutua,Si,2024-02-13,Perito A,Málaga,45,42,1417,2.0
Mutua,No,2025-05-10,Perito B,Barcelona,58,49,1740,4.0
Generali,Si,2024-06-11,Perito B,Madrid,31,36,6372,5.5
Mutua,No,2025-01-25,Perito C,Zaragoza,54,48,3436,5.4
Linea Directa,Si,2024-02-21,Perito A,Madrid,33,18,5741,4.9
Generali,No,2025-02-17,Perito B,Zaragoza,41,32,2586,3.3
Allianz,No,2025-01-12,Perito D,Barcelona,42,40,3919,5.3
Generali,No,2024-12-07,Perito D,Sevilla,26,36,5815,3.7
Allianz,No,2024-12-17,Perito C,Barcelona,59,47,1588,5.0
Mutua,No,2025-02-06,Perito C,Zaragoza,44,28,2056,2.8
Mutua,Si,2024-08-14,Perito B,Sevilla,32,45,1565,2.8
Allianz,Si,2024-05-09,Perito C,Málaga,40,24,699,1.9
AXA,Si,2024-02-10,Perito D,Madrid,29,38,1880,3.2
Linea Directa,No,2024-11-05,Perito C,Valencia,28,35,710,4.0
Generali,No,2024-01-20,Perito D,Barcelona,34,22,7694,6.0
Linea Directa,No,2024-06-11,Perito B,Valencia,21,46,4512,4.9
Linea Directa,Si,2024-05-25,Perito D,Málaga,44,45,1524,1.3
Mapfre,Si,2025-05-09,Perito C,Barcelona,32,48,1355,2.9
Mutua,Si,2024-01-30,Perito D,Valencia,53,37,2027,1.1
Generali,No,2024-06-12,Perito D,Málaga,53,39,3341,3.6
Linea Directa,No,2025-05-16,Perito A,Sevilla,54,21,7619,6.3
Generali,No,2025-06-24,Perito A,Málaga,57,33,3686,5.1
Linea Directa,Si,2024-06-05,Perito B,Barcelona,22,21,2010,5.4
Mutua,No,2024-08-16,Perito D,Zaragoza,25,22,6788,5.2
Linea Directa,No,2025-02-05,Perito D,Zaragoza,38,28,3123,3.1
Allianz,No,2024-09-29,Perito D,Zaragoza,22,15,5501,6.7
Mutua,Si,2025-04-24,Perito A,Barcelona,37,27,2414,3.5
Generali,Si,2024-06-24,Perito D,Barcelona,58,17,4386,4.2
AXA,Si,2025-05-28,Perito A,Málaga,28,42,913,3.9
Linea Directa,No,2025-05-06,Perito B,Barcelona,31,29,6177,6.6
Allianz,No,2024-10-06,Perito D,Málaga,24,17,3802,1.7
Mutua,Si,2024-02-23,Perito D,Zaragoza,22,18,4334,3.6
Mapfre,No,2025-03-16,Perito C,Madrid,30,19,7493,5.9
Mutua,No,2024-01-26,Perito A,Madrid,49,40,3722,5.0
Generali,No,2024-07-23,Perito C,Madrid,23,39,4468,3.8
Generali,Si,2024-09-18,Perito B,Valencia,24,24,4948,3.8
Mapfre,Si,2025-01-31,Perito A,Madrid,20,22,5049,4.7
Allianz,Si,2024-09-18,Perito D,Madrid,46,26,1443,3.3
Generali,No,2025-01-15,Perito D,Málaga,47,17,3909,2.9
Allianz,Si,2024-06-29,Perito D,Málaga,48,41,1281,5.5
Allianz,Si,2025-04-24,Perito D,Zaragoza,37,37,5979,3.1
Mutua,Si,2024-09-05,Perito B,Barcelona,31,47,6819,6.4
Allianz,Si,2025-02-02,Perito D,Barcelona,32,28,655,3.9
Linea Directa,Si,2024-04-16,Perito D,Barcelona,21,37,5124,5.2
Generali,No,2025-02-20,Perito D,Zaragoza,56,45,1094,2.0
Generali,No,2024-03-10,Perito C,Málaga,35,27,1584,5.4
AXA,No,2024-04-15,Perito B,Málaga,43,26,2158,4.0
Allianz,No,2025-03-20,Perito A,Madrid,54,49,3272,6.0
AXA,No,2025-05-29,Perito B,Sevilla,41,32,6730,5.2
Mutua,No,2024-10-19,Perito B,Málaga,55,35,2196,3.7
AXA,Si,2024-12-15,Perito B,Zaragoza,30,15,6691,4.3
Allianz,No,2024-04-30,Perito D,Sevilla,48,23,4485,2.5
Generali,No,2024-11-09,Perito C,Málaga,54,37,704,3.5
Mutua,No,2024-01-27,Perito C,Zaragoza,34,28,1414,4.3
Allianz,No,2025-04-24,Perito C,Málaga,50,25,1731,3.0
Mutua,No,2024-01-17,Perito C,Valencia,35,21,3640,4.1
Mapfre,No,2024-09-15,Perito A,Sevilla,29,45,7776,4.4
Allianz,No,2024-04-21,Perito C,Valencia,51,38,1023,4.5
Mapfre,No,2024-08-25,Perito D,Madrid,21,40,1128,5.4
AXA,Si,2024-01-01,Perito D,Valencia,43,44,5229,3.5
Allianz,No,2024-05-23,Perito C,Valencia,42,48,5436,5.2
Mapfre,No,2025-05-10,Perito A,Zaragoza,21,19,333,3.9
Linea Directa,No,2024-03-01,Perito C,Madrid,57,19,2305,5.5
Generali,No,2024-09-24,Perito D,Sevilla,50,33,3827,4.0
AXA,No,2025-05-31,Perito D,Barcelona,59,42,4980,6.2
Allianz,Si,2024-02-11,Perito D,Málaga,45,40,7015,4.5
Allianz,Si,2024-12-24,Perito B,Zaragoza,48,37,6516,4.9
Generali,Si,2025-05-25,Perito D,Sevilla,22,44,2052,2.6
Generali,Si,2024-12-22,Perito C,Madrid,33,17,5110,5.4
Mapfre,Si,2024-05-02,Perito D,Valencia,44,42,5468,2.6
Mapfre,No,2025-05-09,Perito A,Barcelona,20,47,4375,4.0
Mapfre,Si,2024-03-09,Perito B,Valencia,22,17,3133,3.0
Mutua,Si,2024-02-12,Perito A,Málaga,45,19,3484,5.5
AXA,Si,2024-12-06,Perito D,Madrid,37,33,4498,4.7
Allianz,Si,2025-02-10,Perito B,Barcelona,28,15,3011,4.7
AXA,No,2024-09-26,Perito B,Sevilla,57,23,5548,3.8
Generali,No,2025-04-16,Perito B,Sevilla,42,19,5995,5.4
Linea Directa,Si,2024-08-09,Perito D,Madrid,40,48,1450,1.9
AXA,No,2024-08-11,Perito A,Madrid,20,47,5978,6.5
AXA,No,2024-03-16,Perito D,Zaragoza,40,39,5851,4.2
Mapfre,No,2024-03-20,Perito B,Valencia,46,43,3712,4.7
Generali,No,2024-10-10,Perito D,Barcelona,25,39,7769,6.1
AXA,Si,2025-04-28,Perito B,Málaga,55,23,6390,5.0
Allianz,No,2024-08-14,Perito B,Madrid,47,17,1456,5.5
Mapfre,No,2024-03-01,Perito B,Barcelona,36,29,3576,6.4
AXA,Si,2025-02-15,Perito D,Zaragoza,59,18,5845,6.5
Generali,Si,2025-03-25,Perito D,Madrid,22,34,5462,3.6
Linea Directa,No,2025-02-08,Perito B,Madrid,31,37,3686,4.8
Allianz,Si,2025-03-17,Perito C,Sevilla,58,22,3784,2.9
Linea Directa,Si,2024-03-08,Perito A,Barcelona,31,47,1596,2.1
Generali,Si,2024-10-19,Perito B,Sevilla,21,47,3837,3.6
Generali,Si,2024-03-05,Perito B,Zaragoza,41,21,3530,3.1
Generali,No,2024-09-16,Perito B,Sevilla,42,36,2903,5.1
Linea Directa,Si,2024-11-19,Perito B,Zaragoza,49,19,670,3.1
Mutua,No,2024-07-16,Perito B,Barcelona,24,29,7314,6.9
Allianz,Si,2025-01-03,Perito C,Zaragoza,28,35,5331,4.0
Generali,No,2024-02-19,Perito D,Zaragoza,40,39,1553,2.5
Mutua,Si,2025-04-13,Perito C,Sevilla,30,31,2983,3.2
Mapfre,Si,2024-09-12,Perito B,Valencia,24,21,3031,3.4
Mutua,Si,2024-02-22,Perito B,Málaga,54,33,5263,3.7
Mapfre,No,2025-01-12,Perito B,Málaga,46,21,557,3.2
Linea Directa,No,2025-01-02,Perito D,Valencia,21,38,3219,3.7
Mutua,Si,2025-05-06,Perito A,Madrid,43,25,7775,6.3
Linea Directa,Si,2024-11-28,Perito A,Sevilla,50,15,867,3.7
Generali,Si,2024-02-09,Perito C,Málaga,52,46,4668,1.0
Mutua,No,2024-03-29,Perito C,Barcelona,58,16,5327,6.1
Mutua,No,2025-02-25,Perito A,Zaragoza,49,29,1345,4.2
Generali,No,2024-07-14,Perito B,Zaragoza,56,35,5667,5.7
Mapfre,No,2025-04-04,Perito D,Madrid,47,38,7019,5.7
Generali,Si,2025-04-09,Perito C,Málaga,50,31,4385,1.4
Allianz,No,2024-11-09,Perito D,Sevilla,30,23,3919,2.0
Mutua,No,2024-02-07,Perito B,Málaga,42,49,2945,1.9
Allianz,Si,2024-11-14,Perito B,Sevilla,21,34,7683,5.6
Generali,Si,2024-11-20,Perito C,Madrid,59,33,7545,4.1
Linea Directa,No,2025-04-09,Perito A,Zaragoza,46,32,739,5.1
Generali,No,2024-03-08,Perito A,Valencia,54,34,2979,4.1
AXA,Si,2024-11-06,Perito A,Zaragoza,21,44,5164,4.0
Allianz,No,2024-09-12,Perito B,Sevilla,58,15,4336,6.2
AXA,Si,2025-03-27,Perito B,Sevilla,56,38,5035,4.0
Allianz,No,2025-01-05,Perito D,Madrid,40,38,3975,3.5
Linea Directa,No,2024-02-21,Perito D,Madrid,24,33,6242,5.7
AXA,No,2025-06-14,Perito D,Barcelona,40,44,6845,6.7
AXA,Si,2024-01-01,Perito B,Zaragoza,48,40,7302,3.9
Allianz,No,2024-03-17,Perito A,Zaragoza,39,43,7512,7.8
Generali,Si,2024-03-28,Perito B,Madrid,57,27,5520,3.6
Mapfre,Si,2025-05-09,Perito D,Málaga,39,18,5224,1.1
Generali,No,2025-06-20,Perito D,Sevilla,44,31,6332,6.4
Mapfre,No,2025-03-01,Perito D,Valencia,21,47,2708,2.6
Allianz,No,2024-08-29,Perito D,Madrid,51,19,2979,3.5
Mutua,Si,2024-04-26,Perito C,Sevilla,45,42,7095,3.9
Generali,No,2024-11-13,Perito D,Valencia,25,38,1124,1.9
AXA,Si,2024-10-12,Perito B,Barcelona,22,31,3156,5.0
Generali,Si,2025-01-07,Perito C,Málaga,52,25,1781,2.1
Allianz,No,2024-02-25,Perito A,Barcelona,20,26,7914,5.9
Mutua,No,2025-03-25,Perito B,Madrid,24,27,3524,4.9
Mutua,No,2024-05-14,Perito B,Málaga,32,22,4685,3.7
Generali,No,2024-05-21,Perito A,Barcelona,38,15,5913,6.4
Generali,Si,2025-04-03,Perito B,Sevilla,31,23,7226,3.5
Linea Directa,No,2024-08-08,Perito C,Madrid,44,42,455,4.0
Generali,Si,2025-03-07,Perito A,Zaragoza,54,16,5004,4.0
Allianz,No,2025-05-01,Perito C,Barcelona,31,28,2038,6.5
Mapfre,Si,2024-08-13,Perito D,Málaga,49,27,2144,3.4
Linea Directa,Si,2024-09-24,Perito A,Málaga,24,16,6793,4.9
Mapfre,Si,2024-12-03,Perito C,Zaragoza,53,18,209,1.8
AXA,Si,2025-05-20,Perito D,Valencia,41,26,3071,2.2
Allianz,No,2025-04-24,Perito C,Málaga,58,24,997,3.5
Linea Directa,No,2025-04-22,Perito C,Málaga,32,17,7609,4.7
Mutua,No,2024-09-21,Perito B,Madrid,22,18,7618,6.2
Linea Directa,No,2025-02-28,Perito D,Málaga,39,20,5172,4.0
AXA,Si,2025-05-27,Perito B,Valencia,50,37,5324,3.8
Mutua,No,2024-02-22,Perito D,Málaga,24,19,7486,5.2
Linea Directa,Si,2024-06-12,Perito D,Valencia,43,17,1215,2.6
Mutua,Si,2025-03-25,Perito B,Sevilla,59,24,2024,3.6
Generali,Si,2024-01-18,Perito B,Valencia,52,33,4669,4.1
Mutua,Si,2025-01-15,Perito B,Madrid,27,28,3336,5.9
Linea Directa,Si,2025-03-26,Perito D,Barcelona,43,35,2393,4.0
Mutua,Si,2024-07-02,Perito D,Zaragoza,39,42,423,1.6
Allianz,Si,2024-07-24,Perito D,Barcelona,35,35,5558,4.3
Generali,Si,2024-07-14,Perito D,Sevilla,31,38,6520,4.6
Generali,Si,2025-02-25,Perito D,Madrid,32,31,6098,4.3
AXA,Si,2025-01-13,Perito D,Sevilla,58,36,5148,3.6
Generali,Si,2024-03-19,Perito C,Sevilla,44,33,7649,5.1
Mapfre,No,2025-02-18,Perito B,Málaga,51,24,4358,2.0
Allianz,Si,2024-03-12,Perito D,Málaga,43,25,5536,1.9
AXA,No,2024-03-11,Perito C,Madrid,28,16,4125,6.2
Mapfre,Si,2024-08-21,Perito A,Barcelona,59,47,7170,6.3
Mutua,Si,2024-11-28,Perito C,Valencia,42,45,7138,1.6
Mapfre,Si,2025-05-11,Perito B,Málaga,32,49,4984,1.0
AXA,Si,2024-07-20,Perito A,Madrid,51,37,5780,6.9
Generali,Si,2025-06-05,Perito D,Madrid,34,40,4200,4.5
Allianz,No,2025-01-26,Perito B,Barcelona,55,39,1833,6.0
AXA,No,2024-06-28,Perito A,Madrid,24,31,2352,4.3
Mapfre,Si,2025-05-01,Perito C,Zaragoza,41,29,7466,3.9
Mapfre,Si,2025-05-16,Perito A,Madrid,35,18,710,5.6
AXA,Si,2024-01-11,Perito B,Barcelona,29,36,584,3.6
Linea Directa,No,2024-04-14,Perito A,Málaga,43,31,604,3.8
Linea Directa,No,2024-12-10,Perito C,Barcelona,37,36,7166,6.2
AXA,Si,2024-10-05,Perito A,Sevilla,37,31,4813,2.4
Linea Directa,Si,2024-02-24,Perito C,Málaga,26,28,4771,4.7
AXA,Si,2024-10-20,Perito A,Sevilla,23,28,2200,1.3
Generali,No,2025-04-23,Perito C,Madrid,45,31,2956,5.6
AXA,Si,2024-07-13,Perito C,Sevilla,24,22,1868,2.7
Mutua,Si,2024-05-01,Perito C,Barcelona,35,48,6189,5.4
Allianz,Si,2024-10-03,Perito D,Barcelona,54,40,7114,4.3
Allianz,No,2024-05-27,Perito C,Valencia,45,44,1660,5.0
Mutua,Si,2024-08-26,Perito B,Zaragoza,37,36,7390,3.9
Mapfre,Si,2025-05-24,Perito C,Madrid,48,30,7340,5.4
Mapfre,Si,2024-08-09,Perito D,Barcelona,42,44,3836,3.8
Mapfre,No,2024-01-07,Perito D,Málaga,33,30,2924,3.1
Mapfre,No,2024-07-26,Perito B,Barcelona,34,38,5009,6.1
Generali,Si,2024-10-08,Perito C,Málaga,52,49,7825,5.3
Mutua,No,2024-12-26,Perito D,Madrid,44,20,4378,4.8
Allianz,Si,2025-06-23,Perito D,Zaragoza,40,18,5464,3.9
Mutua,No,2024-02-03,Perito A,Valencia,36,32,7452,6.6
Allianz,Si,2025-04-12,Perito A,Valencia,42,20,7445,5.4
Mapfre,Si,2024-04-02,Perito B,Sevilla,36,40,6800,5.8
Generali,Si,2024-12-10,Perito A,Barcelona,33,41,6197,7.2
AXA,No,2025-06-11,Perito C,Madrid,48,25,2248,4.4
AXA,No,2025-05-13,Perito A,Sevilla,39,30,4346,4.6
Linea Directa,No,2024-03-23,Perito D,Madrid,49,33,4980,5.9
Mapfre,Si,2024-08-31,Perito B,Madrid,38,29,916,3.2
Mapfre,No,2025-04-05,Perito A,Sevilla,58,40,5765,5.7
Mutua,Si,2024-11-06,Perito B,Madrid,32,45,4744,3.4
Generali,No,2025-02-15,Perito C,Sevilla,37,33,5176,4.5
Generali,Si,2025-04-11,Perito C,Zaragoza,42,38,4783,3.7
Mutua,Si,2024-03-03,Perito A,Barcelona,52,23,2023,3.3
Generali,Si,2024-03-22,Perito A,Sevilla,58,37,2281,1.6
Generali,Si,2024-07-24,Perito A,Barcelona,59,18,3619,6.0
AXA,No,2025-04-09,Perito D,Valencia,37,24,6438,3.1
Generali,Si,2025-01-03,Perito C,Sevilla,28,23,7439,6.0
Mapfre,No,2024-05-03,Perito D,Zaragoza,52,33,1774,4.2
AXA,Si,2024-03-18,Perito A,Valencia,51,29,6497,5.0
Mapfre,Si,2025-06-17,Perito C,Sevilla,36,48,449,2.6
Mapfre,Si,2024-06-12,Perito D,Madrid,38,33,873,3.5
Mutua,No,2025-03-14,Perito D,Valencia,46,35,4733,3.7
Linea Directa,Si,2025-04-01,Perito B,Málaga,25,48,2365,2.4
Generali,Si,2024-08-30,Perito D,Málaga,54,31,970,1.6
Generali,Si,2024-04-08,Perito A,Málaga,56,32,4162,4.2
Generali,Si,2025-03-29,Perito A,Valencia,53,31,7673,4.4
Generali,No,2024-11-14,Perito D,Barcelona,39,16,4563,4.5
AXA,Si,2024-10-10,Perito B,Sevilla,44,15,2184,4.7
Allianz,Si,2024-08-10,Perito B,Madrid,23,24,1277,3.7
Mapfre,Si,2024-06-29,Perito B,Madrid,29,19,435,2.0
Linea Directa,No,2024-03-03,Perito D,Valencia,29,26,588,3.6
Linea Directa,No,2025-05-02,Perito D,Málaga,43,45,3237,3.3
Allianz,Si,2024-03-31,Perito B,Zaragoza,40,23,5058,3.1
Allianz,No,2025-03-12,Perito D,Madrid,30,40,2048,6.6
Allianz,Si,2024-07-28,Perito C,Zaragoza,46,29,6744,4.3
AXA,No,2025-04-23,Perito A,Zaragoza,35,30,4919,4.3
Allianz,Si,2024-08-04,Perito D,Madrid,45,27,3014,2.9
AXA,Si,2024-07-08,Perito C,Barcelona,49,39,3574,4.3
Mutua,No,2024-03-05,Perito D,Madrid,35,44,7262,6.1
Mutua,Si,2024-05-30,Perito C,Madrid,26,21,3478,4.6
Linea Directa,Si,2024-07-27,Perito B,Sevilla,35,18,1452,1.0
Mutua,No,2024-10-11,Perito A,Madrid,54,44,7196,5.8
AXA,Si,2024-02-21,Perito D,Sevilla,35,24,4181,2.7
AXA,Si,2025-03-23,Perito C,Málaga,59,44,4873,3.1
Mapfre,Si,2024-01-03,Perito C,Barcelona,31,21,2322,2.7
Allianz,No,2024-02-14,Perito B,Zaragoza,54,49,4730,4.9
Generali,No,2024-11-29,Perito A,Madrid,40,38,2350,5.7
Generali,Si,2024-08-31,Perito A,Barcelona,55,34,7789,7.8
Allianz,No,2024-08-27,Perito A,Zaragoza,36,46,5059,5.9
Generali,Si,2025-02-13,Perito C,Barcelona,51,40,7081,5.8
Generali,No,2024-01-03,Perito D,Zaragoza,25,40,7149,4.7
Generali,No,2025-06-08,Perito D,Zaragoza,43,49,1529,5.7
Linea Directa,No,2024-11-15,Perito B,Barcelona,46,49,6441,5.8
AXA,Si,2024-12-10,Perito A,Valencia,39,26,7141,4.5
AXA,No,2024-08-13,Perito D,Sevilla,44,47,1558,4.0
AXA,Si,2024-05-12,Perito C,Zaragoza,21,28,7202,2.8
Allianz,Si,2025-01-19,Perito C,Zaragoza,28,47,2682,2.8
Mutua,No,2024-05-09,Perito A,Zaragoza,47,38,4742,5.2
Linea Directa,Si,2024-04-02,Perito B,Zaragoza,57,29,2217,2.3
Linea Directa,No,2025-06-09,Perito B,Barcelona,22,45,1531,5.6
Generali,Si,2024-12-29,Perito A,Zaragoza,39,31,4544,4.5
Mapfre,Si,2025-05-23,Perito C,Málaga,25,26,4461,3.8
AXA,Si,2024-10-28,Perito B,Madrid,58,36,7848,5.7
Linea Directa,No,2024-02-25,Perito C,Zaragoza,52,37,7327,5.1
Linea Directa,Si,2025-02-17,Perito C,Barcelona,20,40,1558,1.4
Mapfre,No,2024-08-23,Perito D,Zaragoza,56,28,5315,4.8
Generali,Si,2025-03-04,Perito B,Barcelona,25,26,4837,5.6
Linea Directa,Si,2024-04-03,Perito C,Zaragoza,53,18,5054,3.7
Linea Directa,Si,2025-05-10,Perito D,Madrid,34,27,3377,2.1
Mutua,Si,2025-05-16,Perito C,Zaragoza,45,32,7930,4.1
Mapfre,No,2024-10-31,Perito A,Málaga,33,42,2328,3.8
Generali,Si,2024-03-28,Perito B,Zaragoza,26,33,2380,2.3
Generali,Si,2025-06-24,Perito C,Zaragoza,50,17,5092,4.2
AXA,Si,2024-07-11,Perito B,Barcelona,43,33,7243,4.1
Mutua,Si,2024-01-14,Perito D,Barcelona,50,34,337,2.4
Generali,No,2024-01-22,Perito B,Zaragoza,48,39,6527,5.0
Mutua,Si,2025-03-16,Perito C,Málaga,51,25,3672,4.7
AXA,No,2024-05-01,Perito B,Barcelona,36,31,5649,6.3
Mapfre,Si,2024-05-14,Perito A,Málaga,33,49,3032,3.1
Linea Directa,No,2024-04-20,Perito A,Barcelona,59,28,3779,7.1
Linea Directa,No,2024-05-04,Perito D,Madrid,55,33,6171,4.4
Allianz,Si,2024-04-09,Perito C,Málaga,43,17,3231,2.4
Allianz,No,2025-03-11,Perito B,Madrid,46,48,4364,3.6
Allianz,Si,2024-04-23,Perito D,Madrid,44,36,2793,5.0
Linea Directa,Si,2025-06-09,Perito D,Barcelona,51,41,6396,4.8
Mutua,No,2025-06-09,Perito C,Málaga,37,35,5769,4.7
Allianz,Si,2024-01-17,Perito B,Valencia,37,45,4500,4.7
Mapfre,Si,2024-01-20,Perito D,Madrid,56,41,6469,4.1
Generali,No,2025-03-01,Perito D,Madrid,45,16,4018,4.4
Mutua,Si,2024-10-29,Perito C,Madrid,28,23,4338,5.5
Linea Directa,Si,2025-03-30,Perito C,Barcelona,54,33,4023,3.8
Mapfre,No,2024-03-29,Perito D,Barcelona,27,24,4242,4.4
Linea Directa,No,2024-09-26,Perito B,Madrid,39,21,2106,4.8
Mutua,Si,2025-01-29,Perito D,Zaragoza,41,18,6454,4.0
Mutua,Si,2024-10-14,Perito A,Barcelona,38,29,960,4.6
Mutua,No,2024-06-03,Perito C,Barcelona,49,26,7550,6.3
AXA,Si,2024-08-08,Perito A,Barcelona,47,20,7191,4.2
Generali,No,2024-04-18,Perito B,Sevilla,54,23,6438,5.5
Allianz,Si,2025-01-08,Perito C,Málaga,30,49,6290,4.3
AXA,No,2024-12-04,Perito B,Barcelona,50,22,3645,5.4
Generali,Si,2025-04-11,Perito A,Sevilla,58,21,6231,3.8
Linea Directa,Si,2025-06-18,Perito B,Sevilla,55,18,7887,2.8
Allianz,No,2025-05-02,Perito C,Barcelona,49,27,1099,4.3
AXA,Si,2024-01-14,Perito A,Zaragoza,42,33,4655,3.1
AXA,No,2025-04-07,Perito C,Sevilla,38,21,3147,4.6
Mapfre,No,2024-08-20,Perito A,Valencia,31,24,1919,4.9
AXA,No,2025-04-22,Perito D,Sevilla,34,39,480,1.1
Mutua,Si,2025-04-25,Perito B,Málaga,50,49,3466,2.5
Linea Directa,Si,2024-12-27,Perito B,Sevilla,56,39,2087,4.4
AXA,No,2025-02-12,Perito C,Barcelona,56,43,3466,4.7
Mutua,No,2024-02-28,Perito D,Zaragoza,34,26,866,3.0
Generali,No,2025-03-02,Perito C,Madrid,48,26,4388,6.3
Generali,Si,2024-03-30,Perito C,Valencia,45,20,871,2.5
Mutua,No,2024-11-24,Perito A,Sevilla,21,24,2169,5.3
Mapfre,No,2024-12-31,Perito D,Zaragoza,39,16,4356,4.9
Mapfre,Si,2025-05-16,Perito A,Valencia,34,39,6977,6.2
Generali,No,2024-06-02,Perito C,Málaga,23,21,3322,4.3
Linea Directa,Si,2024-05-27,Perito A,Sevilla,41,37,7770,4.7
AXA,No,2024-11-15,Perito A,Sevilla,57,25,5324,4.0
Generali,No,2024-09-18,Perito B,Valencia,42,37,5785,5.3
Generali,No,2025-04-02,Perito D,Sevilla,45,21,4899,5.4
Mutua,Si,2025-02-17,Perito B,Sevilla,30,41,4977,2.9
Mapfre,Si,2024-02-25,Perito D,Madrid,47,27,4100,3.2
Linea Directa,Si,2024-09-18,Perito B,Valencia,21,31,6877,3.9
Mutua,No,2025-03-07,Perito C,Barcelona,27,46,5724,5.0
Generali,No,2025-02-06,Perito B,Barcelona,48,40,7181,6.5
Allianz,No,2024-10-15,Perito D,Málaga,30,36,7880,4.6
AXA,No,2024-09-28,Perito D,Madrid,56,27,6988,4.6
Generali,Si,2024-08-22,Perito D,Valencia,37,26,6576,2.9
Mutua,No,2025-02-17,Perito B,Valencia,33,21,723,4.7
Allianz,No,2025-04-08,Perito A,Madrid,29,15,2593,5.5
Allianz,Si,2024-12-25,Perito B,Madrid,54,47,3317,5.6
Generali,No,2025-06-02,Perito A,Málaga,28,28,2793,3.9
Linea Directa,Si,2025-06-10,Perito B,Barcelona,54,31,2168,2.3
Mapfre,No,2025-03-04,Perito C,Zaragoza,30,18,5397,4.5
Allianz,Si,2024-06-15,Perito C,Valencia,31,15,1953,4.3
AXA,No,2024-11-29,Perito B,Zaragoza,22,38,6132,2.7
Mutua,Si,2024-09-27,Perito B,Madrid,58,48,7440,3.7
Mutua,Si,2024-05-11,Perito B,Valencia,33,48,7137,4.1
Mutua,No,2024-05-15,Perito C,Barcelona,47,38,2496,5.9
Generali,No,2024-04-10,Perito A,Valencia,30,29,6390,4.6
Mutua,Si,2024-06-07,Perito D,Zaragoza,58,31,5440,3.5
Mutua,Si,2024-03-08,Perito A,Valencia,44,27,2461,3.3
AXA,No,2024-08-09,Perito B,Madrid,40,21,2486,6.0
Mapfre,Si,2024-03-09,Perito C,Madrid,29,23,5375,7.1
Linea Directa,No,2024-02-14,Perito D,Madrid,34,49,6693,4.9
Generali,No,2024-01-21,Perito A,Barcelona,38,37,4402,5.6
Generali,No,2024-04-11,Perito B,Sevilla,41,37,3078,4.0
Mutua,No,2025-02-11,Perito C,Barcelona,40,40,4343,4.6
AXA,No,2025-04-08,Perito C,Madrid,51,15,3844,7.1
Allianz,No,2024-12-18,Perito D,Málaga,42,28,4632,2.9
Mutua,Si,2024-10-19,Perito A,Valencia,32,46,5345,5.5
Mutua,No,2024-03-16,Perito C,Valencia,24,24,7147,5.0
Generali,Si,2025-05-13,Perito B,Zaragoza,23,15,5576,3.8
Generali,No,2025-06-16,Perito B,Valencia,47,19,2255,3.9
Mutua,No,2025-01-12,Perito D,Zaragoza,33,17,4920,3.7
Generali,No,2024-09-20,Perito A,Valencia,27,41,6186,6.3
AXA,Si,2025-06-24,Perito C,Málaga,28,36,1476,2.9
Allianz,No,2024-01-05,Perito D,Zaragoza,54,32,6011,6.0
Allianz,No,2025-03-24,Perito A,Madrid,56,30,2966,6.1
Allianz,No,2024-01-26,Perito A,Sevilla,40,16,502,2.5
Mutua,No,2025-06-04,Perito C,Valencia,37,27,838,3.1
Linea Directa,Si,2024-07-30,Perito D,Zaragoza,52,30,255,3.2
Mutua,Si,2024-04-18,Perito D,Sevilla,27,22,5021,2.6
Mutua,No,2024-04-19,Perito D,Zaragoza,36,22,725,4.2
AXA,No,2024-11-13,Perito D,Barcelona,50,24,4769,5.8
Allianz,Si,2024-10-22,Perito A,Barcelona,53,47,4323,5.7
Generali,No,2025-03-10,Perito D,Valencia,25,45,2325,1.1
Generali,Si,2024-01-13,Perito D,Madrid,41,26,3487,4.1
Mapfre,Si,2024-04-24,Perito C,Málaga,33,23,7753,6.7
Mapfre,Si,2024-03-02,Perito B,Zaragoza,22,23,564,1.3
Linea Directa,Si,2025-01-02,Perito A,Valencia,31,32,7009,6.4
Generali,Si,2024-12-07,Perito C,Barcelona,55,44,4821,4.8
Allianz,Si,2024-07-13,Perito C,Barcelona,31,46,7042,4.5
Mutua,Si,2024-02-17,Perito C,Zaragoza,21,37,5631,3.6
Generali,No,2024-06-06,Perito A,Zaragoza,21,25,5178,3.5
Linea Directa,Si,2025-06-24,Perito B,Zaragoza,34,34,5326,3.8
Linea Directa,No,2024-05-01,Perito A,Sevilla,42,33,5322,5.7
Generali,No,2025-01-29,Perito D,Málaga,48,40,1846,5.5
Mapfre,No,2024-05-02,Perito B,Zaragoza,36,24,1118,3.8
Allianz,Si,2025-02-09,Perito A,Zaragoza,51,38,2997,4.9
Generali,Si,2024-03-15,Perito A,Valencia,26,27,6706,3.7
Mutua,Si,2024-01-21,Perito D,Madrid,49,48,6070,4.3
Mutua,No,2024-01-29,Perito A,Sevilla,47,43,1731,4.4
AXA,No,2025-05-07,Perito B,Málaga,33,21,3545,3.3
Mutua,No,2024-11-02,Perito C,Sevilla,49,44,7873,5.4
Generali,No,2024-07-11,Perito A,Zaragoza,36,31,7149,6.9
Generali,Si,2024-11-26,Perito A,Madrid,51,27,7082,8.3
Mutua,No,2024-10-06,Perito B,Zaragoza,25,38,2106,4.5
Mapfre,Si,2024-02-03,Perito A,Barcelona,43,45,3286,3.9
Allianz,No,2024-12-11,Perito C,Zaragoza,25,41,5511,4.8
Linea Directa,Si,2024-07-02,Perito D,Valencia,46,35,5950,2.4
Generali,No,2025-02-14,Perito D,Valencia,37,15,4780,4.4
Mutua,Si,2024-04-05,Perito D,Madrid,43,29,2275,4.7
Linea Directa,No,2025-02-17,Perito C,Zaragoza,56,17,913,3.6
Mutua,Si,2025-01-19,Perito D,Valencia,43,20,1262,1.9
Generali,Si,2025-06-23,Perito B,Valencia,57,28,2176,2.7
AXA,Si,2025-02-06,Perito B,Zaragoza,53,47,1496,2.7
Allianz,No,2025-05-22,Perito C,Sevilla,59,22,5550,6.5
Generali,Si,2024-03-03,Perito C,Madrid,34,40,6429,5.9
Linea Directa,Si,2024-01-18,Perito C,Sevilla,30,29,7841,3.6
Mutua,Si,2024-01-30,Perito B,Valencia,41,28,325,1.5
AXA,Si,2025-06-12,Perito C,Zaragoza,43,34,7155,5.6
Generali,Si,2024-01-14,Perito C,Málaga,20,33,4832,4.0
Allianz,No,2025-04-12,Perito D,Zaragoza,37,47,6488,2.8
AXA,Si,2025-03-30,Perito C,Málaga,31,38,3796,4.3
Linea Directa,No,2025-04-17,Perito A,Sevilla,47,24,3483,4.2
Mutua,Si,2025-01-09,Perito D,Barcelona,59,48,6368,3.9
Mapfre,No,2025-04-15,Perito B,Zaragoza,26,30,1803,4.6
Allianz,No,2024-09-22,Perito B,Barcelona,42,29,7761,7.6
AXA,No,2025-05-17,Perito B,Madrid,40,32,266,4.0
Generali,No,2024-07-01,Perito D,Málaga,53,21,432,3.1
Generali,No,2025-06-01,Perito B,Málaga,30,36,2356,3.2
AXA,No,2024-06-11,Perito D,Sevilla,41,46,1369,2.2
Generali,Si,2024-12-12,Perito D,Zaragoza,54,33,2358,1.9
AXA,Si,2024-04-24,Perito A,Valencia,48,15,6571,4.3
Allianz,Si,2025-03-31,Perito A,Madrid,47,49,4406,4.4
Generali,Si,2024-02-22,Perito A,Sevilla,37,19,1693,3.9
Allianz,No,2024-03-07,Perito A,Barcelona,33,26,6377,6.7
Mutua,No,2024-05-30,Perito A,Zaragoza,37,26,4918,4.2
Mutua,No,2024-10-07,Perito B,Valencia,47,35,4207,3.8
Mutua,Si,2025-01-27,Perito B,Madrid,43,33,7736,4.4
Mutua,Si,2025-01-18,Perito B,Zaragoza,27,23,7091,4.3
Generali,No,2024-01-26,Perito A,Valencia,27,46,6938,7.3
AXA,Si,2024-02-22,Perito C,Barcelona,23,49,7921,5.9
Generali,No,2025-03-22,Perito B,Sevilla,46,45,2672,4.0
Linea Directa,No,2024-06-13,Perito B,Sevilla,55,46,2860,2.5
Generali,Si,2024-05-07,Perito C,Málaga,24,46,5837,5.3
Allianz,No,2025-05-11,Perito A,Zaragoza,52,44,2939,4.5
AXA,Si,2024-01-25,Perito D,Sevilla,53,46,5601,3.5
Mapfre,Si,2024-03-27,Perito C,Málaga,49,16,7687,3.4
Mapfre,Si,2024-04-25,Perito C,Sevilla,27,25,1961,2.5
AXA,Si,2024-07-29,Perito B,Madrid,58,34,3714,3.3
Mapfre,No,2024-02-27,Perito B,Zaragoza,45,23,2175,3.0
AXA,No,2024-07-12,Perito A,Barcelona,56,33,2562,3.7
Allianz,No,2024-07-16,Perito D,Zaragoza,53,21,1076,1.0
Allianz,No,2024-12-26,Perito D,Zaragoza,26,19,6285,6.8
Generali,Si,2024-05-23,Perito C,Valencia,59,38,4012,3.5
Mapfre,Si,2024-04-24,Perito A,Barcelona,47,21,3648,5.9
AXA,No,2025-05-31,Perito D,Barcelona,58,25,1512,3.7
Allianz,Si,2024-11-30,Perito C,Málaga,58,23,1660,2.4
Generali,Si,2025-03-27,Perito B,Málaga,47,44,2909,1.9
Mapfre,No,2024-09-16,Perito D,Madrid,33,17,2524,5.0
Mapfre,No,2024-02-13,Perito C,Valencia,57,36,1933,4.4
Mapfre,Si,2025-04-23,Perito D,Sevilla,23,34,1805,2.6
Allianz,No,2024-06-21,Perito A,Sevilla,37,46,5822,5.4
Allianz,Si,2024-08-12,Perito C,Barcelona,44,21,6967,5.6
Mapfre,Si,2024-12-06,Perito A,Zaragoza,26,21,2763,3.0
Allianz,No,2024-12-23,Perito C,Madrid,57,34,3621,6.2
Mapfre,No,2025-02-05,Perito B,Zaragoza,47,39,7186,4.0
Mutua,No,2024-05-15,Perito D,Valencia,24,49,3717,2.9
Allianz,Si,2024-05-30,Perito B,Sevilla,22,38,2597,2.6
AXA,No,2024-06-05,Perito A,Barcelona,50,27,5926,5.2
Allianz,No,2024-07-23,Perito D,Madrid,39,18,3935,3.3
Mapfre,No,2025-03-04,Perito B,Valencia,38,26,3070,3.8
AXA,No,2024-12-08,Perito C,Zaragoza,30,31,1360,3.0
Generali,Si,2025-05-06,Perito C,Barcelona,59,15,5054,4.5
AXA,No,2024-11-27,Perito B,Barcelona,22,31,7242,6.4
AXA,Si,2024-12-19,Perito D,Zaragoza,42,16,442,2.3
Allianz,No,2024-02-11,Perito A,Madrid,26,20,2790,5.5
Linea Directa,No,2024-01-20,Perito C,Madrid,42,25,1263,6.2
AXA,No,2024-01-19,Perito A,Madrid,26,32,4524,6.2
AXA,Si,2025-05-14,Perito D,Madrid,53,39,2795,5.0
Mapfre,No,2024-10-21,Perito D,Valencia,38,42,1119,3.9
Allianz,No,2025-02-10,Perito C,Madrid,28,30,5542,7.0
Mapfre,No,2024-12-22,Perito A,Madrid,37,26,205,3.0
Allianz,Si,2024-08-21,Perito D,Madrid,44,43,7689,5.3
Generali,No,2024-10-22,Perito A,Valencia,33,37,667,4.1
Linea Directa,No,2024-12-18,Perito C,Sevilla,44,35,6051,4.7
AXA,Si,2025-03-11,Perito C,Barcelona,38,30,4370,4.6
Allianz,Si,2024-01-12,Perito D,Málaga,58,40,203,1.0
AXA,Si,2024-01-10,Perito D,Zaragoza,34,36,6166,5.0
AXA,Si,2024-10-21,Perito A,Barcelona,35,24,845,3.8
Mutua,No,2024-02-16,Perito D,Valencia,46,21,317,3.0
Mapfre,No,2025-05-26,Perito C,Zaragoza,59,23,3128,3.2
Linea Directa,Si,2024-07-08,Perito D,Madrid,29,39,5925,6.0
Allianz,Si,2025-04-10,Perito B,Valencia,23,29,2751,3.7
Generali,Si,2025-04-24,Perito C,Sevilla,38,27,6317,5.2
Linea Directa,Si,2024-04-08,Perito A,Málaga,47,40,5242,6.3
Mutua,No,2024-04-21,Perito D,Sevilla,40,35,6917,4.6
Mapfre,Si,2024-12-11,Perito D,Madrid,33,37,5760,5.0
Generali,Si,2024-03-15,Perito C,Valencia,52,42,4489,4.0
Generali,No,2025-02-21,Perito C,Valencia,29,26,1046,2.8
AXA,No,2024-08-25,Perito A,Madrid,38,38,2962,5.9
Mapfre,Si,2024-04-03,Perito C,Madrid,49,27,5711,4.1
Mutua,Si,2024-10-04,Perito A,Málaga,41,16,7393,4.9
Allianz,Si,2024-08-19,Perito D,Sevilla,22,26,5754,1.8
Allianz,No,2024-08-23,Perito A,Madrid,56,28,6516,5.9
Mutua,No,2024-11-21,Perito A,Madrid,37,44,7667,5.2
AXA,No,2025-01-10,Perito A,Sevilla,30,33,5964,7.0
AXA,Si,2024-12-26,Perito D,Madrid,21,45,6669,5.4
Generali,Si,2025-01-29,Perito B,Zaragoza,31,39,5729,3.4
Mapfre,No,2024-01-19,Perito B,Málaga,25,18,1341,2.7
Generali,No,2024-06-03,Perito A,Málaga,59,27,7179,7.0
Allianz,No,2025-04-28,Perito C,Sevilla,48,17,2010,5.4
Mutua,Si,2024-02-15,Perito B,Barcelona,49,30,923,4.1
Mapfre,No,2024-01-18,Perito D,Málaga,21,40,424,4.0
Mutua,No,2024-09-27,Perito A,Valencia,28,33,4827,5.1
Mapfre,No,2024-06-23,Perito B,Valencia,21,29,4408,2.4
Linea Directa,Si,2024-10-04,Perito D,Barcelona,48,46,6483,4.6
Allianz,No,2024-07-04,Perito A,Málaga,52,35,4854,5.2
Allianz,Si,2025-06-04,Perito B,Madrid,29,15,2248,4.8
Linea Directa,Si,2024-08-25,Perito A,Zaragoza,53,20,6433,4.3
Mapfre,Si,2025-04-20,Perito B,Barcelona,27,41,4949,3.5
AXA,No,2024-09-07,Perito B,Madrid,56,37,4615,3.8
Mapfre,Si,2025-01-17,Perito C,Zaragoza,52,45,1773,3.3
Allianz,No,2024-05-22,Perito B,Valencia,25,26,2028,3.4
Mutua,Si,2025-04-11,Perito C,Zaragoza,59,35,2117,1.6
Generali,Si,2024-07-12,Perito D,Barcelona,38,16,4434,4.6
Mutua,Si,2024-04-17,Perito B,Málaga,51,19,7878,5.4
Allianz,No,2024-05-10,Perito A,Valencia,46,23,7188,5.7
Mutua,No,2025-01-08,Perito C,Málaga,20,34,2226,4.7
AXA,No,2024-10-31,Perito B,Madrid,52,32,6602,6.9
AXA,No,2025-06-07,Perito C,Málaga,59,36,3944,4.2
Mapfre,Si,2024-08-28,Perito A,Zaragoza,51,22,1101,2.7
Mutua,Si,2024-07-13,Perito A,Barcelona,24,48,4985,4.8
Mutua,Si,2025-06-09,Perito A,Madrid,36,23,2239,4.2
Allianz,Si,2025-03-09,Perito D,Barcelona,27,21,209,4.1
Mapfre,Si,2025-03-01,Perito D,Zaragoza,53,44,460,2.8
Mapfre,No,2024-04-04,Perito A,Madrid,28,32,6238,7.1
Mutua,Si,2025-01-29,Perito D,Barcelona,42,41,1873,4.9
Generali,No,2025-03-06,Perito D,Valencia,54,30,2419,4.4
Mutua,No,2024-11-05,Perito D,Barcelona,26,35,7241,5.8
Mutua,No,2024-01-09,Perito D,Valencia,34,19,2260,3.8
Mutua,Si,2024-11-02,Perito D,Zaragoza,39,43,5487,4.7
AXA,No,2024-01-17,Perito D,Sevilla,44,36,3913,3.9
Linea Directa,No,2024-07-09,Perito A,Málaga,22,28,1819,3.9
Mapfre,No,2025-04-04,Perito D,Madrid,43,33,520,5.5
Linea Directa,No,2025-05-03,Perito D,Málaga,53,49,1542,3.6
AXA,Si,2025-01-25,Perito C,Zaragoza,41,38,5932,5.0
Generali,Si,2024-09-07,Perito C,Valencia,30,20,2576,2.1
Allianz,Si,2025-02-22,Perito D,Valencia,27,17,3032,3.4
Generali,No,2024-03-18,Perito B,Valencia,58,48,3024,3.8
Mapfre,No,2025-06-17,Perito B,Barcelona,54,16,2194,4.7
Allianz,Si,2025-01-07,Perito D,Málaga,57,29,3158,1.6
Linea Directa,Si,2024-09-20,Perito A,Valencia,27,29,6239,4.4
Generali,No,2024-12-18,Perito A,Sevilla,56,46,7917,4.7
Mapfre,No,2024-09-14,Perito C,Zaragoza,46,35,2238,4.9
Generali,Si,2024-08-18,Perito A,Valencia,47,31,3690,3.2
Allianz,Si,2024-08-11,Perito A,Málaga,59,48,3877,4.1
Allianz,No,2025-02-15,Perito A,Valencia,53,46,1318,2.8
Generali,Si,2024-06-13,Perito D,Valencia,51,37,1804,2.6
AXA,Si,2025-03-12,Perito D,Madrid,34,49,6661,2.2
Generali,No,2024-06-14,Perito B,Valencia,36,47,4227,3.5
Linea Directa,Si,2025-03-29,Perito C,Málaga,52,39,435,3.5
Generali,Si,2025-05-26,Perito B,Zaragoza,35,35,2169,2.1
Generali,No,2025-02-16,Perito A,Madrid,48,48,4629,5.8
AXA,Si,2025-02-26,Perito A,Madrid,28,33,2108,2.0
Mutua,No,2024-02-01,Perito B,Valencia,52,41,575,4.5
Allianz,Si,2024-11-11,Perito B,Valencia,48,23,3730,3.0
Linea Directa,Si,2024-06-26,Perito D,Sevilla,32,19,5456,4.6
Mapfre,No,2024-09-23,Perito D,Málaga,40,19,2835,2.8
Allianz,Si,2024-10-14,Perito C,Zaragoza,40,39,1770,1.1
Allianz,Si,2024-04-09,Perito D,Málaga,24,40,2760,3.8
Mutua,No,2024-08-11,Perito A,Barcelona,29,33,5615,6.8
Allianz,No,2024-06-03,Perito A,Zaragoza,25,44,3591,4.8
Allianz,Si,2024-03-19,Perito B,Barcelona,32,30,3165,3.5
AXA,Si,2024-04-15,Perito C,Málaga,20,21,3843,4.5
AXA,Si,2024-06-02,Perito D,Valencia,39,32,6151,1.7
AXA,No,2025-06-04,Perito C,Madrid,27,35,5668,6.7
AXA,Si,2024-08-03,Perito A,Sevilla,29,45,4050,2.7
AXA,Si,2024-01-10,Perito A,Valencia,28,15,1072,3.3
Linea Directa,No,2024-01-12,Perito D,Zaragoza,22,17,1452,5.0
Mapfre,No,2024-08-03,Perito D,Zaragoza,30,45,6613,4.7
Mutua,No,2024-07-01,Perito D,Madrid,31,39,6147,5.5
Generali,No,2024-10-27,Perito B,Zaragoza,29,22,7141,4.9
Linea Directa,Si,2025-01-14,Perito A,Málaga,44,15,1514,2.8
AXA,Si,2024-05-28,Perito B,Zaragoza,44,21,5020,3.2
Mutua,Si,2024-03-26,Perito A,Valencia,30,21,7532,5.0
Generali,No,2025-05-12,Perito D,Zaragoza,55,22,6348,4.3
Allianz,Si,2024-08-28,Perito A,Sevilla,58,33,3098,3.4
Linea Directa,Si,2024-12-29,Perito A,Zaragoza,45,31,7746,4.5
Allianz,Si,2025-02-07,Perito C,Barcelona,33,25,277,3.0
Mutua,No,2025-04-27,Perito A,Madrid,58,25,7777,7.1
Mapfre,Si,2024-03-07,Perito A,Valencia,59,16,2821,5.1
Mapfre,Si,2024-08-16,Perito C,Sevilla,20,18,4427,5.1
Mutua,No,2024-11-14,Perito D,Valencia,23,42,800,3.1
Mapfre,Si,2025-05-16,Perito C,Málaga,49,47,6068,3.6
Mapfre,No,2025-05-09,Perito D,Madrid,31,25,1265,4.3
Allianz,No,2024-04-17,Perito D,Málaga,54,17,2336,2.5
Mapfre,Si,2024-07-31,Perito D,Zaragoza,32,19,2649,1.8
Mapfre,No,2024-07-11,Perito A,Málaga,50,35,2543,4.4
Mutua,No,2025-02-12,Perito C,Zaragoza,57,36,2063,3.0
Mapfre,No,2025-01-03,Perito C,Barcelona,42,25,1518,3.9
Linea Directa,Si,2024-03-10,Perito C,Málaga,23,36,4911,3.2
AXA,No,2024-08-06,Perito C,Sevilla,35,27,3797,6.6
AXA,Si,2024-07-11,Perito B,Madrid,26,17,7143,5.6
Mutua,Si,2025-04-11,Perito A,Barcelona,41,27,3962,3.1
AXA,No,2024-01-17,Perito B,Valencia,48,42,6765,5.5
Allianz,No,2025-03-13,Perito A,Málaga,30,25,6184,6.0
Linea Directa,Si,2024-08-02,Perito C,Valencia,52,25,5342,3.7
Linea Directa,No,2024-03-27,Perito B,Barcelona,48,35,4870,6.2
Mutua,Si,2024-08-14,Perito D,Valencia,58,35,2390,1.7
Mapfre,Si,2024-01-01,Perito C,Sevilla,31,21,1192,2.3
AXA,No,2024-01-18,Perito C,Barcelona,26,31,2912,4.9
Allianz,No,2024-03-04,Perito D,Madrid,58,28,2392,3.6
Mutua,No,2024-09-06,Perito C,Madrid,45,47,1448,3.5
Mutua,No,2025-04-21,Perito A,Madrid,59,25,3254,5.7
Mapfre,No,2024-10-18,Perito C,Madrid,28,27,4798,5.8
Generali,No,2024-09-29,Perito A,Barcelona,53,15,4233,3.1
AXA,No,2024-04-26,Perito A,Barcelona,32,48,2197,4.7
Allianz,No,2024-04-02,Perito C,Zaragoza,55,23,5116,4.4
Mutua,No,2024-08-05,Perito D,Barcelona,44,27,3887,5.0
AXA,No,2024-03-15,Perito A,Málaga,43,44,2351,5.1
Allianz,Si,2024-12-09,Perito B,Zaragoza,36,21,4218,3.1
Linea Directa,No,2025-05-23,Perito A,Barcelona,21,28,3310,6.2
Linea Directa,No,2024-03-22,Perito D,Barcelona,32,20,2170,2.8
Allianz,No,2025-06-20,Perito C,Barcelona,50,48,397,5.5
Linea Directa,Si,2024-04-05,Perito D,Madrid,48,30,5965,4.4
Mutua,No,2024-02-28,Perito D,Sevilla,47,20,2826,1.9
AXA,No,2025-02-28,Perito C,Madrid,46,22,6734,6.8
Allianz,No,2025-02-23,Perito B,Zaragoza,34,38,1402,3.2
Mutua,No,2024-05-17,Perito B,Sevilla,50,17,6897,7.1
AXA,No,2024-01-12,Perito A,Sevilla,59,18,5767,7.0
AXA,Si,2024-04-20,Perito A,Sevilla,34,46,7867,6.0
Mutua,No,2025-04-13,Perito B,Zaragoza,52,15,7382,2.6
AXA,No,2024-06-02,Perito C,Zaragoza,39,48,5942,4.8
Generali,Si,2025-01-02,Perito D,Madrid,31,23,5988,5.8
Allianz,Si,2024-01-17,Perito C,Málaga,56,26,5608,4.7
Allianz,Si,2024-01-30,Perito D,Valencia,28,24,2235,1.3
AXA,No,2025-01-29,Perito D,Málaga,42,24,677,2.6
Mutua,No,2025-01-26,Perito B,Madrid,27,37,1454,5.1
Mapfre,Si,2024-09-04,Perito B,Sevilla,51,20,1122,1.0
Linea Directa,No,2024-11-27,Perito C,Valencia,33,38,619,1.7
AXA,No,2024-06-27,Perito D,Málaga,46,38,2404,5.7
Mapfre,No,2024-02-02,Perito C,Zaragoza,44,35,2797,3.6
AXA,No,2024-05-11,Perito A,Zaragoza,32,45,7808,4.2
Mapfre,No,2024-11-27,Perito B,Barcelona,40,44,1320,3.7
AXA,Si,2025-01-11,Perito B,Zaragoza,50,48,3268,3.4
Mutua,Si,2024-07-22,Perito D,Málaga,56,32,7340,4.7
Linea Directa,Si,2025-04-11,Perito B,Madrid,24,26,7778,4.9
Mapfre,No,2024-06-19,Perito C,Valencia,32,49,1150,2.2
Generali,Si,2024-12-22,Perito D,Barcelona,47,21,2536,4.2
Mutua,No,2024-12-15,Perito D,Zaragoza,44,39,5573,3.4
Linea Directa,Si,2024-01-07,Perito A,Zaragoza,54,20,2443,3.1
AXA,Si,2024-02-27,Perito C,Valencia,58,15,2845,3.6
Mapfre,Si,2024-12-31,Perito D,Valencia,26,30,2057,1.7
Linea Directa,Si,2025-01-22,Perito B,Málaga,57,18,7889,6.6
Allianz,No,2024-06-23,Perito B,Zaragoza,51,43,4812,3.8
Mutua,Si,2025-05-24,Perito D,Sevilla,22,42,5954,3.1
Mapfre,Si,2024-01-30,Perito B,Zaragoza,58,36,2065,2.3
Mutua,Si,2024-01-15,Perito D,Málaga,56,22,3112,1.9
Mapfre,No,2024-02-02,Perito D,Barcelona,41,46,5437,6.4
Allianz,Si,2025-03-15,Perito D,Madrid,27,47,3053,3.2
Generali,Si,2025-03-06,Perito B,Zaragoza,36,27,6228,6.9
Allianz,Si,2024-06-29,Perito B,Málaga,46,41,7526,4.6
AXA,Si,2024-03-03,Perito C,Sevilla,52,32,5110,3.9
Mutua,Si,2024-06-10,Perito A,Sevilla,36,32,6571,3.1
Generali,No,2025-01-18,Perito B,Málaga,31,27,6196,4.5
Mutua,Si,2025-01-02,Perito D,Barcelona,46,36,6559,5.4
Linea Directa,No,2025-05-11,Perito B,Sevilla,27,28,7291,6.0
Mapfre,No,2024-03-26,Perito B,Sevilla,42,25,6358,4.1
AXA,Si,2024-08-30,Perito D,Zaragoza,48,36,3428,2.2
AXA,Si,2025-04-23,Perito C,Zaragoza,39,31,3919,1.0
Mutua,No,2024-06-28,Perito D,Barcelona,35,46,7628,5.3
AXA,Si,2025-04-05,Perito C,Barcelona,36,28,3428,5.9
Mutua,Si,2025-05-18,Perito B,Barcelona,35,43,6390,5.4
Mapfre,No,2024-11-23,Perito D,Barcelona,38,20,2571,5.5
Mapfre,Si,2025-03-07,Perito B,Málaga,27,18,3091,1.3
Mutua,No,2025-03-22,Perito D,Málaga,57,25,3956,3.9
Allianz,No,2024-01-07,Perito B,Valencia,57,24,4425,4.4
Allianz,Si,2024-03-03,Perito B,Valencia,48,42,7778,4.0
Mapfre,Si,2024-07-22,Perito B,Valencia,55,25,294,1.9
Generali,No,2024-05-06,Perito D,Sevilla,45,49,2874,2.9
Allianz,No,2025-02-22,Perito C,Barcelona,50,29,7098,5.2
Mutua,Si,2024-09-14,Perito B,Málaga,31,22,2155,2.9
Mapfre,No,2024-01-09,Perito D,Málaga,36,34,7659,5.9
AXA,No,2024-01-05,Perito D,Barcelona,34,35,993,3.0
AXA,Si,2024-05-05,Perito B,Valencia,28,15,2034,1.9
Allianz,Si,2025-01-03,Perito B,Zaragoza,58,43,7650,5.4
Generali,No,2024-10-29,Perito C,Sevilla,31,38,2316,3.8
Linea Directa,Si,2024-05-24,Perito B,Málaga,51,44,5979,3.6
Allianz,No,2024-01-10,Perito C,Madrid,44,49,4306,5.5
Generali,No,2024-12-22,Perito A,Sevilla,58,47,3525,6.7
Allianz,Si,2024-03-22,Perito D,Sevilla,37,34,6161,4.7
AXA,No,2024-10-08,Perito C,Valencia,34,30,3119,5.8
Generali,No,2024-07-14,Perito B,Barcelona,51,23,2797,5.7
AXA,No,2024-01-06,Perito C,Madrid,25,45,3405,4.4
Mutua,Si,2024-05-16,Perito B,Valencia,54,31,5007,3.2
Mutua,Si,2024-12-17,Perito C,Barcelona,53,45,6366,4.4
Mapfre,No,2024-04-10,Perito D,Madrid,57,37,1014,4.5
AXA,No,2025-03-08,Perito C,Zaragoza,24,20,545,2.9
AXA,No,2024-02-20,Perito A,Zaragoza,37,44,2549,3.5
Mapfre,Si,2024-11-10,Perito D,Málaga,35,21,562,1.6
Mutua,No,2024-05-20,Perito C,Madrid,27,25,2643,3.5
Mutua,Si,2024-02-13,Perito A,Valencia,44,48,2465,4.3
Generali,No,2024-03-16,Perito A,Madrid,51,26,2388,4.3
Generali,No,2024-04-18,Perito C,Madrid,45,41,7983,7.6
Linea Directa,Si,2025-05-09,Perito D,Madrid,41,26,3205,4.0
Mutua,Si,2024-06-06,Perito C,Málaga,50,27,3481,3.7
Linea Directa,Si,2025-05-11,Perito D,Zaragoza,29,22,1184,1.0
Allianz,No,2024-09-23,Perito D,Zaragoza,31,30,7336,5.0
AXA,No,2024-09-14,Perito C,Barcelona,47,43,7990,6.1
Generali,Si,2025-04-08,Perito A,Madrid,25,49,1839,2.4
Allianz,Si,2024-11-24,Perito D,Sevilla,39,43,1027,3.3
Generali,No,2024-10-16,Perito B,Valencia,24,45,2930,3.9
Mapfre,No,2024-10-27,Perito B,Sevilla,42,27,3731,3.8
AXA,Si,2024-11-18,Perito A,Barcelona,28,26,7347,7.3
Linea Directa,No,2024-12-18,Perito A,Valencia,48,16,4651,6.0
Linea Directa,Si,2024-08-21,Perito C,Barcelona,35,47,7351,8.8
Generali,No,2024-01-29,Perito D,Valencia,41,22,5643,3.4
Mutua,Si,2024-09-22,Perito C,Zaragoza,27,46,7500,3.9
Linea Directa,No,2024-01-14,Perito B,Zaragoza,39,42,3135,6.0
Mapfre,No,2025-06-02,Perito B,Sevilla,33,29,4076,3.5
Mapfre,No,2024-02-02,Perito D,Sevilla,58,37,6159,3.8
Mutua,Si,2024-06-15,Perito D,Málaga,56,38,326,1.5
Mapfre,Si,2025-01-24,Perito B,Barcelona,53,27,3377,5.8
AXA,Si,2025-03-07,Perito C,Sevilla,30,35,3256,2.6
Generali,No,2025-06-07,Perito D,Valencia,59,26,803,5.0
Mapfre,No,2024-08-26,Perito C,Madrid,52,27,3649,5.2
AXA,Si,2024-05-13,Perito D,Madrid,50,37,6224,5.9
Mutua,No,2025-02-11,Perito A,Madrid,53,42,5309,5.9
Generali,Si,2025-02-21,Perito C,Málaga,26,28,4346,2.5
Mutua,No,2024-03-15,Perito B,Sevilla,42,31,7396,6.0
Generali,No,2024-11-17,Perito A,Barcelona,26,38,3733,4.3
Mapfre,No,2024-05-16,Perito C,Barcelona,44,48,3567,3.5
Mapfre,Si,2025-01-26,Perito D,Málaga,22,36,3568,3.4
Generali,Si,2024-03-02,Perito B,Valencia,57,24,3997,2.8
AXA,Si,2024-05-08,Perito D,Zaragoza,39,22,7122,2.5
AXA,No,2025-06-24,Perito C,Sevilla,53,35,5726,4.3
AXA,No,2025-04-29,Perito A,Sevilla,49,21,1992,4.7
Allianz,No,2024-04-13,Perito C,Valencia,36,40,3061,3.1
Linea Directa,No,2025-06-01,Perito B,Valencia,29,27,5932,2.2
Linea Directa,Si,2024-03-28,Perito A,Sevilla,54,30,3676,3.6
Linea Directa,Si,2025-03-09,Perito B,Sevilla,39,44,3617,3.6
AXA,No,2024-02-21,Perito D,Madrid,37,45,1845,4.9
Mapfre,Si,2025-01-23,Perito A,Barcelona,46,19,6763,6.8
Allianz,No,2024-08-31,Perito C,Madrid,55,46,1405,4.3
AXA,No,2024-05-26,Perito D,Madrid,42,30,3230,6.5
Mapfre,Si,2024-09-13,Perito D,Barcelona,51,23,3072,3.4
Allianz,Si,2024-12-11,Perito C,Málaga,29,36,3272,2.9
Mapfre,Si,2024-03-05,Perito D,Zaragoza,30,28,2054,1.9
Generali,No,2024-06-01,Perito B,Málaga,57,30,4221,4.5
Mapfre,No,2024-09-09,Perito C,Málaga,25,34,4862,5.1
Allianz,No,2024-08-13,Perito D,Málaga,53,29,6714,6.1
AXA,Si,2024-10-14,Perito A,Valencia,55,40,5231,3.7
Linea Directa,Si,2024-08-31,Perito C,Madrid,56,23,6230,4.3
Allianz,Si,2024-10-14,Perito C,Valencia,36,15,2908,3.1
AXA,Si,2025-03-03,Perito D,Valencia,59,49,3702,2.3
AXA,Si,2025-05-02,Perito C,Barcelona,59,34,7312,4.3
Mutua,Si,2024-05-29,Perito C,Málaga,31,20,1532,3.7
Generali,Si,2024-09-23,Perito C,Sevilla,40,24,7504,5.7
Mutua,No,2025-03-12,Perito C,Málaga,59,47,401,1.7
Linea Directa,Si,2024-10-29,Perito C,Madrid,38,30,3707,4.1
Allianz,Si,2024-06-20,Perito C,Valencia,22,20,6656,4.8
Mutua,No,2024-03-14,Perito B,Madrid,37,33,4412,7.4
Linea Directa,No,2024-12-18,Perito D,Valencia,38,45,5232,4.2
AXA,Si,2024-07-06,Perito B,Valencia,25,16,774,3.1
Allianz,No,2025-01-15,Perito D,Valencia,35,32,6587,4.3
Mutua,Si,2024-10-19,Perito C,Sevilla,27,42,736,2.7
Mapfre,Si,2025-03-06,Perito D,Málaga,37,18,1825,3.0
Linea Directa,Si,2024-04-16,Perito B,Valencia,58,15,2322,3.1
Linea Directa,No,2024-06-27,Perito D,Barcelona,31,30,585,3.7
Generali,No,2025-03-16,Perito C,Zaragoza,29,16,3481,5.1
Mapfre,Si,2024-05-25,Perito C,Zaragoza,26,15,674,3.6
Allianz,No,2025-05-13,Perito C,Valencia,20,37,617,3.4
Mutua,Si,2024-02-05,Perito B,Málaga,55,40,6690,5.3
AXA,Si,2024-03-17,Perito A,Málaga,40,25,3800,3.2
Mutua,No,2025-06-14,Perito C,Sevilla,56,15,6983,4.9
Allianz,No,2024-12-17,Perito C,Valencia,43,25,5234,6.3
Allianz,No,2024-04-04,Perito D,Barcelona,44,38,1154,1.0
Allianz,Si,2024-12-18,Perito A,Sevilla,26,24,5171,4.0
Allianz,No,2024-09-19,Perito D,Sevilla,36,28,5058,4.4
Linea Directa,No,2024-03-04,Perito B,Valencia,48,28,5498,3.7
Mutua,No,2025-01-21,Perito A,Valencia,49,21,1405,5.0
Mapfre,Si,2024-04-03,Perito C,Sevilla,26,37,4959,3.6
AXA,Si,2024-04-07,Perito A,Sevilla,52,36,4320,4.7
AXA,Si,2025-05-13,Perito C,Sevilla,26,41,2190,4.2
Generali,Si,2025-02-11,Perito B,Madrid,43,16,5499,6.1
Linea Directa,Si,2025-05-04,Perito D,Sevilla,30,33,5005,2.8
Allianz,No,2024-04-29,Perito B,Málaga,28,21,3772,3.1
Allianz,No,2024-10-22,Perito B,Zaragoza,31,26,6175,4.7
Allianz,Si,2024-02-18,Perito C,Barcelona,54,17,5480,5.0
Linea Directa,No,2025-06-23,Perito D,Barcelona,23,19,6520,3.9
Mapfre,Si,2024-03-21,Perito B,Zaragoza,55,22,4580,5.1
Allianz,Si,2024-08-03,Perito A,Valencia,47,28,4358,4.1
Generali,Si,2025-06-11,Perito B,Sevilla,32,21,5298,3.5
Generali,Si,2024-11-07,Perito C,Barcelona,42,21,4957,2.7
Mapfre,Si,2024-04-08,Perito A,Barcelona,38,46,2913,4.5
Linea Directa,Si,2024-10-31,Perito A,Málaga,56,22,2403,3.4
Allianz,No,2025-02-27,Perito D,Málaga,58,26,5788,3.6
Mutua,No,2024-02-17,Perito A,Madrid,43,24,3320,5.9
Mutua,No,2025-01-13,Perito A,Zaragoza,35,28,1166,3.8
AXA,No,2024-01-10,Perito C,Madrid,52,23,5144,4.1
Mapfre,No,2025-04-11,Perito D,Barcelona,31,44,5403,6.0
Mutua,No,2024-11-25,Perito B,Valencia,53,19,3632,6.7
AXA,Si,2024-03-13,Perito A,Barcelona,26,15,888,5.6
Generali,Si,2024-01-27,Perito B,Valencia,30,15,4443,4.0
AXA,Si,2024-06-01,Perito B,Barcelona,50,34,3901,4.6
Allianz,Si,2024-01-05,Perito B,Málaga,48,25,541,1.0
Allianz,No,2024-02-04,Perito D,Sevilla,32,40,6819,5.0
Generali,Si,2025-04-30,Perito B,Barcelona,50,17,5382,4.5
Mapfre,No,2024-05-28,Perito C,Madrid,21,20,1924,2.1
Linea Directa,No,2024-09-15,Perito D,Valencia,58,25,5679,4.0
Allianz,No,2025-03-03,Perito D,Valencia,34,22,6904,4.2
Allianz,No,2025-03-03,Perito D,Barcelona,30,43,4622,3.5
AXA,No,2024-06-18,Perito D,Valencia,53,24,1992,3.1
AXA,No,2025-03-23,Perito A,Madrid,58,48,1959,3.7
AXA,Si,2025-02-03,Perito A,Málaga,23,38,3412,4.0
Mutua,Si,2024-07-31,Perito B,Sevilla,30,31,1189,3.0
Generali,Si,2024-07-24,Perito A,Sevilla,48,46,2462,1.3
Mapfre,Si,2025-01-31,Perito D,Valencia,21,25,2682,2.0
AXA,Si,2025-04-01,Perito B,Barcelona,35,48,1151,2.9
Mapfre,Si,2025-01-11,Perito C,Valencia,58,38,922,2.1
AXA,Si,2025-06-07,Perito A,Madrid,32,19,3589,2.2
Allianz,No,2025-04-12,Perito D,Zaragoza,56,43,2279,3.6
Mapfre,No,2025-01-11,Perito B,Barcelona,36,48,2917,6.5
Mutua,Si,2025-01-30,Perito A,Málaga,40,30,2532,4.9
AXA,Si,2025-02-20,Perito D,Madrid,38,39,3576,4.6
Linea Directa,No,2024-05-30,Perito B,Málaga,26,22,4724,2.6
Generali,Si,2024-07-19,Perito A,Barcelona,57,43,1700,3.4
Allianz,No,2024-11-09,Perito C,Málaga,27,39,485,3.7
AXA,Si,2024-04-01,Perito A,Madrid,32,37,7511,6.5
Mapfre,No,2024-02-01,Perito D,Madrid,56,48,3695,5.9
AXA,No,2024-07-28,Perito D,Valencia,21,17,7386,4.7
Allianz,Si,2024-08-31,Perito C,Zaragoza,30,44,2265,1.5
Generali,Si,2025-05-25,Perito C,Barcelona,43,48,968,3.9
Generali,No,2024-01-26,Perito B,Sevilla,25,46,6933,4.8
Generali,Si,2024-10-10,Perito B,Zaragoza,45,43,5690,5.3
Linea Directa,Si,2024-07-11,Perito D,Sevilla,26,23,7542,4.7
Allianz,No,2024-03-10,Perito A,Málaga,58,16,3257,4.2
Linea Directa,No,2025-04-29,Perito C,Sevilla,38,21,4489,4.7
Linea Directa,Si,2024-03-25,Perito B,Sevilla,25,19,6845,5.4
AXA,Si,2024-09-18,Perito D,Madrid,48,22,5283,4.8
Allianz,No,2024-01-02,Perito D,Madrid,58,46,5432,5.4
Allianz,No,2024-07-08,Perito D,Madrid,21,32,2361,4.5
AXA,No,2024-03-03,Perito C,Sevilla,38,32,3493,3.9
Mutua,Si,2025-01-26,Perito C,Málaga,23,30,5997,4.4
Linea Directa,No,2025-03-14,Perito C,Barcelona,25,35,1146,4.4
Generali,Si,2024-05-21,Perito A,Valencia,56,24,5126,3.2
Mapfre,No,2025-05-27,Perito C,Málaga,47,18,6216,5.5
Linea Directa,Si,2025-06-01,Perito D,Madrid,49,22,3535,4.2
Mapfre,Si,2024-10-08,Perito C,Málaga,26,33,7268,5.4
AXA,No,2025-06-15,Perito A,Barcelona,28,23,4350,4.4
Mapfre,Si,2025-03-17,Perito A,Zaragoza,44,44,5095,4.5
Mutua,No,2025-05-24,Perito D,Madrid,52,31,5073,4.8
Allianz,Si,2024-04-22,Perito B,Barcelona,20,29,1681,4.1
Generali,Si,2024-02-22,Perito C,Zaragoza,25,18,2101,1.5
Mapfre,Si,2025-02-23,Perito C,Valencia,37,20,6505,5.5
Mapfre,No,2024-08-17,Perito A,Málaga,29,30,3651,3.6
AXA,No,2025-03-22,Perito A,Valencia,47,40,4264,4.4
AXA,Si,2025-06-24,Perito B,Sevilla,30,37,6430,6.9
Allianz,No,2025-05-10,Perito A,Málaga,52,27,254,3.7
Generali,Si,2024-04-07,Perito A,Zaragoza,20,31,7843,6.2
Mapfre,No,2024-08-14,Perito A,Sevilla,32,41,2023,4.4
Allianz,No,2025-01-16,Perito A,Barcelona,56,36,5497,7.6
Generali,Si,2024-02-25,Perito B,Sevilla,39,33,3662,4.0
Allianz,Si,2025-03-05,Perito C,Zaragoza,20,49,7716,3.8
Mapfre,Si,2025-01-17,Perito C,Zaragoza,22,27,3279,1.3
AXA,No,2024-10-09,Perito C,Barcelona,37,28,1032,3.1
AXA,Si,2024-11-11,Perito C,Valencia,33,45,4608,3.0
AXA,Si,2024-06-09,Perito C,Madrid,50,16,3006,4.6
Mutua,No,2025-02-15,Perito D,Valencia,46,28,6154,5.6
Allianz,No,2025-02-17,Perito D,Sevilla,36,23,6303,4.6
Mapfre,Si,2024-12-18,Perito A,Barcelona,48,24,6302,5.8
Allianz,Si,2024-11-19,Perito D,Sevilla,55,21,2690,1.0
AXA,No,2024-05-16,Perito C,Zaragoza,56,42,6086,4.7
Linea Directa,No,2024-05-11,Perito A,Madrid,45,39,527,4.6
Linea Directa,No,2024-10-18,Perito C,Málaga,36,42,7421,5.9
Allianz,No,2025-05-06,Perito C,Málaga,41,16,7104,5.0
Generali,Si,2024-11-24,Perito A,Málaga,44,31,3510,3.2
Linea Directa,Si,2024-01-24,Perito C,Sevilla,21,18,3500,5.1
Linea Directa,No,2024-08-28,Perito D,Málaga,41,27,6922,3.4
Allianz,Si,2025-05-25,Perito A,Barcelona,24,32,7418,7.3
Mutua,Si,2024-07-18,Perito B,Madrid,23,17,7976,6.3
Mutua,Si,2024-06-14,Perito B,Zaragoza,55,47,3875,3.2
AXA,No,2025-01-20,Perito B,Valencia,25,38,3254,6.3
Mapfre,Si,2024-04-25,Perito C,Zaragoza,40,22,5583,3.8
Generali,No,2024-09-18,Perito C,Barcelona,32,49,7785,5.7
Mapfre,Si,2025-05-06,Perito C,Madrid,56,16,2343,4.0
Mapfre,No,2024-10-05,Perito C,Valencia,44,47,5407,5.7
Generali,No,2025-02-12,Perito A,Málaga,45,26,7445,6.5
Mutua,No,2024-11-13,Perito B,Valencia,58,36,1511,3.0
Linea Directa,Si,2024-12-22,Perito D,Sevilla,39,27,3391,3.3
AXA,Si,2024-12-29,Perito A,Sevilla,52,24,7157,3.2
Allianz,Si,2024-08-18,Perito B,Málaga,33,31,2738,4.3
Mutua,Si,2025-03-28,Perito B,Málaga,55,19,4183,4.2
AXA,Si,2024-10-07,Perito A,Barcelona,36,23,4747,2.9
Linea Directa,No,2024-01-07,Perito A,Barcelona,40,27,5819,5.7
Mutua,Si,2024-12-21,Perito A,Zaragoza,35,37,364,3.9
Generali,Si,2025-02-09,Perito D,Sevilla,35,44,4477,2.8
Mapfre,Si,2025-02-22,Perito B,Madrid,39,18,6812,5.2
Generali,Si,2025-03-28,Perito D,Barcelona,48,35,5205,5.6
Linea Directa,No,2025-02-04,Perito D,Madrid,47,23,7078,5.3
Allianz,No,2024-05-17,Perito D,Zaragoza,27,21,1022,1.0
Generali,No,2025-01-23,Perito D,Sevilla,43,30,1143,4.3
Linea Directa,No,2024-02-05,Perito D,Barcelona,22,37,6297,5.2
Mapfre,Si,2024-08-16,Perito A,Madrid,44,37,6350,5.6
Mutua,No,2024-11-30,Perito D,Zaragoza,38,45,4625,3.8
AXA,Si,2024-05-01,Perito C,Madrid,52,19,974,2.8
Linea Directa,No,2025-05-21,Perito A,Barcelona,21,20,2398,4.4
Linea Directa,No,2024-09-13,Perito B,Málaga,34,15,3356,3.9
Allianz,Si,2024-12-14,Perito B,Zaragoza,41,42,4442,2.5
Mutua,Si,2024-03-25,Perito A,Zaragoza,29,32,3895,5.2
Linea Directa,No,2025-03-04,Perito D,Valencia,37,38,3652,4.9
Linea Directa,Si,2024-03-31,Perito A,Málaga,41,27,1114,3.4
AXA,Si,2025-01-25,Perito B,Zaragoza,46,47,5867,4.5
Mapfre,Si,2024-11-23,Perito B,Valencia,32,24,1508,1.0
Generali,No,2024-10-17,Perito A,Madrid,52,21,7043,8.0
Mutua,No,2025-05-31,Perito C,Barcelona,24,46,4377,5.0
AXA,No,2025-03-18,Perito C,Zaragoza,45,36,713,4.6
AXA,No,2025-04-04,Perito C,Sevilla,32,30,2120,5.4
Generali,Si,2024-12-15,Perito B,Barcelona,46,38,7158,5.1
Mutua,Si,2024-02-06,Perito C,Málaga,33,28,7052,2.1
Mutua,Si,2025-03-06,Perito C,Valencia,43,25,6235,4.3
Mapfre,Si,2024-04-16,Perito A,Barcelona,22,33,3794,3.6
Mutua,No,2025-03-31,Perito D,Valencia,49,37,5041,3.6
Linea Directa,Si,2024-03-25,Perito D,Málaga,54,48,7366,3.7
Generali,No,2024-02-18,Perito A,Málaga,33,27,1609,5.0
Mutua,No,2024-11-12,Perito D,Barcelona,31,42,5002,5.6
Mapfre,No,2024-06-26,Perito C,Zaragoza,47,30,4766,6.1
AXA,Si,2024-07-22,Perito B,Sevilla,48,42,3390,2.3
Linea Directa,Si,2024-05-15,Perito C,Zaragoza,36,18,4691,4.7
Mutua,No,2024-03-30,Perito A,Sevilla,59,42,1755,4.9
Generali,No,2025-04-13,Perito D,Valencia,40,26,6604,5.4
Mutua,Si,2025-05-25,Perito A,Barcelona,42,30,1004,4.9
Allianz,No,2025-03-27,Perito A,Madrid,39,34,5229,7.1
Mapfre,Si,2025-03-29,Perito C,Málaga,30,40,1479,1.0
AXA,No,2024-08-07,Perito D,Zaragoza,53,40,6053,3.9
Allianz,No,2025-04-20,Perito B,Valencia,29,36,5200,5.7
Generali,Si,2024-10-17,Perito C,Málaga,29,23,7593,5.0
Mutua,Si,2024-03-03,Perito A,Valencia,25,19,5372,5.3
Mapfre,No,2024-11-22,Perito A,Barcelona,55,31,7283,7.1
Linea Directa,No,2025-01-23,Perito D,Valencia,43,48,6186,4.0
Mutua,Si,2024-10-24,Perito A,Valencia,31,16,5819,3.6
Mutua,No,2025-05-23,Perito A,Madrid,42,21,3777,4.1
Mutua,No,2024-05-30,Perito C,Valencia,46,27,3101,4.6
Linea Directa,No,2025-06-24,Perito D,Sevilla,56,34,1587,1.6
Mutua,No,2024-11-12,Perito C,Valencia,25,44,5599,4.9
Mapfre,No,2024-06-27,Perito B,Valencia,20,44,4888,4.5
Linea Directa,No,2025-01-11,Perito A,Barcelona,25,25,2961,6.6
Linea Directa,Si,2024-09-09,Perito C,Valencia,41,45,7525,6.8
Allianz,No,2024-11-09,Perito C,Madrid,43,17,2879,4.6
Generali,Si,2024-05-07,Perito D,Barcelona,44,16,2306,3.8
Linea Directa,No,2024-05-29,Perito A,Málaga,34,17,4423,5.0
Allianz,No,2024-08-10,Perito C,Sevilla,45,29,5031,3.8
Mapfre,Si,2025-01-25,Perito A,Sevilla,27,31,2968,4.7
Generali,Si,2024-02-26,Perito B,Málaga,43,21,4153,3.8
Linea Directa,Si,2025-06-19,Perito A,Valencia,57,19,3386,4.2
AXA,Si,2025-06-02,Perito A,Madrid,25,48,3480,5.6
Allianz,Si,2025-03-12,Perito C,Madrid,54,47,2773,4.8
Mapfre,No,2024-11-27,Perito D,Madrid,20,30,4816,4.9
Mapfre,Si,2025-05-13,Perito D,Madrid,55,17,2799,4.5
Mapfre,Si,2024-12-17,Perito D,Valencia,31,35,4233,2.7
Generali,Si,2025-04-13,Perito B,Málaga,57,22,436,1.0
Mutua,No,2024-10-04,Perito B,Málaga,30,36,1504,4.0
AXA,No,2024-09-19,Perito C,Sevilla,31,19,3630,5.6
Generali,No,2024-07-02,Perito D,Málaga,58,31,7568,4.4
Generali,Si,2024-04-29,Perito B,Madrid,26,28,6077,3.4
Linea Directa,No,2024-09-07,Perito D,Valencia,30,42,1501,3.1
Allianz,No,2024-07-20,Perito D,Barcelona,55,45,7602,5.0
AXA,No,2024-09-18,Perito B,Barcelona,50,31,2741,4.3
Mapfre,No,2024-12-03,Perito D,Madrid,52,49,2251,4.3
Generali,Si,2025-05-14,Perito A,Zaragoza,32,36,7009,1.9
AXA,Si,2024-10-30,Perito C,Sevilla,37,43,641,1.8
Allianz,Si,2024-01-04,Perito B,Barcelona,43,24,2276,3.4
Mutua,Si,2024-01-19,Perito B,Zaragoza,28,32,3380,5.0
AXA,Si,2024-05-21,Perito D,Madrid,50,49,2857,3.3
Mapfre,Si,2025-03-05,Perito B,Valencia,29,30,3998,5.5
Generali,Si,2024-08-18,Perito A,Barcelona,21,21,1004,5.1
Mutua,Si,2024-10-30,Perito D,Madrid,57,44,274,3.0
Allianz,No,2025-03-16,Perito A,Barcelona,34,33,7181,7.3
Mapfre,No,2024-10-02,Perito C,Valencia,22,37,7513,5.8
Mutua,Si,2025-01-27,Perito C,Málaga,50,22,2375,2.9
Linea Directa,Si,2025-02-23,Perito A,Málaga,25,31,4124,2.4
Linea Directa,No,2025-06-14,Perito D,Valencia,22,35,2289,3.6
Allianz,No,2025-01-13,Perito C,Valencia,30,40,5675,5.0
Mapfre,No,2025-02-04,Perito D,Málaga,34,42,240,2.8
Generali,Si,2024-09-30,Perito D,Valencia,47,47,7277,5.7
Allianz,No,2025-05-22,Perito C,Valencia,29,33,2281,3.6
Mutua,Si,2024-01-03,Perito C,Valencia,57,43,7384,3.4
Mapfre,No,2024-01-08,Perito A,Málaga,26,34,5996,4.9
Linea Directa,No,2024-01-31,Perito D,Málaga,34,34,7520,5.8
Linea Directa,Si,2025-05-28,Perito A,Zaragoza,37,24,7341,5.2
AXA,No,2025-02-02,Perito B,Barcelona,37,26,5697,5.9
Mapfre,Si,2025-02-25,Perito B,Málaga,43,47,4883,2.3
Mutua,No,2024-09-07,Perito B,Barcelona,21,39,1822,5.8
Mutua,Si,2024-07-20,Perito B,Málaga,59,39,7996,4.1
AXA,Si,2024-10-26,Perito C,Sevilla,39,18,541,2.5
Mutua,Si,2025-05-27,Perito C,Barcelona,53,18,4252,4.3
Mapfre,No,2024-09-07,Perito A,Valencia,45,23,2274,2.7
Linea Directa,Si,2025-02-01,Perito C,Sevilla,26,29,7654,4.9
Allianz,No,2024-05-08,Perito C,Zaragoza,57,40,845,2.1
Linea Directa,No,2024-09-02,Perito C,Málaga,49,29,5026,5.0
Linea Directa,Si,2024-11-26,Perito B,Málaga,24,40,4463,3.0
Mapfre,Si,2024-01-07,Perito A,Zaragoza,30,42,809,2.6
Mutua,No,2025-01-31,Perito D,Sevilla,20,21,6611,5.4
AXA,No,2024-03-24,Perito D,Madrid,53,46,6068,4.3
AXA,Si,2024-10-06,Perito D,Valencia,20,26,6336,6.7
Generali,No,2024-01-03,Perito B,Barcelona,38,49,7164,5.5
AXA,Si,2024-10-14,Perito C,Sevilla,21,46,654,2.9
AXA,Si,2024-12-06,Perito C,Barcelona,40,23,3153,5.0
Mutua,Si,2024-02-16,Perito D,Málaga,39,28,1908,3.7
Allianz,No,2024-06-07,Perito D,Madrid,42,27,3672,4.1
Allianz,No,2025-02-06,Perito A,Zaragoza,40,47,3169,3.8
Mutua,No,2024-12-07,Perito B,Madrid,43,46,3228,6.2
AXA,No,2024-03-07,Perito C,Barcelona,23,33,7843,7.2
Mapfre,Si,2024-02-11,Perito D,Zaragoza,31,44,4997,3.7
Linea Directa,No,2024-02-12,Perito D,Málaga,41,30,2881,4.9
Linea Directa,Si,2024-03-03,Perito A,Zaragoza,39,26,3829,3.9
Allianz,Si,2024-02-13,Perito C,Zaragoza,37,24,5895,4.1
Mutua,No,2024-11-05,Perito C,Madrid,20,16,4425,6.8
Mapfre,No,2024-06-23,Perito A,Valencia,49,32,3267,4.8
AXA,No,2025-03-15,Perito A,Málaga,52,27,6141,4.5
Mutua,Si,2025-05-25,Perito C,Sevilla,43,43,1586,1.6
Allianz,No,2025-03-28,Perito A,Sevilla,33,38,3976,4.6
Mapfre,Si,2024-05-01,Perito D,Sevilla,55,26,3066,2.9
Mapfre,Si,2024-05-20,Perito C,Valencia,24,43,4988,4.6
Allianz,No,2025-01-14,Perito B,Málaga,30,36,3563,6.6
Mapfre,No,2025-06-10,Perito C,Zaragoza,43,15,5690,4.7
Linea Directa,No,2024-03-06,Perito A,Barcelona,50,48,5089,4.8
Allianz,Si,2024-12-12,Perito B,Barcelona,32,48,4324,2.8
Linea Directa,Si,2025-02-12,Perito D,Málaga,35,47,348,1.4
Mutua,No,2024-05-09,Perito D,Valencia,43,18,4050,3.8
Generali,No,2024-08-30,Perito D,Málaga,32,44,5615,5.0
AXA,Si,2025-02-19,Perito A,Barcelona,43,34,2258,6.7
Mutua,No,2025-06-03,Perito C,Málaga,45,40,7879,6.2
Linea Directa,No,2024-12-03,Perito A,Sevilla,21,29,7019,5.9
AXA,Si,2025-01-21,Perito C,Zaragoza,35,21,1336,3.4
AXA,Si,2024-10-20,Perito A,Málaga,57,21,386,1.0
Linea Directa,No,2025-03-31,Perito D,Zaragoza,20,43,3054,3.8
Linea Directa,Si,2025-02-11,Perito A,Madrid,30,37,7087,4.2
Allianz,No,2024-12-27,Perito C,Málaga,54,48,1450,4.9
Generali,Si,2024-02-22,Perito D,Barcelona,48,34,1533,1.7
Linea Directa,Si,2024-04-08,Perito D,Barcelona,56,29,4393,5.0
AXA,Si,2025-05-28,Perito B,Zaragoza,36,47,4350,4.3
AXA,Si,2024-05-31,Perito C,Barcelona,58,31,6966,6.8
Mutua,No,2024-09-19,Perito B,Sevilla,47,34,2911,3.0
Generali,Si,2025-06-12,Perito B,Barcelona,48,27,5053,4.6
Generali,No,2025-02-06,Perito B,Madrid,22,38,4701,6.5
AXA,Si,2025-06-22,Perito D,Málaga,29,21,6412,4.0
Generali,No,2025-06-18,Perito B,Valencia,33,22,7679,6.1
Mutua,Si,2025-04-15,Perito C,Barcelona,31,37,5608,5.6
Allianz,Si,2024-03-11,Perito C,Málaga,49,28,1985,2.3
AXA,No,2025-05-05,Perito B,Sevilla,51,18,7915,4.7
Mapfre,Si,2025-02-21,Perito B,Málaga,51,35,950,1.5
AXA,No,2024-05-29,Perito B,Barcelona,51,24,7515,6.4
AXA,No,2025-02-02,Perito B,Barcelona,45,36,7834,5.9
Allianz,Si,2024-10-03,Perito B,Zaragoza,20,44,1962,2.4
Linea Directa,Si,2024-02-21,Perito B,Barcelona,21,44,7611,5.5
Linea Directa,No,2025-04-27,Perito A,Madrid,36,30,7858,8.6
Mapfre,Si,2024-02-20,Perito D,Málaga,49,25,4120,1.8
Mapfre,Si,2025-05-07,Perito D,Zaragoza,58,36,7301,3.2
Mapfre,No,2024-01-01,Perito D,Valencia,26,43,7874,5.1
Linea Directa,Si,2024-04-20,Perito B,Madrid,46,39,4660,3.5
Allianz,Si,2024-05-11,Perito A,Valencia,28,28,6322,1.6
Generali,Si,2025-04-20,Perito D,Barcelona,41,28,681,2.1
Mapfre,Si,2024-03-08,Perito C,Valencia,53,16,6544,3.9
Generali,Si,2025-01-31,Perito D,Valencia,20,27,353,1.8
Mutua,No,2024-01-05,Perito D,Madrid,28,17,7817,5.1
Allianz,Si,2024-03-15,Perito D,Madrid,39,44,1724,4.7
Generali,Si,2025-02-25,Perito D,Málaga,38,32,2320,3.1
Linea Directa,No,2025-03-22,Perito C,Valencia,55,35,7056,4.2
Linea Directa,Si,2024-05-10,Perito B,Madrid,59,33,2543,3.2
Mapfre,No,2024-12-19,Perito C,Málaga,23,30,5336,4.1
Mapfre,No,2024-11-20,Perito C,Valencia,28,42,5960,3.9
Generali,Si,2024-04-11,Perito B,Valencia,41,18,1440,3.6
Linea Directa,Si,2024-08-31,Perito C,Zaragoza,37,29,260,1.0
Generali,No,2024-06-04,Perito C,Barcelona,31,15,1138,4.5
Mutua,Si,2025-05-02,Perito D,Madrid,58,30,1839,2.6
Allianz,No,2024-07-22,Perito D,Sevilla,28,34,6385,4.4
Linea Directa,Si,2024-08-21,Perito B,Zaragoza,25,47,4320,4.5
AXA,Si,2024-02-05,Perito D,Madrid,38,31,5358,4.6
Linea Directa,No,2024-02-03,Perito B,Zaragoza,26,19,4426,4.8
Mutua,No,2024-01-01,Perito B,Barcelona,35,19,3769,5.6
Linea Directa,No,2025-05-06,Perito A,Zaragoza,24,27,1452,4.5
Mutua,No,2025-02-19,Perito B,Zaragoza,35,44,4403,3.4
Linea Directa,No,2024-02-13,Perito C,Málaga,20,18,371,2.4
Mutua,No,2024-11-12,Perito B,Madrid,56,37,1658,4.9
Mapfre,No,2024-08-13,Perito A,Valencia,58,35,3749,4.0
Generali,No,2024-09-23,Perito C,Sevilla,38,35,4397,4.1
Linea Directa,No,2024-12-12,Perito A,Málaga,56,20,7209,6.2
Allianz,No,2024-11-08,Perito D,Madrid,36,38,6867,6.9
Mapfre,Si,2024-10-18,Perito C,Málaga,45,45,2522,3.7
Mutua,Si,2024-04-07,Perito B,Valencia,41,33,1836,4.2
Allianz,No,2024-01-03,Perito A,Zaragoza,27,26,3315,4.8
Mapfre,Si,2024-10-01,Perito B,Sevilla,52,28,4290,3.5
AXA,No,2024-04-27,Perito D,Valencia,21,26,7160,4.2
Linea Directa,Si,2024-05-30,Perito C,Sevilla,49,29,3204,3.6
Linea Directa,Si,2025-05-06,Perito B,Málaga,39,33,5336,5.0
Mutua,Si,2024-02-01,Perito D,Zaragoza,37,42,529,1.1
Mapfre,Si,2024-02-25,Perito B,Zaragoza,29,19,3840,3.7
Mapfre,Si,2025-06-09,Perito C,Madrid,43,19,4094,5.5
Mutua,No,2024-01-06,Perito D,Sevilla,23,20,5816,3.6
AXA,Si,2024-11-25,Perito D,Valencia,56,37,4307,3.5
Linea Directa,Si,2024-10-15,Perito A,Sevilla,23,17,1541,3.6
Generali,No,2025-04-08,Perito C,Málaga,32,47,3863,2.1
AXA,Si,2024-12-29,Perito D,Zaragoza,44,35,415,1.1
Mutua,Si,2024-05-02,Perito C,Málaga,32,34,538,1.1
Generali,Si,2025-06-21,Perito B,Málaga,37,15,6095,3.5
Mapfre,Si,2025-05-07,Perito C,Madrid,43,31,4262,4.0
AXA,Si,2025-02-27,Perito A,Málaga,21,43,2908,3.4
AXA,Si,2024-05-28,Perito C,Madrid,52,22,3352,5.0
Linea Directa,Si,2024-01-23,Perito C,Barcelona,38,40,1950,4.9
Linea Directa,No,2024-08-12,Perito B,Sevilla,28,42,5804,5.1
Generali,No,2024-06-12,Perito A,Zaragoza,47,48,2621,5.7
Mapfre,No,2024-07-29,Perito B,Zaragoza,54,40,7319,6.3
AXA,Si,2024-10-21,Perito D,Valencia,58,27,909,1.7
Generali,Si,2024-04-15,Perito B,Zaragoza,29,27,5519,5.3
AXA,No,2024-02-26,Perito A,Madrid,20,39,7904,7.2
Linea Directa,No,2024-02-09,Perito A,Zaragoza,40,37,6809,6.0
Mapfre,No,2024-01-02,Perito C,Madrid,28,36,5408,4.8
Mapfre,Si,2024-10-06,Perito A,Zaragoza,34,35,5587,4.7
Allianz,No,2024-10-08,Perito B,Valencia,54,44,3926,4.7
Generali,Si,2024-11-24,Perito A,Sevilla,24,25,3842,4.6
Linea Directa,No,2024-09-15,Perito D,Málaga,41,18,4193,3.7
Linea Directa,No,2024-11-04,Perito A,Sevilla,42,47,688,3.0
Linea Directa,Si,2025-02-17,Perito A,Madrid,26,26,5857,5.9
Mutua,Si,2025-01-02,Perito B,Málaga,42,23,246,2.8
AXA,Si,2024-08-20,Perito C,Barcelona,44,46,3559,3.8
Mapfre,Si,2024-09-26,Perito C,Valencia,46,25,5073,2.9
AXA,Si,2024-12-06,Perito B,Sevilla,25,38,5335,3.4
AXA,Si,2024-11-28,Perito C,Málaga,53,21,5006,5.3
Mutua,No,2024-01-02,Perito D,Valencia,28,22,600,1.7
Mapfre,Si,2025-06-05,Perito D,Sevilla,52,47,4190,1.9
Allianz,Si,2024-03-17,Perito C,Madrid,25,39,6113,6.9
Linea Directa,Si,2025-05-08,Perito B,Madrid,56,15,7324,5.3
Generali,No,2024-12-23,Perito B,Madrid,50,17,3357,3.9
AXA,No,2024-01-30,Perito C,Barcelona,53,42,4545,4.1
Mutua,Si,2024-11-03,Perito A,Zaragoza,48,47,590,3.3
Mutua,Si,2024-12-03,Perito C,Madrid,33,15,4053,4.7
Generali,Si,2024-04-23,Perito D,Madrid,55,41,4630,4.6
Generali,Si,2025-02-27,Perito D,Zaragoza,55,49,828,1.0
Mapfre,Si,2024-07-01,Perito A,Madrid,34,24,7886,4.9
AXA,Si,2024-08-04,Perito D,Málaga,27,26,4432,3.5
AXA,No,2024-06-18,Perito B,Valencia,45,24,3130,3.0
Generali,Si,2024-07-21,Perito A,Barcelona,55,48,7031,5.7
Linea Directa,Si,2024-12-15,Perito A,Sevilla,40,38,1721,2.2
Allianz,Si,2025-02-10,Perito A,Zaragoza,47,42,1026,4.5
AXA,Si,2024-11-06,Perito B,Zaragoza,23,36,5022,4.6
Mutua,No,2025-02-14,Perito D,Zaragoza,35,30,1700,5.7
Linea Directa,Si,2024-04-25,Perito C,Barcelona,41,27,6937,6.0
Generali,No,2024-10-13,Perito D,Valencia,31,37,3494,4.0
AXA,Si,2024-08-28,Perito C,Madrid,35,28,5285,5.4
Mapfre,Si,2024-06-23,Perito A,Zaragoza,59,46,2619,1.8
Generali,Si,2024-11-18,Perito C,Madrid,57,17,1134,1.6
Mutua,No,2024-08-10,Perito D,Sevilla,56,41,3242,4.3
Mapfre,No,2024-03-30,Perito B,Zaragoza,48,33,4697,4.0
Generali,Si,2024-01-22,Perito D,Barcelona,37,36,1666,3.1
Generali,Si,2024-08-08,Perito B,Barcelona,29,15,3761,2.6
AXA,Si,2025-01-28,Perito B,Sevilla,58,19,814,1.8
Mapfre,Si,2024-08-30,Perito B,Barcelona,37,47,5592,4.5
Generali,Si,2024-06-23,Perito C,Barcelona,20,33,7893,6.6
Linea Directa,Si,2024-03-10,Perito A,Barcelona,58,20,1382,4.1
Mutua,Si,2025-06-21,Perito A,Zaragoza,40,29,3423,2.3
Mapfre,No,2025-05-28,Perito A,Sevilla,20,47,7338,5.4
Linea Directa,No,2024-12-27,Perito B,Zaragoza,34,38,2867,5.1
AXA,Si,2025-01-13,Perito C,Sevilla,23,41,6531,3.7
Allianz,Si,2024-09-27,Perito C,Valencia,39,25,5417,4.7
Generali,Si,2025-03-25,Perito C,Barcelona,29,37,330,2.6
Allianz,Si,2024-08-12,Perito D,Valencia,42,47,7148,4.2
Generali,Si,2025-03-19,Perito C,Málaga,53,43,5490,3.9
Linea Directa,Si,2025-05-14,Perito C,Málaga,52,45,3183,3.0
AXA,No,2024-08-24,Perito C,Barcelona,53,15,7329,5.1
AXA,No,2024-05-26,Perito A,Madrid,58,48,4478,4.4
AXA,No,2025-03-06,Perito B,Málaga,29,32,7326,5.7
AXA,Si,2024-01-26,Perito D,Madrid,39,32,4659,4.1
Mapfre,No,2024-09-01,Perito A,Valencia,20,20,238,3.0
Mapfre,Si,2025-01-01,Perito C,Barcelona,32,15,7894,4.8
Generali,No,2024-01-22,Perito B,Valencia,20,44,4159,5.7
Mapfre,Si,2024-08-15,Perito B,Zaragoza,24,18,6840,5.3
Generali,No,2024-02-12,Perito B,Valencia,35,46,3787,5.0
Mapfre,Si,2025-01-26,Perito B,Sevilla,34,24,5668,5.5
Mapfre,No,2024-07-14,Perito C,Barcelona,47,19,7325,5.3
Mapfre,No,2024-03-17,Perito D,Sevilla,50,23,1120,3.1
Mutua,No,2024-06-26,Perito C,Valencia,42,19,7764,4.2
AXA,Si,2024-12-28,Perito B,Madrid,36,25,2969,3.6
Mutua,Si,2024-11-18,Perito C,Barcelona,53,49,7528,5.2
Mapfre,Si,2024-11-15,Perito B,Barcelona,32,41,4311,3.8
Mapfre,Si,2024-01-04,Perito C,Málaga,33,18,692,2.2
Mutua,Si,2024-01-13,Perito D,Madrid,30,24,5745,6.6
Linea Directa,No,2024-08-12,Perito B,Zaragoza,47,47,1331,3.7
Generali,Si,2024-08-13,Perito C,Madrid,51,22,7237,6.4
AXA,Si,2025-05-25,Perito A,Valencia,54,38,3721,3.8
Generali,Si,2024-08-19,Perito D,Valencia,50,47,510,1.0
Linea Directa,No,2025-05-08,Perito A,Valencia,36,33,938,3.2
AXA,No,2024-12-18,Perito C,Málaga,28,16,3441,3.6
Allianz,No,2025-04-24,Perito D,Madrid,29,25,745,3.7
AXA,Si,2025-03-02,Perito D,Sevilla,27,49,2661,3.0
Generali,Si,2024-09-24,Perito D,Madrid,40,31,4546,4.9
AXA,No,2024-11-26,Perito C,Sevilla,32,17,5054,5.0
Allianz,Si,2024-12-01,Perito D,Barcelona,24,36,2004,4.2
Allianz,Si,2024-10-02,Perito D,Sevilla,25,49,3412,2.0
Mapfre,Si,2025-03-08,Perito A,Barcelona,49,35,5593,5.9
Allianz,Si,2024-10-08,Perito C,Zaragoza,50,39,7783,5.1
Mutua,Si,2024-07-15,Perito B,Zaragoza,36,16,5927,4.9
Generali,No,2024-03-29,Perito C,Valencia,30,15,4010,3.6
Mutua,No,2024-02-10,Perito C,Madrid,39,21,6210,7.9
Linea Directa,No,2024-07-30,Perito D,Valencia,28,34,7406,4.2
Mutua,Si,2024-08-06,Perito A,Madrid,21,20,1013,3.4
Generali,No,2024-03-14,Perito A,Sevilla,56,35,4324,5.7
Linea Directa,Si,2025-02-11,Perito C,Madrid,20,49,5253,3.2
Mutua,No,2025-04-19,Perito B,Sevilla,23,22,2232,2.8
Mutua,Si,2025-05-08,Perito C,Madrid,55,18,4772,4.7
Linea Directa,Si,2025-03-10,Perito B,Barcelona,44,30,4613,2.7
Mutua,No,2025-05-02,Perito B,Sevilla,22,17,444,2.4
Allianz,No,2024-11-14,Perito C,Valencia,28,21,5043,4.8
Generali,No,2025-04-29,Perito D,Valencia,41,16,4992,3.3
Generali,Si,2024-09-09,Perito D,Valencia,42,15,471,3.4
Generali,No,2024-03-26,Perito B,Valencia,31,15,3711,5.0
Mutua,No,2025-04-05,Perito A,Barcelona,29,21,1971,5.6
Allianz,No,2025-01-23,Perito D,Barcelona,53,38,1462,4.1
Generali,No,2024-05-18,Perito D,Málaga,29,19,2624,4.1
AXA,Si,2024-10-04,Perito B,Málaga,49,35,4561,3.6
Generali,Si,2024-01-31,Perito B,Málaga,41,42,7269,3.4
Mapfre,Si,2024-10-27,Perito B,Zaragoza,25,32,1120,2.7
AXA,No,2024-03-27,Perito D,Málaga,21,38,3630,3.0
Generali,No,2024-02-18,Perito D,Madrid,49,46,4635,5.5
Mutua,No,2025-04-18,Perito A,Zaragoza,21,47,4684,5.4
Generali,Si,2024-03-05,Perito A,Sevilla,51,24,2824,2.8
Allianz,No,2024-06-22,Perito C,Valencia,35,23,3960,6.4
Allianz,Si,2024-07-20,Perito B,Madrid,31,47,2250,5.0
Generali,No,2024-06-26,Perito D,Zaragoza,20,47,3700,3.7
Mutua,Si,2025-04-21,Perito A,Barcelona,27,21,1365,4.5
Mutua,Si,2024-10-03,Perito B,Valencia,32,18,575,2.5
Mutua,No,2024-02-01,Perito B,Sevilla,34,42,2233,3.2
Generali,No,2025-02-07,Perito C,Sevilla,27,37,6667,5.8
Generali,Si,2024-06-16,Perito B,Barcelona,29,46,345,2.9
Mapfre,Si,2024-08-30,Perito A,Valencia,24,30,6277,3.2
Allianz,No,2024-03-01,Perito C,Málaga,38,24,4588,4.0
AXA,Si,2025-06-01,Perito D,Valencia,57,28,631,1.2
AXA,No,2024-10-04,Perito C,Valencia,30,48,904,1.4
Allianz,No,2024-10-07,Perito B,Sevilla,39,38,7292,6.8
Linea Directa,Si,2024-11-08,Perito B,Barcelona,39,32,6294,4.6
Mapfre,Si,2024-11-19,Perito A,Valencia,40,30,2832,3.1
Allianz,No,2024-04-12,Perito B,Madrid,37,39,4694,7.8
Mapfre,Si,2024-01-20,Perito D,Madrid,29,22,7160,3.9
Linea Directa,Si,2024-02-07,Perito A,Barcelona,53,38,7711,6.0
Mapfre,No,2024-08-11,Perito B,Málaga,45,34,1163,1.8
Mutua,Si,2024-03-02,Perito D,Zaragoza,49,44,7507,3.4
Allianz,Si,2025-06-10,Perito A,Valencia,28,34,2434,2.8
AXA,Si,2024-08-10,Perito B,Zaragoza,50,32,2241,3.9
Generali,Si,2024-03-11,Perito D,Valencia,23,18,2028,1.3
Linea Directa,No,2025-06-06,Perito D,Sevilla,25,20,2308,4.1
Linea Directa,Si,2024-12-30,Perito C,Valencia,33,17,4268,6.1
Generali,Si,2025-04-20,Perito A,Zaragoza,23,32,1138,4.6
Allianz,Si,2025-03-22,Perito C,Málaga,45,32,7747,1.7
Generali,Si,2024-10-19,Perito D,Valencia,58,37,5005,3.7
Mapfre,No,2025-03-14,Perito C,Valencia,36,49,1006,4.9
Generali,No,2025-04-20,Perito C,Sevilla,38,20,1663,2.7
Mapfre,No,2025-05-18,Perito C,Madrid,25,40,7686,6.5
Mapfre,Si,2024-11-27,Perito A,Madrid,48,35,5621,5.1
AXA,No,2024-03-24,Perito B,Málaga,30,38,3615,5.2
Generali,No,2024-09-20,Perito C,Barcelona,35,29,210,3.6
AXA,Si,2025-05-24,Perito B,Barcelona,49,41,5381,6.7
Generali,Si,2024-10-17,Perito A,Sevilla,44,46,2068,4.4
Mapfre,No,2024-09-06,Perito B,Zaragoza,59,26,6569,3.6
Generali,No,2024-11-03,Perito A,Zaragoza,30,19,7520,4.5
Linea Directa,Si,2024-10-25,Perito B,Valencia,26,21,6907,4.5
Linea Directa,Si,2025-05-12,Perito A,Sevilla,45,36,5067,4.0
AXA,Si,2024-05-28,Perito D,Zaragoza,41,41,5890,3.4
Mutua,No,2024-03-11,Perito A,Madrid,44,29,5903,5.9
Linea Directa,Si,2024-02-18,Perito B,Málaga,38,49,7942,3.6
AXA,No,2024-01-22,Perito C,Barcelona,50,40,5629,5.9
Mutua,No,2024-12-03,Perito D,Valencia,45,37,1084,3.3
Allianz,No,2024-11-21,Perito C,Barcelona,55,27,7610,7.6
AXA,Si,2024-02-26,Perito B,Madrid,42,40,3764,5.5
Linea Directa,No,2024-04-07,Perito C,Valencia,32,17,1589,3.6
Linea Directa,No,2024-01-24,Perito C,Madrid,44,43,3601,5.6
Generali,No,2025-05-09,Perito A,Barcelona,21,16,7474,5.3
Mutua,No,2024-04-02,Perito B,Barcelona,21,42,4521,6.2
Linea Directa,Si,2025-02-16,Perito C,Madrid,35,37,1024,4.7
Generali,No,2024-07-01,Perito C,Valencia,28,20,2465,4.5
Mutua,Si,2025-06-18,Perito C,Madrid,47,25,1136,3.3
AXA,Si,2025-05-05,Perito B,Valencia,32,48,3000,2.0
AXA,No,2024-03-13,Perito D,Sevilla,54,31,2753,2.5
Generali,No,2024-03-09,Perito C,Sevilla,32,17,6602,5.0
AXA,Si,2024-09-05,Perito C,Valencia,50,48,6207,4.5
Generali,Si,2024-11-24,Perito D,Madrid,40,36,4045,1.8
Mapfre,Si,2024-08-12,Perito D,Valencia,51,43,7884,2.8
Mutua,Si,2025-05-20,Perito D,Barcelona,53,43,1996,4.1
Generali,No,2024-02-14,Perito C,Madrid,27,19,253,5.8
Mutua,No,2024-03-29,Perito A,Zaragoza,21,24,7414,5.8
Mapfre,No,2024-05-09,Perito B,Valencia,57,24,926,4.0
Mutua,No,2025-04-24,Perito C,Barcelona,51,23,2936,4.9
Generali,Si,2024-01-20,Perito D,Málaga,59,35,5840,3.6
AXA,Si,2024-01-09,Perito D,Barcelona,47,27,3370,2.5
Mutua,No,2024-04-23,Perito D,Zaragoza,56,24,5339,4.8
Mutua,No,2025-01-29,Perito D,Valencia,20,25,2113,2.5
Linea Directa,No,2024-07-19,Perito A,Madrid,29,18,6072,6.8
Linea Directa,Si,2025-06-10,Perito B,Madrid,23,45,1796,4.4
Mapfre,No,2025-03-21,Perito A,Sevilla,54,48,2114,4.8
Allianz,Si,2024-09-19,Perito A,Zaragoza,29,49,7857,4.3
AXA,Si,2024-11-21,Perito B,Valencia,30,47,2666,3.2
Generali,Si,2024-08-29,Perito C,Barcelona,33,22,2937,3.4
Mapfre,Si,2024-06-02,Perito C,Barcelona,57,46,1049,4.1
Generali,No,2024-09-07,Perito A,Zaragoza,31,47,2309,5.1
Generali,Si,2024-04-17,Perito B,Valencia,36,22,7512,5.3
Mutua,Si,2025-01-23,Perito D,Barcelona,35,28,6559,6.2
Mapfre,No,2024-05-24,Perito B,Málaga,54,48,202,3.6
Mapfre,No,2025-06-07,Perito C,Zaragoza,21,22,4455,6.0
Linea Directa,Si,2024-05-11,Perito A,Sevilla,30,21,4269,4.7
AXA,No,2024-03-10,Perito D,Madrid,22,27,5076,4.5
Allianz,No,2024-04-30,Perito C,Barcelona,48,35,7487,6.8
Generali,Si,2025-05-05,Perito D,Málaga,37,46,1092,3.0
AXA,No,2024-09-29,Perito B,Valencia,39,25,2230,4.9
Linea Directa,Si,2024-08-31,Perito B,Barcelona,33,28,3360,3.7
AXA,Si,2025-02-04,Perito C,Zaragoza,53,25,2576,2.5
Generali,No,2024-05-17,Perito C,Valencia,50,16,4875,5.3
Mutua,No,2025-05-31,Perito D,Málaga,59,48,2133,2.5
Mutua,No,2025-04-17,Perito D,Málaga,37,31,1580,2.9
Generali,Si,2025-05-07,Perito B,Madrid,49,28,3881,4.5
Linea Directa,No,2024-01-16,Perito A,Valencia,44,39,1490,3.9
Linea Directa,Si,2025-04-03,Perito D,Sevilla,38,41,1840,3.0
Mapfre,No,2024-05-26,Perito B,Madrid,27,22,5247,6.6
Allianz,Si,2024-07-16,Perito A,Valencia,47,31,7690,5.3
Mutua,No,2025-04-05,Perito C,Valencia,27,19,2882,2.9
Allianz,Si,2024-01-26,Perito C,Málaga,50,26,1187,3.9
AXA,No,2024-12-05,Perito D,Zaragoza,22,32,7908,4.4
AXA,No,2024-09-28,Perito A,Málaga,22,40,1418,3.5
Generali,No,2024-06-27,Perito B,Valencia,41,45,5216,4.0
Generali,No,2025-01-24,Perito D,Zaragoza,36,20,7081,3.4
Generali,No,2024-09-03,Perito B,Zaragoza,55,29,1555,4.6
Linea Directa,Si,2024-01-05,Perito A,Málaga,36,40,4465,5.8
Mutua,Si,2024-09-18,Perito D,Valencia,33,26,4816,1.9
Allianz,No,2024-05-21,Perito A,Valencia,28,28,5782,3.6
AXA,Si,2025-04-06,Perito A,Zaragoza,49,15,4335,4.1
Allianz,Si,2024-07-03,Perito A,Madrid,40,31,1760,4.5
Mutua,No,2024-11-01,Perito B,Madrid,31,47,7628,4.4
Allianz,No,2024-07-05,Perito C,Sevilla,56,43,1618,2.5
Allianz,Si,2024-03-07,Perito D,Madrid,51,45,1154,4.2
Linea Directa,Si,2024-11-06,Perito B,Barcelona,30,22,7593,6.2
Generali,No,2024-06-27,Perito A,Barcelona,39,44,1183,6.2
Linea Directa,No,2024-05-17,Perito B,Málaga,54,27,7491,4.5
Linea Directa,No,2025-06-09,Perito A,Zaragoza,30,30,1174,3.9
Allianz,Si,2025-03-25,Perito A,Barcelona,27,16,4333,4.9
Allianz,No,2024-05-07,Perito A,Madrid,23,32,6671,7.8
Linea Directa,Si,2025-05-06,Perito A,Zaragoza,46,49,5570,3.7
Allianz,No,2024-10-20,Perito B,Sevilla,59,33,4172,3.9
Linea Directa,No,2024-03-07,Perito A,Valencia,57,27,5495,5.8
Mapfre,Si,2024-12-24,Perito B,Sevilla,49,18,5921,4.8
Linea Directa,No,2024-11-17,Perito B,Madrid,46,33,1113,3.9
AXA,Si,2025-03-15,Perito C,Madrid,40,39,4749,4.8
AXA,Si,2024-03-15,Perito B,Madrid,39,45,236,4.0
Allianz,Si,2025-05-21,Perito C,Málaga,23,18,3587,3.5
Linea Directa,No,2024-01-30,Perito C,Barcelona,30,21,1911,4.2
Linea Directa,No,2024-09-19,Perito C,Madrid,32,30,3220,5.4
Generali,No,2024-03-02,Perito B,Valencia,28,19,995,4.0
Generali,Si,2024-07-23,Perito C,Barcelona,23,37,4236,4.5
Generali,No,2025-01-28,Perito D,Barcelona,31,46,5268,5.8
Linea Directa,No,2024-09-27,Perito A,Málaga,28,38,4888,6.1
Linea Directa,No,2024-03-12,Perito B,Sevilla,32,39,5433,5.2
AXA,No,2024-02-18,Perito A,Zaragoza,45,42,3311,5.5
Mutua,No,2025-01-27,Perito B,Barcelona,57,33,1524,4.3
Allianz,Si,2025-03-12,Perito C,Barcelona,32,21,6567,4.7
AXA,No,2025-06-19,Perito D,Madrid,58,31,517,5.1
Generali,No,2024-11-02,Perito C,Valencia,47,16,2596,1.6
AXA,No,2024-02-08,Perito B,Madrid,38,30,2362,5.2
AXA,Si,2024-08-22,Perito C,Valencia,43,32,2945,2.7
AXA,No,2024-10-07,Perito D,Barcelona,38,15,5642,6.1
Generali,Si,2025-05-19,Perito A,Valencia,32,17,1791,1.9
Mutua,Si,2025-02-19,Perito A,Madrid,32,35,3311,5.0
Mapfre,No,2024-09-27,Perito C,Madrid,47,44,6185,6.7
Allianz,Si,2025-05-26,Perito B,Sevilla,21,25,6383,4.5
Allianz,Si,2024-05-02,Perito B,Málaga,29,36,4130,2.5
AXA,Si,2025-05-29,Perito A,Sevilla,41,39,2196,2.6
Mutua,No,2024-06-25,Perito D,Barcelona,32,17,6068,6.2
Generali,Si,2025-04-28,Perito C,Valencia,28,44,1512,2.4
Mapfre,No,2025-02-18,Perito C,Madrid,52,38,1485,2.5
Mapfre,No,2025-03-18,Perito A,Madrid,33,37,4511,5.5
AXA,Si,2025-01-10,Perito B,Madrid,39,22,7514,6.7
AXA,Si,2024-03-22,Perito C,Zaragoza,34,18,2583,2.7
Generali,Si,2024-12-13,Perito B,Madrid,51,45,3439,2.8
Generali,No,2024-06-16,Perito B,Zaragoza,52,43,2339,3.4
Linea Directa,No,2025-02-18,Perito A,Barcelona,36,27,6696,6.7
Generali,Si,2024-11-20,Perito B,Málaga,43,23,6914,3.6
AXA,Si,2024-12-22,Perito D,Sevilla,49,35,7938,5.5
Mutua,No,2024-04-19,Perito D,Zaragoza,32,17,7159,4.6
AXA,No,2025-02-05,Perito A,Sevilla,35,39,1904,3.9
AXA,No,2024-02-21,Perito C,Zaragoza,21,39,7124,5.2
Mapfre,Si,2024-03-24,Perito B,Madrid,36,26,562,1.4
Generali,Si,2024-01-30,Perito D,Madrid,51,43,2804,3.8
Allianz,No,2025-04-05,Perito A,Valencia,27,25,7712,5.5
Generali,No,2024-08-03,Perito A,Madrid,22,25,1916,2.7
Linea Directa,Si,2024-03-23,Perito B,Sevilla,31,40,5489,2.3
Mutua,No,2024-08-07,Perito A,Valencia,39,28,4651,5.0
Mutua,Si,2025-04-18,Perito C,Valencia,35,30,4486,4.7
Generali,No,2025-01-16,Perito B,Madrid,33,24,3938,6.0
Generali,No,2025-02-14,Perito C,Valencia,35,45,2669,4.4
AXA,No,2024-04-11,Perito D,Málaga,52,45,4995,4.3
Allianz,No,2025-02-23,Perito D,Madrid,49,24,6350,6.0
AXA,Si,2024-11-28,Perito D,Málaga,31,40,6476,3.8
Mapfre,No,2024-09-10,Perito D,Madrid,34,34,756,3.0
Mapfre,No,2024-12-28,Perito A,Zaragoza,37,23,1025,3.1
Mutua,Si,2024-08-28,Perito C,Málaga,47,29,3008,3.0
Mutua,Si,2025-03-31,Perito A,Madrid,42,23,5350,4.5
Allianz,Si,2024-05-14,Perito A,Sevilla,33,21,6878,3.1
Mutua,No,2024-10-29,Perito D,Zaragoza,49,40,4721,4.7
Linea Directa,Si,2024-04-24,Perito C,Zaragoza,52,38,7761,5.0
Mapfre,No,2025-01-23,Perito B,Zaragoza,34,26,2919,2.3
Allianz,Si,2024-09-11,Perito B,Madrid,26,34,6706,4.0
Mapfre,No,2024-10-23,Perito B,Sevilla,34,28,3708,4.6
Generali,Si,2024-05-14,Perito C,Barcelona,57,36,3941,3.2
Generali,Si,2025-05-06,Perito D,Zaragoza,30,30,1774,2.1
Allianz,Si,2024-01-12,Perito D,Barcelona,48,43,4198,4.7
AXA,No,2024-05-19,Perito C,Madrid,50,46,2329,4.3
Linea Directa,No,2024-01-01,Perito D,Zaragoza,44,33,2603,4.0
Linea Directa,Si,2024-10-17,Perito C,Sevilla,43,49,3529,2.7
Mutua,No,2024-08-25,Perito C,Sevilla,38,46,788,2.9
Allianz,No,2025-06-01,Perito B,Zaragoza,21,34,2212,4.2
Linea Directa,No,2025-02-28,Perito B,Valencia,41,34,1747,4.3
Mutua,No,2024-06-09,Perito A,Valencia,39,22,494,2.4
Mapfre,No,2024-04-03,Perito C,Zaragoza,52,49,2185,2.4
AXA,Si,2024-03-25,Perito B,Málaga,27,27,5543,2.3
Mutua,No,2024-05-22,Perito B,Valencia,44,20,5844,6.6
Generali,Si,2024-01-01,Perito B,Madrid,28,30,3317,3.7
Generali,Si,2024-08-24,Perito D,Valencia,53,19,1890,1.4
Mapfre,Si,2024-11-15,Perito B,Valencia,42,48,1336,2.7
Allianz,No,2025-06-17,Perito D,Madrid,24,20,5552,3.7
Mutua,No,2024-01-26,Perito B,Madrid,44,47,2264,4.4
Mapfre,Si,2024-08-08,Perito D,Málaga,27,29,4655,3.1
Generali,Si,2024-08-13,Perito D,Sevilla,35,29,7590,3.1
Generali,Si,2024-06-21,Perito B,Valencia,34,28,7209,3.2
Generali,Si,2025-05-01,Perito C,Zaragoza,20,19,4995,3.3
AXA,No,2024-08-09,Perito A,Zaragoza,41,40,4743,4.6
AXA,Si,2025-04-24,Perito A,Barcelona,22,31,7199,5.4
Generali,Si,2025-05-01,Perito C,Sevilla,57,30,6708,2.7
Linea Directa,No,2024-05-11,Perito B,Madrid,33,49,4970,4.2
Allianz,Si,2025-01-05,Perito C,Zaragoza,55,37,1207,3.7
AXA,No,2025-04-25,Perito B,Valencia,37,27,5645,3.6
Mutua,Si,2024-10-15,Perito B,Málaga,37,47,2714,2.7
AXA,No,2024-02-19,Perito B,Barcelona,22,43,6757,6.1
Mutua,No,2025-06-20,Perito B,Sevilla,29,48,3726,3.8
AXA,No,2024-08-25,Perito B,Valencia,58,48,4881,4.5
Generali,Si,2025-05-22,Perito C,Madrid,20,41,5552,4.5
Mutua,No,2025-02-05,Perito C,Sevilla,46,29,1447,3.1
Allianz,Si,2024-03-11,Perito A,Barcelona,46,23,5289,6.3
AXA,No,2024-07-09,Perito B,Madrid,30,40,4102,4.4
AXA,No,2024-01-06,Perito C,Barcelona,24,17,1635,3.9
Generali,No,2024-06-28,Perito C,Valencia,26,19,771,4.2
Mutua,Si,2025-01-22,Perito B,Sevilla,38,34,2582,2.3
Linea Directa,No,2025-04-15,Perito B,Málaga,48,34,1445,3.0
Generali,No,2024-09-21,Perito C,Valencia,34,19,2284,3.2
Mutua,No,2024-07-15,Perito B,Zaragoza,54,24,5284,5.8
AXA,No,2025-05-30,Perito D,Valencia,56,30,477,3.5
AXA,Si,2024-07-09,Perito C,Málaga,31,39,5515,2.7
AXA,Si,2024-06-02,Perito A,Málaga,49,39,7259,6.3
AXA,No,2025-03-06,Perito B,Zaragoza,39,44,2087,1.5
Mapfre,No,2025-03-26,Perito D,Zaragoza,56,28,4779,2.4
AXA,No,2024-01-01,Perito A,Madrid,22,36,1465,3.4
AXA,No,2024-09-19,Perito A,Barcelona,28,42,7691,6.0
Linea Directa,Si,2024-07-22,Perito A,Valencia,58,44,5026,3.7
Linea Directa,No,2025-05-14,Perito B,Madrid,45,33,6535,5.1
Mutua,No,2025-04-29,Perito A,Zaragoza,21,34,1240,2.7
AXA,Si,2024-08-01,Perito C,Madrid,42,49,6867,5.8
AXA,No,2024-03-09,Perito C,Valencia,42,36,1117,3.0
Mutua,No,2025-02-16,Perito B,Barcelona,40,29,6744,7.0
AXA,Si,2024-06-17,Perito B,Málaga,35,25,1085,3.2
AXA,No,2024-09-17,Perito A,Valencia,28,48,2952,4.6
Generali,Si,2024-02-01,Perito B,Barcelona,32,38,221,3.7
Mapfre,No,2024-05-16,Perito C,Málaga,47,20,4769,4.3
Mutua,Si,2024-08-29,Perito C,Sevilla,46,31,3391,1.8
Generali,Si,2024-10-01,Perito C,Valencia,36,42,6553,2.7
Linea Directa,No,2024-12-16,Perito B,Zaragoza,57,45,2553,1.8
Allianz,No,2025-04-23,Perito C,Valencia,55,23,7637,6.2
Allianz,No,2025-04-25,Perito B,Zaragoza,20,24,4999,4.7
Linea Directa,No,2025-04-09,Perito D,Barcelona,37,35,886,1.0
Mapfre,Si,2024-03-15,Perito A,Madrid,28,48,484,4.2
Allianz,No,2025-01-17,Perito D,Madrid,32,45,5011,5.2
Mapfre,No,2024-07-21,Perito C,Barcelona,59,43,3947,4.3
Allianz,No,2025-05-10,Perito A,Valencia,34,25,962,2.8
Allianz,Si,2024-04-14,Perito C,Valencia,23,47,5546,3.5
Generali,Si,2025-05-28,Perito C,Zaragoza,52,15,5243,4.9
Allianz,Si,2024-12-21,Perito D,Valencia,43,35,2628,2.3
Linea Directa,Si,2024-08-31,Perito C,Sevilla,55,37,2707,2.1
Mapfre,Si,2024-01-18,Perito A,Zaragoza,29,23,5326,6.4
AXA,No,2024-10-24,Perito C,Madrid,55,15,228,5.0
AXA,No,2025-05-27,Perito A,Sevilla,39,35,1106,4.8
AXA,No,2024-10-28,Perito D,Valencia,30,36,3304,4.6
Mapfre,Si,2024-02-16,Perito B,Madrid,31,18,7222,6.6
Mapfre,No,2025-01-23,Perito C,Zaragoza,37,15,6422,5.6
AXA,Si,2024-02-25,Perito D,Valencia,49,24,4199,2.9
Linea Directa,Si,2025-05-27,Perito C,Zaragoza,56,29,3194,3.2
Allianz,Si,2025-03-18,Perito A,Valencia,39,43,2706,2.0
AXA,Si,2024-02-15,Perito C,Barcelona,44,19,4865,2.4
Mutua,Si,2025-03-20,Perito B,Madrid,31,43,6302,5.8
Mapfre,No,2024-11-17,Perito C,Valencia,40,41,3809,6.1
Mutua,No,2025-06-13,Perito B,Málaga,44,39,3753,3.9
Mutua,No,2025-04-01,Perito B,Málaga,30,30,1653,4.9
Mapfre,No,2024-05-23,Perito C,Zaragoza,28,30,5033,6.2
AXA,Si,2024-12-04,Perito D,Valencia,44,39,3556,2.2
Linea Directa,No,2024-03-10,Perito C,Barcelona,54,15,715,5.4
Generali,No,2025-05-11,Perito B,Zaragoza,51,19,6296,5.7
Mutua,Si,2024-02-13,Perito D,Valencia,33,34,7466,3.7
AXA,Si,2025-06-14,Perito B,Málaga,20,19,6740,4.8
Generali,Si,2024-02-19,Perito B,Madrid,36,43,7856,5.9
Mutua,No,2024-07-14,Perito C,Barcelona,44,48,238,2.1
AXA,No,2025-03-09,Perito A,Valencia,27,32,3542,7.2
Mutua,No,2024-01-20,Perito C,Málaga,24,16,1086,2.3
AXA,Si,2024-12-04,Perito A,Madrid,24,30,3044,4.7
Linea Directa,Si,2025-05-09,Perito A,Málaga,54,43,2404,5.1
Allianz,Si,2024-08-14,Perito C,Zaragoza,38,47,1298,2.2
Allianz,Si,2024-09-02,Perito A,Barcelona,42,30,7227,5.2
Mapfre,Si,2024-04-15,Perito B,Zaragoza,28,49,2023,2.8
Generali,Si,2025-04-17,Perito D,Sevilla,49,31,3401,2.3
Mutua,No,2024-09-22,Perito C,Valencia,35,18,6006,6.2
Mutua,Si,2024-06-05,Perito A,Zaragoza,52,18,5269,3.4
AXA,Si,2024-12-18,Perito B,Madrid,21,39,3355,3.5
Generali,Si,2024-10-20,Perito D,Barcelona,33,47,3293,3.5
Mutua,Si,2024-11-30,Perito A,Barcelona,20,28,3730,3.5
Generali,Si,2024-06-30,Perito A,Sevilla,45,38,5858,3.9
Generali,Si,2024-06-29,Perito B,Sevilla,44,25,3978,2.8
Allianz,Si,2024-09-26,Perito D,Valencia,35,39,3096,1.3
Mutua,Si,2024-04-29,Perito D,Zaragoza,34,42,3653,2.1
Mutua,Si,2024-12-26,Perito B,Valencia,45,21,7091,5.1
Mapfre,No,2024-01-16,Perito D,Zaragoza,35,24,3711,1.7
Generali,No,2024-11-24,Perito C,Zaragoza,33,45,7971,6.7
AXA,No,2025-01-08,Perito D,Barcelona,48,33,1188,3.4
Allianz,No,2024-04-29,Perito A,Zaragoza,43,32,4316,5.3
Mapfre,Si,2025-02-18,Perito D,Valencia,34,20,6646,4.7
Allianz,No,2024-02-11,Perito C,Valencia,38,42,5164,3.8
AXA,No,2025-02-10,Perito C,Sevilla,27,21,4226,4.9
Mapfre,Si,2025-04-09,Perito A,Barcelona,53,26,4379,3.7
Allianz,Si,2025-02-03,Perito A,Málaga,21,48,1882,1.7
AXA,Si,2025-05-04,Perito C,Málaga,46,39,6272,3.8
Linea Directa,Si,2024-03-15,Perito B,Madrid,29,31,7820,5.4
Mapfre,No,2025-01-21,Perito C,Sevilla,54,47,5706,5.9
AXA,Si,2025-02-22,Perito D,Madrid,42,37,5826,3.0
Mapfre,Si,2024-12-01,Perito A,Barcelona,27,23,7624,6.6
Mutua,Si,2025-03-23,Perito B,Málaga,47,20,4865,3.2
Mutua,No,2024-07-25,Perito C,Málaga,42,16,4163,4.2
Allianz,No,2024-10-17,Perito A,Málaga,23,23,1133,1.7
Generali,Si,2024-09-14,Perito D,Madrid,33,17,3798,3.5
Linea Directa,No,2025-03-12,Perito B,Valencia,48,30,3433,4.9
Generali,Si,2024-09-10,Perito B,Madrid,20,39,2180,3.4
AXA,No,2024-05-06,Perito B,Málaga,23,38,7530,5.1
Mapfre,Si,2025-01-15,Perito D,Sevilla,51,43,2055,4.0
Mutua,No,2024-04-17,Perito A,Sevilla,52,40,3256,4.5
Generali,No,2024-04-23,Perito C,Zaragoza,45,49,992,1.5
Mutua,No,2024-02-16,Perito A,Madrid,36,37,991,3.2
Linea Directa,Si,2024-12-13,Perito D,Zaragoza,58,18,7891,5.6
AXA,No,2024-01-17,Perito A,Zaragoza,42,28,2009,3.6
Linea Directa,No,2024-04-02,Perito B,Madrid,51,21,5590,6.6
Linea Directa,No,2024-12-29,Perito C,Zaragoza,34,22,6835,4.9
AXA,Si,2024-07-12,Perito D,Barcelona,32,33,2455,3.7
Mapfre,No,2025-06-23,Perito B,Madrid,21,16,3810,4.8
Linea Directa,Si,2024-02-25,Perito A,Zaragoza,38,15,1807,2.9
Generali,Si,2024-05-21,Perito B,Zaragoza,43,27,5379,4.2
AXA,Si,2024-10-24,Perito A,Madrid,43,38,6773,4.5
AXA,Si,2025-06-21,Perito A,Málaga,30,46,1184,3.2
Mutua,Si,2024-04-02,Perito D,Zaragoza,41,44,5976,3.7
Allianz,No,2024-11-30,Perito A,Valencia,34,20,3876,3.2
Linea Directa,Si,2025-05-09,Perito B,Málaga,29,47,3580,5.9
Generali,No,2024-03-15,Perito D,Valencia,46,37,719,2.4
Mapfre,No,2024-02-22,Perito C,Málaga,28,24,790,2.2
Linea Directa,Si,2024-11-28,Perito D,Málaga,47,29,1250,3.4
Mapfre,Si,2024-07-24,Perito B,Barcelona,20,37,6005,3.7
Mutua,Si,2024-10-04,Perito A,Zaragoza,36,15,3833,3.2
Linea Directa,No,2024-06-21,Perito D,Valencia,50,22,6331,4.8
Mapfre,No,2024-01-22,Perito D,Málaga,29,17,6542,4.1
Linea Directa,No,2024-07-06,Perito D,Málaga,56,28,6730,5.3
AXA,No,2024-11-16,Perito B,Valencia,48,31,4644,5.1
Linea Directa,No,2024-08-21,Perito A,Barcelona,37,48,1159,4.1
Generali,No,2025-04-23,Perito C,Valencia,57,20,6259,6.6
Linea Directa,No,2024-10-30,Perito C,Barcelona,58,19,892,4.0
Mapfre,No,2024-09-22,Perito A,Barcelona,25,43,5855,6.7
Generali,No,2025-04-18,Perito C,Sevilla,59,49,4099,4.0
Mapfre,Si,2025-01-17,Perito A,Barcelona,31,32,4673,4.6
Allianz,No,2024-11-27,Perito D,Sevilla,33,44,3146,3.5
Allianz,Si,2024-04-27,Perito D,Zaragoza,29,29,7259,5.8
Generali,Si,2025-01-22,Perito B,Madrid,39,29,7925,6.1
Allianz,No,2025-02-13,Perito D,Barcelona,34,30,726,2.7
Allianz,No,2025-06-13,Perito B,Valencia,50,47,3424,4.2
AXA,No,2024-01-08,Perito C,Sevilla,26,24,7077,4.8
Mapfre,No,2024-07-14,Perito C,Madrid,29,33,2453,5.8
Allianz,No,2024-05-12,Perito D,Zaragoza,29,17,6798,4.7
Generali,No,2025-05-14,Perito A,Madrid,58,18,3544,4.3
AXA,Si,2024-12-02,Perito C,Barcelona,47,25,4165,4.8
Allianz,Si,2024-06-01,Perito C,Valencia,49,47,5555,3.0
Linea Directa,No,2024-10-08,Perito C,Barcelona,56,42,2075,5.1
Generali,Si,2024-05-07,Perito A,Málaga,22,46,1963,4.1
Mapfre,Si,2024-03-22,Perito D,Madrid,34,30,720,2.5
Linea Directa,Si,2024-08-21,Perito B,Málaga,40,23,5997,3.8
Allianz,Si,2024-06-04,Perito A,Málaga,56,25,1216,3.1
Generali,Si,2024-06-06,Perito A,Sevilla,31,20,7299,4.3
Linea Directa,Si,2025-05-16,Perito C,Málaga,23,41,7069,4.4
Generali,No,2025-06-07,Perito B,Madrid,28,26,5309,6.0
Mutua,Si,2025-04-16,Perito A,Madrid,58,36,6844,4.9
Linea Directa,Si,2024-12-16,Perito C,Valencia,47,35,316,3.3
Generali,Si,2024-10-22,Perito A,Barcelona,42,47,2633,2.7
Linea Directa,Si,2025-02-20,Perito C,Valencia,59,31,5663,4.7
Mutua,No,2025-05-27,Perito B,Valencia,41,43,783,4.6
Mapfre,Si,2024-02-21,Perito B,Barcelona,43,24,594,4.0
Mapfre,No,2025-06-14,Perito C,Madrid,45,32,5383,4.7
AXA,Si,2024-11-15,Perito D,Sevilla,49,27,3988,3.7
Linea Directa,No,2025-05-11,Perito A,Málaga,52,41,2968,6.6
Mutua,Si,2024-05-22,Perito D,Sevilla,35,24,4367,2.8
Generali,Si,2024-10-16,Perito A,Málaga,41,46,4060,3.9
AXA,Si,2025-04-14,Perito B,Barcelona,37,17,473,3.9
Linea Directa,No,2024-06-09,Perito A,Barcelona,26,36,2213,4.4
AXA,No,2024-12-17,Perito C,Valencia,45,41,5639,3.3
Linea Directa,No,2024-09-14,Perito C,Zaragoza,27,17,4633,5.0
Mapfre,No,2025-02-22,Perito C,Zaragoza,25,47,1589,3.6
Generali,Si,2025-06-22,Perito D,Barcelona,49,16,3766,2.7
Mutua,Si,2024-12-11,Perito B,Málaga,58,25,4902,4.0
Mapfre,No,2024-05-29,Perito B,Zaragoza,42,24,365,2.8
AXA,Si,2024-11-29,Perito B,Sevilla,51,47,1767,3.0
Allianz,Si,2024-11-18,Perito C,Sevilla,41,21,6354,4.3
AXA,Si,2024-04-22,Perito B,Sevilla,28,29,5620,4.0
Allianz,No,2024-01-15,Perito D,Zaragoza,50,40,928,2.8
Linea Directa,No,2024-08-01,Perito D,Sevilla,26,25,7144,3.1
Mapfre,Si,2024-08-09,Perito D,Valencia,28,41,2243,1.0
Linea Directa,No,2024-01-21,Perito C,Zaragoza,32,21,4397,6.3
Mutua,No,2025-05-22,Perito A,Sevilla,22,15,3696,6.1
Generali,No,2024-02-18,Perito B,Málaga,54,24,5711,4.6
Allianz,No,2024-06-23,Perito D,Valencia,52,35,978,3.3
Generali,Si,2024-10-07,Perito A,Valencia,40,29,413,1.0
Linea Directa,No,2024-06-23,Perito A,Zaragoza,50,44,3962,3.3
Mapfre,No,2025-02-28,Perito D,Valencia,53,44,5407,1.4
Mapfre,Si,2025-05-06,Perito D,Barcelona,51,22,1776,2.0
Linea Directa,No,2024-12-20,Perito B,Valencia,54,38,2648,3.2
Linea Directa,Si,2024-05-23,Perito B,Málaga,34,33,6931,5.0
Mapfre,Si,2024-02-16,Perito A,Zaragoza,51,17,3136,3.3
Mutua,No,2024-05-02,Perito A,Zaragoza,25,29,3317,4.9
Allianz,Si,2025-01-17,Perito A,Sevilla,40,20,5991,4.1
Generali,Si,2025-03-23,Perito C,Barcelona,52,32,7830,5.5
AXA,No,2025-05-25,Perito A,Sevilla,51,33,791,3.4
Linea Directa,No,2025-03-31,Perito C,Madrid,38,44,5629,6.1
Linea Directa,No,2024-11-14,Perito B,Barcelona,52,27,5405,3.1
Mapfre,Si,2024-03-03,Perito A,Málaga,47,26,6435,4.6
Generali,Si,2024-03-13,Perito B,Barcelona,50,48,2920,3.8
Generali,Si,2024-05-27,Perito A,Valencia,40,26,913,4.5
Mutua,Si,2025-01-25,Perito B,Barcelona,53,38,1135,3.6
Allianz,Si,2024-01-09,Perito A,Valencia,34,18,6247,6.2
Mutua,Si,2024-05-24,Perito C,Sevilla,33,28,4537,2.7
Mutua,No,2024-09-04,Perito D,Barcelona,38,31,6339,4.9
Generali,Si,2024-02-24,Perito B,Barcelona,34,17,201,4.7
Allianz,Si,2024-08-16,Perito B,Málaga,25,37,6568,4.0
Allianz,No,2024-11-06,Perito D,Madrid,28,27,3048,3.7
Allianz,Si,2024-07-05,Perito A,Barcelona,56,23,6064,5.5
Mapfre,Si,2025-01-03,Perito C,Sevilla,39,35,4244,3.6
Allianz,Si,2025-02-15,Perito C,Valencia,53,22,2149,4.0
Generali,No,2024-06-05,Perito C,Sevilla,57,31,6932,4.5
Mapfre,No,2024-02-22,Perito A,Zaragoza,45,30,6459,6.4
AXA,No,2024-08-04,Perito B,Zaragoza,37,30,1117,5.1
Linea Directa,No,2024-05-06,Perito A,Málaga,47,42,3374,5.7
Mutua,Si,2025-03-05,Perito C,Zaragoza,28,30,2441,4.6
Allianz,Si,2024-06-11,Perito D,Barcelona,51,28,7533,5.0
AXA,No,2025-05-21,Perito C,Madrid,25,34,7214,7.0
Allianz,Si,2024-12-17,Perito B,Madrid,33,48,289,2.3
Mutua,Si,2024-11-07,Perito A,Barcelona,47,43,1909,6.6
Generali,Si,2025-05-12,Perito A,Madrid,43,17,2369,5.2
Generali,No,2024-09-07,Perito C,Sevilla,32,24,4438,4.7
Mutua,Si,2024-11-17,Perito B,Valencia,31,34,3241,3.0
AXA,No,2024-01-31,Perito B,Barcelona,38,16,305,2.0
Mapfre,Si,2024-08-21,Perito D,Zaragoza,40,41,1086,1.0
Linea Directa,Si,2025-01-05,Perito C,Valencia,46,46,627,1.1
Linea Directa,No,2024-05-11,Perito D,Madrid,38,24,5624,4.8
Linea Directa,No,2024-06-24,Perito A,Málaga,43,31,2095,4.8
Mapfre,Si,2024-09-25,Perito A,Valencia,45,47,6290,5.4
Allianz,No,2024-12-06,Perito B,Málaga,47,20,516,3.2
Mutua,No,2025-01-21,Perito D,Sevilla,37,32,6282,4.9
Mutua,Si,2024-01-18,Perito B,Málaga,55,23,834,2.1
Mapfre,No,2024-01-17,Perito C,Valencia,48,22,2125,4.8
AXA,No,2024-12-09,Perito B,Valencia,36,39,2256,3.0
Linea Directa,No,2025-03-22,Perito A,Barcelona,23,45,7117,6.6
Mutua,No,2024-07-22,Perito A,Zaragoza,48,18,3344,4.8
Generali,No,2024-06-17,Perito B,Málaga,23,34,7726,4.8
Generali,No,2024-05-03,Perito C,Sevilla,29,42,2470,2.3
Mutua,Si,2024-08-29,Perito D,Barcelona,44,15,1639,3.4
Linea Directa,No,2024-10-20,Perito A,Barcelona,50,37,752,7.0
Linea Directa,No,2024-03-17,Perito A,Sevilla,22,27,7737,6.2
Linea Directa,Si,2024-06-04,Perito C,Barcelona,21,30,915,4.1
AXA,No,2024-08-01,Perito B,Sevilla,44,40,5583,4.5
Generali,No,2024-03-24,Perito A,Madrid,25,45,4111,6.3
AXA,Si,2024-08-12,Perito A,Barcelona,45,15,1913,2.7
Mapfre,Si,2024-12-22,Perito C,Valencia,27,31,6179,3.0
Allianz,No,2024-05-15,Perito B,Madrid,54,30,3589,5.8
Linea Directa,No,2025-02-03,Perito C,Barcelona,46,24,1307,4.2
Mapfre,Si,2024-02-13,Perito C,Sevilla,44,45,5637,2.2
Allianz,No,2024-11-04,Perito B,Madrid,37,24,4406,5.0
Generali,No,2025-02-27,Perito A,Zaragoza,20,48,450,4.6
Allianz,Si,2024-09-02,Perito D,Madrid,58,20,2630,2.8
Allianz,Si,2024-09-01,Perito D,Valencia,22,42,2254,1.0
Mutua,Si,2024-04-20,Perito D,Barcelona,23,42,658,4.5
Allianz,No,2024-05-18,Perito C,Barcelona,56,27,5403,5.9
Mutua,Si,2025-03-30,Perito A,Sevilla,34,26,407,4.3
Allianz,No,2024-07-21,Perito A,Madrid,27,16,1099,5.2
Mutua,Si,2024-09-30,Perito A,Valencia,57,22,3661,3.1
Generali,Si,2024-06-27,Perito A,Sevilla,38,23,3585,4.0
Generali,No,2024-08-27,Perito C,Zaragoza,45,22,221,3.4
Allianz,Si,2024-06-16,Perito D,Sevilla,58,17,609,3.5
AXA,No,2024-04-15,Perito D,Valencia,29,23,1094,4.1
Generali,No,2024-01-22,Perito B,Barcelona,57,27,714,4.9
Mapfre,No,2025-01-12,Perito A,Valencia,33,23,7494,6.4
Mapfre,No,2024-02-02,Perito D,Barcelona,38,45,5104,5.3
Mutua,No,2024-03-13,Perito D,Málaga,49,39,5169,3.6
AXA,Si,2025-02-25,Perito A,Madrid,24,22,4309,6.0
Linea Directa,Si,2024-09-29,Perito A,Valencia,50,45,5266,3.8
Mutua,No,2024-12-16,Perito D,Zaragoza,26,45,7321,4.7
Allianz,No,2025-04-12,Perito B,Zaragoza,38,31,7357,5.5
Generali,No,2024-07-15,Perito A,Sevilla,50,33,7379,5.3
AXA,No,2024-07-25,Perito D,Barcelona,58,17,2334,3.8
Mutua,Si,2024-06-17,Perito B,Madrid,43,44,3795,4.3
Mutua,Si,2024-04-07,Perito C,Zaragoza,53,24,3156,3.0
Mapfre,Si,2024-12-28,Perito B,Madrid,42,43,1760,5.0
Allianz,Si,2025-03-28,Perito A,Valencia,59,32,5620,2.8
Mutua,Si,2024-07-27,Perito C,Sevilla,25,26,1466,3.1
Mapfre,Si,2025-02-12,Perito B,Zaragoza,57,37,2369,2.3
AXA,No,2025-04-15,Perito D,Valencia,55,25,7514,4.7
Mutua,Si,2024-02-10,Perito A,Sevilla,46,23,3838,1.4
Linea Directa,Si,2024-04-15,Perito C,Málaga,30,38,949,1.6
Linea Directa,No,2025-03-01,Perito D,Valencia,24,39,3627,4.2
Mapfre,No,2024-11-28,Perito C,Barcelona,36,39,4980,5.0
Linea Directa,No,2025-04-27,Perito B,Valencia,26,23,2127,3.2
Allianz,No,2024-10-25,Perito D,Valencia,46,26,4004,3.5
Generali,No,2025-06-14,Perito A,Zaragoza,34,25,3902,5.0
Linea Directa,Si,2025-06-07,Perito D,Málaga,32,42,2556,4.0
AXA,No,2024-12-20,Perito B,Zaragoza,30,22,4990,4.6
Mutua,No,2024-09-01,Perito C,Málaga,45,24,2535,6.7
Mapfre,No,2024-06-23,Perito D,Zaragoza,41,39,506,5.3
Mutua,Si,2024-03-02,Perito C,Valencia,47,23,3865,4.9
Generali,No,2024-03-06,Perito A,Sevilla,43,22,2189,5.2
Mutua,No,2024-10-10,Perito D,Málaga,48,17,7257,5.3
Mutua,Si,2024-10-18,Perito C,Málaga,28,32,861,3.8
Mapfre,No,2025-03-07,Perito A,Sevilla,23,49,4844,7.2
Generali,Si,2024-11-25,Perito B,Madrid,37,31,7719,5.7
AXA,Si,2024-05-03,Perito D,Málaga,35,42,511,1.9
Mapfre,No,2024-03-21,Perito D,Málaga,52,29,3120,4.3
Generali,Si,2025-06-12,Perito D,Sevilla,48,33,1282,1.8
Generali,No,2025-03-17,Perito C,Sevilla,58,36,3171,5.5
Mutua,No,2025-01-28,Perito C,Valencia,29,20,6033,3.8
Allianz,No,2025-03-21,Perito A,Valencia,28,21,954,4.2
Allianz,Si,2024-09-21,Perito D,Madrid,50,23,4330,2.8
AXA,Si,2025-05-13,Perito A,Madrid,47,34,4740,5.0
Mutua,Si,2025-04-23,Perito D,Madrid,22,25,6436,3.9
Allianz,Si,2025-06-01,Perito B,Barcelona,33,16,6278,5.0
Mapfre,Si,2024-10-04,Perito D,Sevilla,44,36,5526,1.7
AXA,No,2024-05-01,Perito A,Málaga,34,19,552,4.3
Mutua,No,2024-01-09,Perito C,Sevilla,21,21,1102,3.0
Linea Directa,No,2024-03-12,Perito B,Sevilla,43,20,5651,5.9
Mapfre,Si,2025-02-08,Perito B,Madrid,33,36,4088,4.3
Allianz,Si,2024-11-30,Perito D,Sevilla,26,24,7205,4.7
Allianz,Si,2025-06-09,Perito B,Barcelona,55,34,6044,4.5
Allianz,No,2025-02-09,Perito A,Zaragoza,43,42,358,4.4
Allianz,No,2024-12-20,Perito A,Málaga,46,37,2177,6.3
Generali,Si,2024-08-19,Perito D,Zaragoza,56,49,1156,1.1
Linea Directa,No,2025-02-27,Perito C,Madrid,57,15,2271,5.6
AXA,Si,2024-07-02,Perito B,Valencia,49,43,603,1.0
AXA,No,2025-05-27,Perito B,Zaragoza,46,23,7148,5.2
Allianz,Si,2024-08-20,Perito D,Málaga,58,23,4811,1.3
AXA,Si,2024-05-31,Perito B,Zaragoza,34,36,2979,3.7
Linea Directa,No,2024-05-20,Perito C,Valencia,45,16,1587,2.9
Mapfre,No,2024-08-31,Perito D,Valencia,20,30,3653,4.5
Mapfre,Si,2024-02-11,Perito A,Sevilla,23,20,6875,5.1
AXA,No,2024-07-07,Perito B,Málaga,48,27,1155,3.1
Allianz,No,2024-01-15,Perito D,Barcelona,20,47,6495,6.4
Mutua,No,2024-03-05,Perito A,Sevilla,41,33,7929,7.2
Linea Directa,Si,2024-10-16,Perito A,Valencia,30,29,1912,2.7
Allianz,No,2024-07-07,Perito A,Zaragoza,29,47,7290,7.0
Generali,No,2024-08-07,Perito D,Málaga,36,24,4903,3.9
Mutua,No,2024-04-20,Perito D,Sevilla,55,15,7984,2.4
Linea Directa,No,2024-03-28,Perito A,Málaga,45,26,6763,6.0
Generali,Si,2024-10-06,Perito A,Zaragoza,40,43,1473,2.3
AXA,Si,2024-07-31,Perito D,Madrid,32,31,7484,4.6
Generali,Si,2024-05-28,Perito D,Barcelona,28,18,7209,2.9
AXA,No,2024-07-13,Perito C,Barcelona,30,43,5831,6.2
Generali,Si,2025-04-29,Perito A,Barcelona,30,21,4011,4.1
Mutua,No,2024-10-03,Perito B,Valencia,25,27,2825,3.4
Generali,Si,2024-12-11,Perito B,Valencia,20,19,2582,3.9
Allianz,Si,2024-11-28,Perito D,Barcelona,25,20,1641,1.0
AXA,No,2025-02-23,Perito B,Málaga,32,48,3179,4.4
Mapfre,No,2024-02-27,Perito D,Madrid,41,21,1997,4.6
Generali,No,2025-03-07,Perito C,Valencia,50,42,4590,4.8
AXA,Si,2024-05-04,Perito D,Zaragoza,41,24,4209,4.0
Mapfre,No,2025-01-28,Perito A,Sevilla,56,18,5050,6.1
AXA,No,2024-03-05,Perito D,Sevilla,46,17,1594,3.2
AXA,No,2024-02-09,Perito B,Valencia,33,39,4481,3.7
Mapfre,Si,2025-04-08,Perito B,Barcelona,24,37,1469,3.0
Mapfre,No,2024-07-23,Perito B,Málaga,55,41,4932,4.6
Mutua,Si,2024-07-11,Perito A,Madrid,51,28,5587,3.0
Linea Directa,Si,2024-04-29,Perito D,Sevilla,53,46,3914,2.3
Generali,No,2025-01-06,Perito D,Valencia,26,37,7604,6.2
Generali,No,2025-06-12,Perito B,Málaga,29,17,729,2.9
AXA,No,2024-03-26,Perito A,Barcelona,36,49,3823,6.6
Allianz,No,2025-05-23,Perito B,Madrid,49,27,6364,7.0
Allianz,Si,2025-02-25,Perito B,Madrid,40,48,3158,5.3
Linea Directa,No,2025-01-18,Perito A,Sevilla,32,38,3114,4.2
AXA,No,2025-06-05,Perito B,Sevilla,20,15,5089,4.4
Mutua,Si,2024-09-22,Perito C,Zaragoza,20,26,3791,3.6
Mapfre,Si,2024-10-07,Perito A,Valencia,52,22,2347,2.5
AXA,No,2025-02-05,Perito B,Madrid,57,33,7095,5.7
Generali,No,2024-06-01,Perito D,Barcelona,44,23,4773,6.1
Allianz,No,2024-04-02,Perito C,Barcelona,45,42,5918,5.3
Allianz,No,2024-05-24,Perito D,Valencia,32,28,3569,4.2
Allianz,No,2025-04-25,Perito D,Madrid,47,41,1139,4.3
Mutua,Si,2024-02-25,Perito C,Sevilla,52,32,725,2.2
Generali,Si,2024-07-07,Perito A,Zaragoza,56,20,6677,5.0
Mutua,Si,2025-04-17,Perito B,Barcelona,49,47,201,3.7
Mapfre,No,2024-02-21,Perito D,Málaga,27,39,574,4.1
AXA,No,2025-04-10,Perito D,Valencia,20,27,2540,2.4
AXA,No,2025-04-24,Perito D,Barcelona,31,37,7180,4.9
Allianz,No,2024-05-16,Perito A,Málaga,24,47,4205,4.8
Allianz,Si,2025-02-12,Perito D,Málaga,43,35,3252,2.9
Mapfre,Si,2025-06-17,Perito D,Barcelona,25,48,4848,4.4
Mutua,No,2024-01-07,Perito D,Valencia,44,31,2565,5.1
Linea Directa,No,2024-08-12,Perito C,Málaga,20,24,1725,2.6
Linea Directa,No,2024-11-09,Perito C,Málaga,44,37,6147,3.4
Linea Directa,Si,2025-04-22,Perito D,Madrid,20,16,4676,4.6
Generali,Si,2024-02-23,Perito A,Zaragoza,51,49,1846,3.3
Mapfre,No,2025-04-25,Perito A,Zaragoza,22,28,213,3.4
AXA,No,2024-08-10,Perito B,Zaragoza,38,16,4799,5.4
AXA,Si,2025-03-07,Perito C,Madrid,48,33,2478,2.2
Mutua,No,2024-06-21,Perito A,Zaragoza,21,30,6304,3.9
Mapfre,Si,2024-09-28,Perito D,Madrid,28,39,3355,1.6
Generali,No,2024-03-10,Perito C,Málaga,36,15,329,2.4
Mapfre,Si,2025-06-14,Perito A,Málaga,55,16,4014,5.1
Mapfre,No,2025-03-17,Perito B,Valencia,36,41,5133,3.2
Mutua,Si,2024-07-20,Perito D,Sevilla,31,16,3416,2.7
Generali,Si,2024-11-10,Perito C,Madrid,39,44,3138,4.4
Linea Directa,No,2024-01-25,Perito B,Zaragoza,22,24,4128,5.9
AXA,Si,2024-03-25,Perito B,Sevilla,23,33,2240,1.9
Allianz,No,2025-06-02,Perito C,Madrid,36,30,227,3.2
Linea Directa,Si,2025-06-09,Perito A,Zaragoza,56,27,2313,4.3
Generali,No,2025-01-27,Perito D,Madrid,34,22,7530,4.9
AXA,No,2024-09-20,Perito B,Zaragoza,52,45,1452,4.7
Linea Directa,Si,2024-01-27,Perito B,Valencia,35,39,4556,3.9
Mutua,No,2024-03-19,Perito C,Valencia,30,35,2246,2.0
Generali,No,2025-01-26,Perito C,Barcelona,39,43,5768,6.6
Generali,No,2025-04-18,Perito C,Madrid,57,20,5743,6.4
AXA,No,2025-02-04,Perito B,Madrid,43,32,4755,5.3
AXA,Si,2024-03-13,Perito A,Madrid,35,49,4223,4.3
Mapfre,Si,2024-12-23,Perito A,Valencia,49,41,4596,5.6
Mapfre,No,2024-07-17,Perito D,Zaragoza,53,19,7262,2.5
Generali,Si,2024-07-21,Perito C,Madrid,20,21,3574,2.7
Allianz,No,2025-02-07,Perito D,Barcelona,43,24,6630,5.2
Mutua,No,2024-02-20,Perito B,Málaga,43,24,3666,4.7
AXA,No,2024-03-04,Perito B,Barcelona,28,42,3281,5.1
Mapfre,Si,2024-08-04,Perito B,Zaragoza,41,24,3978,2.6
Mutua,No,2024-09-14,Perito D,Málaga,31,49,829,3.3
Linea Directa,No,2024-08-13,Perito C,Valencia,36,49,469,1.4
Linea Directa,Si,2024-07-26,Perito D,Zaragoza,44,34,2839,2.8
Generali,No,2024-10-18,Perito D,Sevilla,47,27,2193,2.9
AXA,Si,2024-08-01,Perito B,Zaragoza,34,25,5924,4.6
Linea Directa,Si,2024-02-14,Perito B,Valencia,49,33,6097,4.5
AXA,Si,2025-06-07,Perito A,Sevilla,46,42,3091,4.3
Mapfre,No,2025-05-06,Perito C,Málaga,41,18,5157,4.1
Linea Directa,No,2024-04-23,Perito C,Sevilla,29,33,3632,3.5
Allianz,No,2025-03-20,Perito C,Málaga,50,28,1480,3.7
Linea Directa,No,2025-02-15,Perito D,Zaragoza,46,45,6476,3.2
AXA,No,2024-11-20,Perito B,Sevilla,31,42,7643,7.8
Allianz,No,2025-01-27,Perito B,Málaga,50,33,6095,6.6
Mutua,No,2024-01-11,Perito A,Zaragoza,51,15,6002,3.9
Linea Directa,No,2025-05-28,Perito D,Sevilla,51,37,7315,5.2
AXA,No,2025-04-04,Perito C,Málaga,54,42,6856,6.5
Linea Directa,No,2024-11-09,Perito D,Barcelona,40,18,2560,4.0
Linea Directa,No,2024-09-07,Perito B,Madrid,29,32,775,3.5
AXA,No,2024-11-13,Perito A,Barcelona,35,39,7229,8.1
Allianz,Si,2024-08-10,Perito D,Valencia,26,32,6299,5.0
Mapfre,Si,2024-12-22,Perito B,Sevilla,23,20,1507,1.0
Linea Directa,No,2025-05-16,Perito D,Zaragoza,46,33,3392,3.7
Generali,No,2025-04-26,Perito B,Málaga,44,26,3378,4.0
Mutua,Si,2024-03-03,Perito D,Barcelona,50,39,6252,2.8
AXA,Si,2024-05-27,Perito C,Barcelona,30,49,2934,2.4
Linea Directa,No,2024-02-23,Perito D,Zaragoza,39,15,6316,3.7
Mapfre,No,2025-04-30,Perito D,Málaga,55,19,7571,5.0
AXA,No,2025-03-23,Perito C,Sevilla,36,15,2412,5.1
Linea Directa,No,2025-03-01,Perito D,Zaragoza,30,22,2552,1.0
Mutua,No,2025-03-13,Perito B,Valencia,49,32,3768,4.4
Generali,Si,2024-07-13,Perito B,Valencia,54,23,1855,1.7
AXA,No,2024-04-17,Perito B,Zaragoza,57,19,1779,4.1
Linea Directa,Si,2025-04-30,Perito B,Valencia,41,18,6143,5.1
Allianz,Si,2024-11-01,Perito B,Málaga,46,43,2403,3.8
Mapfre,No,2024-09-28,Perito C,Barcelona,56,15,1590,4.4
Generali,No,2024-07-27,Perito C,Zaragoza,54,44,1942,3.3
AXA,Si,2024-08-12,Perito D,Valencia,23,15,2125,3.5
Linea Directa,No,2024-09-11,Perito B,Barcelona,35,17,819,3.9
Generali,Si,2024-01-11,Perito D,Zaragoza,35,36,1474,2.0
Allianz,Si,2024-10-05,Perito B,Valencia,40,22,1156,1.9
AXA,No,2025-05-14,Perito D,Valencia,45,32,2139,3.5
Generali,No,2024-11-03,Perito C,Zaragoza,55,39,4153,3.0
AXA,No,2025-02-19,Perito B,Sevilla,38,34,2581,3.6
AXA,Si,2025-02-06,Perito C,Málaga,36,45,1168,2.5
Generali,Si,2025-06-13,Perito D,Sevilla,45,44,6854,4.8
AXA,Si,2024-09-24,Perito C,Barcelona,41,30,1516,3.3
Allianz,No,2024-09-03,Perito C,Barcelona,47,16,1243,2.0
Generali,Si,2024-11-15,Perito C,Zaragoza,20,31,481,1.6
Linea Directa,No,2025-03-28,Perito A,Málaga,55,24,3044,6.0
Generali,No,2024-04-25,Perito D,Valencia,56,21,7368,5.1
Allianz,Si,2024-02-06,Perito D,Málaga,21,23,6462,2.9
Allianz,No,2024-05-25,Perito B,Valencia,36,31,1258,2.4
Allianz,Si,2024-04-19,Perito B,Madrid,59,23,4493,4.9
Linea Directa,No,2024-03-22,Perito B,Madrid,57,23,2732,4.2
Linea Directa,No,2025-03-26,Perito C,Málaga,40,38,4028,4.4
AXA,Si,2025-02-17,Perito D,Madrid,28,25,5378,3.5
AXA,No,2024-06-07,Perito C,Madrid,32,22,7180,5.5
Mutua,Si,2024-02-26,Perito D,Barcelona,30,39,5480,3.9
AXA,No,2024-04-16,Perito C,Valencia,35,16,1208,3.3
Allianz,Si,2024-11-19,Perito B,Zaragoza,35,24,7034,4.3
Mutua,Si,2024-05-20,Perito C,Madrid,21,38,1429,3.2
Allianz,No,2025-03-10,Perito A,Sevilla,27,30,1235,5.0
Mapfre,No,2024-07-31,Perito B,Barcelona,32,33,4785,5.2
Linea Directa,Si,2024-05-23,Perito A,Valencia,36,45,475,4.1
Generali,Si,2025-03-29,Perito A,Barcelona,58,25,2940,4.3
Mapfre,Si,2024-07-13,Perito B,Sevilla,43,20,2489,2.2
Linea Directa,Si,2025-01-04,Perito A,Zaragoza,22,20,1439,3.3
Linea Directa,No,2024-01-10,Perito A,Valencia,49,46,5570,6.1
Allianz,No,2025-04-29,Perito D,Málaga,32,27,325,1.8
AXA,No,2024-08-26,Perito C,Málaga,38,17,4265,3.0
Generali,No,2025-04-15,Perito A,Barcelona,26,49,4512,7.0
AXA,No,2025-01-30,Perito C,Zaragoza,28,31,7673,6.9
AXA,Si,2024-03-26,Perito A,Málaga,38,17,4068,4.4
Generali,Si,2025-03-22,Perito B,Valencia,59,48,1408,1.7
Generali,No,2024-05-28,Perito B,Sevilla,41,26,7406,5.3
Mapfre,No,2024-04-10,Perito D,Sevilla,37,38,5542,3.1
Allianz,Si,2025-03-30,Perito B,Málaga,42,20,7551,5.5
AXA,No,2024-03-28,Perito D,Madrid,21,25,6838,6.0
Allianz,No,2024-05-21,Perito B,Madrid,30,41,6770,6.7
Allianz,Si,2024-06-29,Perito C,Zaragoza,50,38,3449,3.3
Mutua,No,2024-01-20,Perito A,Madrid,52,32,1118,4.9
Mapfre,No,2024-03-11,Perito A,Málaga,33,41,7795,6.3
AXA,No,2024-01-04,Perito D,Málaga,35,35,5613,4.4
Linea Directa,No,2025-05-11,Perito B,Málaga,30,48,4123,5.5
Generali,Si,2024-02-19,Perito C,Valencia,52,47,6494,2.8
Generali,No,2025-01-03,Perito C,Madrid,26,32,6727,5.4
Allianz,No,2024-02-28,Perito B,Barcelona,50,17,5957,5.6
Mapfre,Si,2025-05-03,Perito A,Zaragoza,33,38,4603,3.8
Mapfre,Si,2025-05-10,Perito B,Valencia,47,15,5655,4.9
AXA,Si,2025-05-23,Perito A,Zaragoza,35,20,2169,1.9
AXA,No,2024-12-27,Perito B,Zaragoza,38,33,2993,4.5
Allianz,Si,2024-06-20,Perito A,Valencia,36,36,1091,2.7
Allianz,Si,2024-06-16,Perito D,Málaga,45,22,4670,3.9
Allianz,No,2024-02-02,Perito C,Málaga,25,19,7375,5.9
Mutua,Si,2024-10-21,Perito B,Valencia,28,23,2233,2.6
Mapfre,No,2025-02-07,Perito A,Málaga,36,35,1564,3.0
Allianz,No,2024-03-01,Perito A,Madrid,50,42,328,5.0
Mapfre,No,2025-03-30,Perito A,Valencia,31,18,1214,3.5
Linea Directa,Si,2024-03-04,Perito D,Zaragoza,42,38,1999,2.1
Generali,No,2025-04-21,Perito A,Valencia,24,22,7012,6.6
Generali,Si,2024-09-08,Perito C,Valencia,55,31,7719,6.0
Mapfre,Si,2024-09-14,Perito D,Málaga,55,48,5677,1.8
Linea Directa,No,2025-05-01,Perito A,Valencia,22,34,4812,5.9
Generali,No,2024-11-21,Perito C,Barcelona,43,30,1718,5.9
Generali,Si,2024-05-01,Perito A,Barcelona,36,24,4381,4.8
Generali,No,2024-06-07,Perito C,Madrid,58,48,1398,3.3
AXA,Si,2024-01-03,Perito C,Valencia,45,24,4073,3.7
Linea Directa,Si,2024-10-19,Perito A,Valencia,23,44,7560,4.8
AXA,Si,2024-09-12,Perito C,Zaragoza,31,44,6654,7.7
Mapfre,Si,2024-04-09,Perito B,Málaga,20,39,5438,4.1
Mapfre,Si,2024-08-08,Perito A,Zaragoza,40,21,7585,4.5
Mutua,Si,2025-03-29,Perito B,Sevilla,38,34,2674,1.4
AXA,No,2024-05-20,Perito C,Zaragoza,40,31,6289,4.1
Mapfre,Si,2024-02-13,Perito D,Sevilla,37,17,3685,3.6
AXA,Si,2024-09-27,Perito D,Valencia,22,40,6457,1.9
Mutua,No,2025-05-06,Perito C,Madrid,51,24,4249,3.7
Mapfre,No,2025-05-25,Perito B,Barcelona,29,48,7512,7.5
Mapfre,Si,2025-05-02,Perito A,Valencia,59,28,7905,4.8
Mapfre,Si,2025-03-27,Perito D,Valencia,34,22,3919,2.5
Mapfre,Si,2024-01-11,Perito B,Madrid,24,41,502,3.7
Allianz,No,2024-10-27,Perito D,Madrid,23,24,7087,5.6
Linea Directa,Si,2024-07-21,Perito D,Sevilla,47,29,4152,1.3
Linea Directa,Si,2024-03-18,Perito C,Valencia,23,36,4883,3.0
AXA,No,2025-03-03,Perito A,Valencia,34,45,1186,4.4
AXA,No,2024-09-06,Perito B,Málaga,36,16,2063,3.8
AXA,No,2024-03-28,Perito B,Barcelona,22,45,4640,7.0
Mutua,Si,2024-10-11,Perito A,Málaga,29,28,5109,4.6
Allianz,No,2024-03-27,Perito B,Málaga,42,24,6283,4.2
AXA,Si,2024-10-21,Perito D,Barcelona,37,44,7144,6.3
AXA,No,2024-01-21,Perito A,Valencia,20,29,3272,6.1
Mapfre,No,2024-04-19,Perito D,Sevilla,54,28,7514,4.3
Mapfre,Si,2024-03-16,Perito D,Barcelona,50,45,5606,4.9
Mapfre,Si,2024-09-15,Perito D,Madrid,20,43,6295,5.3
AXA,No,2024-10-01,Perito A,Valencia,22,41,5973,5.8
Mapfre,Si,2024-01-29,Perito B,Barcelona,22,35,3324,2.7
AXA,Si,2024-08-22,Perito D,Barcelona,56,23,1527,6.0
Mutua,No,2024-04-03,Perito A,Zaragoza,38,34,5388,4.9
Mutua,Si,2024-02-01,Perito A,Barcelona,48,49,2608,4.7
Generali,Si,2024-12-26,Perito C,Sevilla,44,29,3873,4.2
Allianz,No,2024-12-23,Perito C,Málaga,52,38,3491,3.8
Mapfre,Si,2024-12-25,Perito C,Málaga,55,30,4233,4.7
Linea Directa,Si,2024-08-03,Perito B,Zaragoza,48,25,5305,3.8
Mapfre,Si,2024-02-12,Perito B,Barcelona,45,22,903,2.7
Allianz,No,2025-04-15,Perito B,Barcelona,23,17,774,2.8
Allianz,Si,2024-10-10,Perito B,Málaga,33,33,5904,3.6
Generali,Si,2024-12-02,Perito D,Sevilla,46,17,3432,3.0
Allianz,Si,2024-05-06,Perito A,Valencia,52,39,5408,4.0
AXA,Si,2024-11-05,Perito A,Málaga,41,25,4983,4.8
Mapfre,Si,2024-04-08,Perito C,Barcelona,22,30,7124,7.0
Allianz,No,2025-01-19,Perito A,Sevilla,42,31,2832,4.1
AXA,Si,2025-05-02,Perito B,Sevilla,40,38,4028,4.5
Allianz,No,2024-09-04,Perito A,Zaragoza,42,31,6932,6.0
Linea Directa,Si,2024-08-02,Perito D,Barcelona,23,34,3430,4.0
AXA,No,2024-02-02,Perito D,Madrid,40,36,688,3.7
Mutua,Si,2025-06-12,Perito C,Sevilla,56,20,7314,4.8
AXA,No,2024-02-07,Perito B,Málaga,50,21,1547,2.7
Generali,Si,2024-09-26,Perito A,Madrid,40,28,3881,4.1
AXA,Si,2024-05-12,Perito C,Zaragoza,45,25,7748,4.0
Allianz,Si,2024-07-27,Perito A,Valencia,54,26,3373,1.9
Mutua,Si,2025-02-27,Perito C,Málaga,57,19,4789,2.4
Mutua,No,2024-05-08,Perito C,Zaragoza,43,19,1867,3.5
AXA,Si,2024-12-22,Perito D,Zaragoza,30,34,1837,1.5
Allianz,Si,2024-11-21,Perito D,Zaragoza,48,29,4314,2.9
Mutua,Si,2025-05-21,Perito D,Barcelona,22,40,7821,5.7
Linea Directa,Si,2024-11-08,Perito C,Madrid,20,47,3753,4.5
AXA,No,2024-07-12,Perito D,Zaragoza,38,44,7961,5.0
AXA,Si,2025-01-25,Perito D,Zaragoza,41,38,6740,1.9
AXA,Si,2024-12-02,Perito B,Zaragoza,33,37,1200,2.4
Mutua,Si,2025-05-23,Perito A,Málaga,33,23,7646,4.4
Mapfre,Si,2025-05-19,Perito A,Zaragoza,35,17,1050,3.5
Allianz,No,2024-08-04,Perito B,Sevilla,52,21,1588,2.7
Generali,Si,2024-05-30,Perito B,Barcelona,32,36,5650,3.7
Generali,No,2025-01-13,Perito D,Madrid,57,28,3912,6.2
Allianz,Si,2024-01-02,Perito D,Sevilla,31,43,1567,1.0
Mapfre,No,2025-01-15,Perito A,Zaragoza,57,30,1021,5.5
Allianz,No,2024-09-29,Perito B,Barcelona,58,48,654,4.3
AXA,Si,2024-10-20,Perito B,Barcelona,52,24,1824,3.3
Linea Directa,Si,2024-07-14,Perito D,Madrid,52,21,2972,3.1
Allianz,Si,2024-02-01,Perito A,Madrid,48,39,3926,5.7
Allianz,Si,2024-12-12,Perito C,Madrid,24,41,7432,5.7
Linea Directa,No,2024-09-19,Perito B,Málaga,25,29,3347,4.3
Mutua,No,2024-01-30,Perito A,Barcelona,50,46,4289,5.9
Generali,No,2024-02-16,Perito A,Zaragoza,35,42,5006,4.7
Generali,No,2025-04-24,Perito A,Valencia,50,23,2390,5.5
AXA,Si,2024-12-16,Perito B,Sevilla,44,21,1116,1.9
Linea Directa,Si,2024-05-25,Perito C,Madrid,52,30,4186,3.1
AXA,No,2025-05-22,Perito D,Barcelona,32,40,3075,4.8
Mutua,Si,2024-05-15,Perito C,Zaragoza,29,49,6948,2.9
AXA,No,2025-01-25,Perito A,Sevilla,43,31,5792,6.9
Linea Directa,No,2024-09-10,Perito B,Valencia,29,37,1640,4.0
Linea Directa,No,2024-02-07,Perito B,Sevilla,50,22,4600,2.4
Mapfre,Si,2024-09-08,Perito C,Valencia,32,16,935,2.7
Mutua,No,2024-12-19,Perito C,Zaragoza,22,45,3768,3.9
Linea Directa,No,2025-01-09,Perito B,Madrid,53,46,6634,7.5
Linea Directa,No,2024-03-28,Perito C,Málaga,47,43,6259,4.9
Mutua,Si,2024-04-04,Perito D,Valencia,38,17,6445,3.5
Allianz,Si,2025-01-15,Perito D,Madrid,42,22,6305,4.2
Allianz,No,2025-03-09,Perito D,Sevilla,51,16,3538,3.4
Mapfre,Si,2024-06-11,Perito A,Zaragoza,32,45,7210,2.8
Linea Directa,Si,2025-03-19,Perito C,Sevilla,52,34,3215,2.5
Mutua,Si,2024-06-21,Perito B,Sevilla,53,43,7989,3.7
Mutua,Si,2024-04-23,Perito A,Zaragoza,52,31,7317,4.5
Allianz,No,2025-04-23,Perito B,Zaragoza,24,24,3089,5.1
Generali,No,2024-07-22,Perito C,Málaga,22,36,1161,5.0
Generali,No,2024-02-18,Perito C,Barcelona,26,20,3189,5.3
Linea Directa,No,2025-03-24,Perito A,Valencia,43,48,4048,4.2
Allianz,Si,2024-04-02,Perito A,Zaragoza,41,45,1226,1.5
Linea Directa,No,2025-04-06,Perito D,Barcelona,42,26,6428,5.2
AXA,Si,2024-12-06,Perito A,Sevilla,49,26,4065,2.6
Mutua,No,2024-07-16,Perito D,Málaga,37,30,6671,4.5
Linea Directa,No,2024-04-28,Perito A,Madrid,51,39,3063,5.5
Mapfre,Si,2024-06-02,Perito D,Málaga,26,36,5769,3.6
Generali,No,2024-08-04,Perito C,Zaragoza,52,41,2701,4.0
Linea Directa,Si,2025-02-13,Perito B,Barcelona,24,38,2147,1.8
AXA,No,2024-12-26,Perito C,Sevilla,47,26,6972,4.4
Mutua,No,2025-03-31,Perito D,Valencia,27,32,7588,4.1
AXA,Si,2024-02-25,Perito C,Málaga,34,30,1377,2.0
Linea Directa,No,2024-12-05,Perito A,Barcelona,23,18,4960,6.3
Mutua,Si,2024-01-18,Perito A,Barcelona,53,26,211,2.8
Mutua,Si,2024-06-28,Perito B,Madrid,24,47,5452,8.0
Allianz,No,2024-09-27,Perito B,Valencia,52,36,4599,5.8
Allianz,No,2024-04-12,Perito C,Barcelona,24,32,3564,4.2
Mapfre,Si,2025-03-06,Perito B,Valencia,57,47,3222,4.4
Mapfre,No,2025-02-06,Perito A,Sevilla,53,41,3571,6.4
AXA,No,2024-08-10,Perito A,Zaragoza,45,33,6059,4.3
Allianz,Si,2025-04-30,Perito A,Málaga,20,28,3030,2.3
Mutua,Si,2025-05-13,Perito D,Barcelona,23,39,242,2.7
Allianz,No,2024-12-25,Perito D,Sevilla,58,48,1143,3.9
Mutua,Si,2024-02-14,Perito C,Madrid,45,38,2590,4.2
Allianz,No,2024-11-07,Perito D,Valencia,52,37,5645,2.7
Mutua,No,2024-12-16,Perito B,Zaragoza,52,19,2745,3.1
AXA,No,2024-04-13,Perito A,Sevilla,27,38,2611,3.8
Allianz,Si,2025-05-24,Perito C,Valencia,39,19,5186,4.6
Generali,Si,2024-12-01,Perito D,Zaragoza,35,20,6770,2.3
Generali,No,2024-05-18,Perito C,Valencia,40,18,1204,2.1
Mutua,Si,2025-01-25,Perito C,Barcelona,45,24,220,3.1
AXA,Si,2024-11-16,Perito B,Valencia,42,15,606,2.2
Mutua,Si,2025-06-01,Perito B,Sevilla,37,35,6962,5.2
AXA,Si,2024-08-11,Perito B,Madrid,50,17,1214,2.8
Mapfre,Si,2025-03-19,Perito C,Barcelona,31,45,4631,5.6
Allianz,No,2024-08-07,Perito C,Málaga,20,41,2038,4.6
AXA,Si,2024-08-09,Perito B,Madrid,28,31,3388,4.0
Mutua,Si,2025-04-09,Perito D,Sevilla,22,37,5443,2.8
Mapfre,Si,2024-02-06,Perito A,Barcelona,45,27,6742,7.4
Mutua,No,2024-03-22,Perito B,Zaragoza,28,41,7136,5.8
Generali,No,2024-10-02,Perito D,Zaragoza,35,34,6123,4.3
Generali,Si,2024-03-07,Perito C,Valencia,43,27,914,1.3
Allianz,No,2024-10-14,Perito C,Madrid,33,38,4346,6.8
Linea Directa,Si,2025-03-04,Perito D,Barcelona,22,17,4054,3.2
Allianz,No,2025-03-10,Perito D,Málaga,53,24,4619,3.5
Mapfre,No,2024-07-08,Perito C,Málaga,52,15,5084,3.9
Generali,Si,2025-02-27,Perito C,Málaga,43,27,340,1.7
AXA,No,2024-02-11,Perito C,Zaragoza,28,28,4765,5.0
Generali,Si,2025-06-07,Perito C,Barcelona,32,47,5082,4.2
Linea Directa,Si,2025-02-06,Perito B,Madrid,21,16,6121,4.9
Allianz,No,2024-12-04,Perito C,Valencia,26,16,5653,4.2
Mutua,No,2025-01-10,Perito C,Madrid,40,45,6212,6.6
Mapfre,No,2024-06-29,Perito D,Valencia,38,18,1163,2.8
Linea Directa,Si,2024-08-30,Perito D,Madrid,44,48,7351,3.7
Generali,Si,2025-03-13,Perito D,Madrid,41,33,572,2.6
AXA,Si,2024-01-27,Perito C,Barcelona,30,23,3835,4.5
Linea Directa,No,2024-08-28,Perito D,Málaga,52,38,2741,3.0
AXA,No,2024-12-02,Perito C,Málaga,51,27,3810,2.2
AXA,No,2024-09-13,Perito C,Málaga,40,44,1892,4.9
Mapfre,No,2024-08-10,Perito D,Málaga,58,33,7094,3.9
AXA,Si,2024-01-20,Perito A,Madrid,39,24,5475,5.9
AXA,No,2024-06-25,Perito B,Málaga,27,28,6634,4.8
Generali,Si,2024-07-21,Perito B,Madrid,56,34,5967,4.9
Mapfre,Si,2024-07-31,Perito A,Valencia,28,18,7511,4.8
Mutua,Si,2024-10-17,Perito A,Sevilla,44,19,305,3.6
Mutua,No,2024-07-06,Perito C,Sevilla,44,46,5739,5.1
AXA,No,2024-12-10,Perito D,Valencia,52,20,7013,5.0
Linea Directa,No,2024-02-23,Perito B,Madrid,21,28,1881,3.4
Allianz,No,2025-06-24,Perito B,Málaga,38,20,4297,5.9
Mapfre,No,2025-04-26,Perito A,Barcelona,39,28,4216,4.4
Allianz,No,2025-01-07,Perito D,Madrid,48,26,2836,5.7
Mapfre,No,2025-02-06,Perito B,Madrid,25,41,6987,4.5
Mapfre,No,2024-11-23,Perito B,Valencia,36,40,2337,5.6
Generali,No,2025-01-14,Perito C,Valencia,44,26,3616,4.6
AXA,No,2025-05-04,Perito C,Barcelona,57,22,4645,5.0
Generali,No,2024-02-23,Perito C,Málaga,23,24,3730,2.9
Linea Directa,No,2024-10-11,Perito B,Sevilla,49,30,1486,3.5
Allianz,No,2024-04-12,Perito B,Zaragoza,39,40,7718,6.0
Allianz,No,2024-06-16,Perito C,Málaga,22,22,3379,4.2
Mutua,Si,2024-03-29,Perito C,Málaga,42,43,7953,4.2
Linea Directa,Si,2024-02-29,Perito D,Zaragoza,37,34,5358,2.6
Linea Directa,Si,2025-01-10,Perito B,Zaragoza,45,31,7252,5.6
Generali,No,2024-11-12,Perito B,Madrid,55,33,6502,5.8
Generali,Si,2025-01-23,Perito A,Barcelona,27,31,3854,5.2
Linea Directa,No,2024-04-21,Perito C,Madrid,36,15,7302,7.0
Generali,No,2024-08-27,Perito C,Valencia,50,43,2559,2.6
Mutua,Si,2024-07-05,Perito C,Zaragoza,56,28,7608,4.4
Generali,No,2024-08-18,Perito B,Sevilla,52,31,644,4.5
Generali,No,2024-12-01,Perito D,Barcelona,46,27,6641,6.0
Linea Directa,No,2025-02-14,Perito B,Barcelona,23,43,5247,6.2
Linea Directa,No,2024-07-20,Perito A,Málaga,41,48,235,3.2
Generali,Si,2024-12-11,Perito A,Madrid,45,41,5403,6.4
Generali,No,2025-05-18,Perito D,Málaga,51,47,1675,5.0
Linea Directa,Si,2024-12-27,Perito C,Málaga,43,43,4157,2.6
Allianz,Si,2024-09-28,Perito A,Barcelona,54,33,1998,5.0
AXA,No,2024-07-28,Perito B,Sevilla,56,38,2045,2.3
Allianz,Si,2024-09-28,Perito A,Valencia,51,28,1608,3.6
Generali,No,2024-07-11,Perito A,Málaga,26,19,5491,5.8
Mapfre,No,2024-07-25,Perito D,Zaragoza,52,38,5695,3.3
Mapfre,Si,2025-05-14,Perito D,Sevilla,50,48,1908,3.1
Mutua,Si,2024-02-03,Perito B,Zaragoza,31,45,5681,2.9
Allianz,Si,2024-10-14,Perito C,Málaga,30,44,6902,6.2
Linea Directa,No,2024-11-22,Perito D,Sevilla,43,23,3138,3.7
Mutua,Si,2025-03-11,Perito D,Madrid,27,41,6484,4.5
Mutua,Si,2025-02-17,Perito C,Zaragoza,51,42,7230,3.7
Mapfre,Si,2024-05-16,Perito A,Valencia,57,40,7485,5.6
Allianz,No,2025-01-10,Perito B,Barcelona,41,32,1500,4.8
AXA,No,2024-10-08,Perito B,Madrid,53,22,7069,6.5
Linea Directa,Si,2024-12-17,Perito A,Málaga,38,32,1443,2.2
Allianz,Si,2024-10-17,Perito C,Málaga,39,34,4176,3.1
Mutua,Si,2025-05-18,Perito C,Valencia,33,46,3297,2.4
Generali,No,2025-01-04,Perito D,Zaragoza,52,43,4816,2.4
Mutua,No,2025-04-10,Perito C,Zaragoza,29,32,6102,4.9
Allianz,No,2024-06-10,Perito B,Valencia,35,21,209,2.0
Mapfre,No,2025-02-19,Perito B,Valencia,23,15,5279,6.8
Allianz,No,2024-07-07,Perito B,Málaga,46,42,2625,5.8
AXA,Si,2024-07-15,Perito C,Málaga,47,47,5952,4.3
Linea Directa,Si,2024-10-01,Perito A,Barcelona,35,18,1860,2.3
Linea Directa,No,2024-05-15,Perito B,Valencia,52,34,7025,5.8
Generali,No,2025-05-17,Perito B,Sevilla,38,45,2831,3.7
Generali,Si,2024-01-12,Perito A,Barcelona,40,42,6495,6.8
Mutua,Si,2024-05-05,Perito D,Sevilla,41,17,5015,4.2
Allianz,Si,2024-07-30,Perito C,Madrid,28,20,1272,2.7
Linea Directa,Si,2024-03-25,Perito B,Valencia,28,37,3425,2.8
Mapfre,Si,2024-11-30,Perito C,Barcelona,28,21,5154,4.3
AXA,Si,2024-05-25,Perito B,Zaragoza,46,15,1516,2.1
Mutua,Si,2025-05-24,Perito B,Barcelona,36,20,5899,3.4
Allianz,Si,2024-04-16,Perito D,Madrid,27,38,4345,4.3
Mapfre,Si,2024-11-10,Perito A,Madrid,35,38,7007,5.9
Allianz,Si,2024-07-24,Perito A,Madrid,37,43,6874,5.5
Mapfre,Si,2024-07-06,Perito A,Barcelona,52,46,3883,5.1
Allianz,No,2025-04-27,Perito D,Málaga,20,39,7427,5.3
Allianz,No,2024-12-18,Perito D,Sevilla,31,24,7534,6.2
Linea Directa,No,2025-04-27,Perito A,Zaragoza,25,49,3473,5.6
Mutua,Si,2025-02-06,Perito C,Zaragoza,24,39,7200,5.4
Allianz,Si,2025-05-29,Perito C,Sevilla,35,41,345,1.2
Allianz,No,2024-05-11,Perito D,Zaragoza,37,46,5210,3.1
Mutua,No,2024-11-13,Perito C,Madrid,37,26,3240,6.0
Mutua,Si,2024-02-15,Perito A,Zaragoza,20,18,1662,4.8
Generali,Si,2024-10-12,Perito B,Málaga,38,40,6585,5.0
Generali,Si,2025-05-19,Perito C,Málaga,27,17,4876,4.0
Linea Directa,No,2024-10-20,Perito A,Madrid,22,31,7030,6.9
Mutua,Si,2024-08-30,Perito A,Valencia,44,23,1784,6.0
AXA,Si,2024-09-05,Perito A,Barcelona,24,43,682,4.6
Linea Directa,Si,2024-10-27,Perito C,Valencia,59,15,3379,2.9
Mapfre,Si,2024-03-15,Perito B,Málaga,38,32,1449,4.5
Mutua,No,2025-06-16,Perito C,Madrid,37,34,4968,7.4
Generali,No,2024-08-22,Perito A,Barcelona,50,48,830,3.3
Allianz,Si,2025-01-09,Perito A,Sevilla,52,42,7004,3.6
Mutua,No,2024-04-26,Perito A,Zaragoza,37,49,861,3.6
Mutua,No,2024-06-21,Perito D,Málaga,58,30,3703,5.0
Generali,Si,2024-11-10,Perito C,Barcelona,35,35,3052,3.4
Generali,No,2024-02-10,Perito B,Barcelona,35,27,2666,3.9
AXA,Si,2024-05-22,Perito C,Valencia,57,49,1187,3.2
Linea Directa,Si,2024-09-08,Perito A,Sevilla,26,46,7822,3.2
Generali,No,2024-10-02,Perito A,Valencia,33,20,7527,5.7
Generali,Si,2024-12-05,Perito D,Valencia,44,27,1746,1.0
Generali,Si,2024-08-11,Perito A,Valencia,51,27,849,2.8
Linea Directa,Si,2025-06-10,Perito C,Valencia,57,26,1168,1.4
Allianz,Si,2024-04-22,Perito C,Málaga,41,47,2837,2.8
Mutua,No,2025-01-26,Perito C,Sevilla,35,42,1300,3.9
Mutua,Si,2024-11-02,Perito A,Valencia,48,17,6852,4.9
Generali,No,2024-01-04,Perito D,Málaga,35,32,640,2.2
Linea Directa,No,2024-11-19,Perito C,Zaragoza,31,40,7621,5.2
AXA,No,2024-07-18,Perito B,Málaga,36,16,5216,7.0
Generali,Si,2024-04-20,Perito B,Barcelona,56,18,969,4.2
Linea Directa,No,2024-12-25,Perito B,Barcelona,46,42,1543,4.3
Linea Directa,No,2024-11-17,Perito C,Madrid,44,42,6122,6.2
AXA,No,2024-03-29,Perito D,Málaga,32,39,4558,4.5
Linea Directa,No,2024-12-29,Perito A,Madrid,27,40,7964,6.4
Mutua,No,2024-10-17,Perito D,Málaga,24,16,3929,3.8
AXA,No,2024-03-30,Perito A,Valencia,31,48,4106,3.8
AXA,No,2024-09-19,Perito A,Valencia,22,44,1777,3.1
Mapfre,Si,2024-11-03,Perito A,Madrid,54,35,7741,7.0
AXA,Si,2025-05-11,Perito A,Valencia,52,37,6980,5.8
AXA,No,2024-04-04,Perito C,Valencia,41,47,7534,6.7
Allianz,No,2024-06-26,Perito B,Barcelona,28,16,4208,5.3
Mutua,Si,2025-01-21,Perito C,Valencia,37,41,6802,3.8
Generali,No,2024-08-17,Perito D,Barcelona,48,36,5294,5.3
Mapfre,No,2024-05-17,Perito A,Sevilla,58,48,3551,2.9
AXA,Si,2025-03-22,Perito C,Málaga,46,30,4995,5.1
Allianz,No,2025-01-31,Perito C,Barcelona,55,34,2549,2.1
Allianz,No,2025-05-25,Perito C,Zaragoza,36,40,3802,5.2
Linea Directa,No,2024-07-10,Perito A,Zaragoza,53,30,5899,4.5
Generali,No,2024-06-13,Perito A,Barcelona,22,20,1441,5.0
Generali,Si,2025-04-05,Perito A,Barcelona,24,37,1325,3.1
Mutua,No,2024-06-20,Perito C,Zaragoza,33,22,2801,3.1
Linea Directa,No,2024-09-01,Perito C,Málaga,22,20,6631,2.8
AXA,Si,2025-01-22,Perito D,Málaga,42,36,1390,1.0
Allianz,Si,2024-03-29,Perito B,Málaga,58,20,6964,5.2
Mapfre,No,2024-11-24,Perito B,Zaragoza,49,46,5301,3.5
Mutua,No,2025-06-23,Perito A,Valencia,42,31,4331,3.7
AXA,No,2024-09-22,Perito B,Barcelona,46,31,5039,5.6
Linea Directa,No,2024-01-24,Perito A,Málaga,29,37,6060,3.2
Generali,No,2025-01-06,Perito A,Sevilla,44,27,4648,4.7
Linea Directa,No,2024-01-21,Perito C,Zaragoza,32,46,6218,5.3
AXA,No,2025-05-14,Perito B,Málaga,35,36,272,3.5
Linea Directa,Si,2024-04-07,Perito D,Madrid,53,21,6991,3.8
Generali,Si,2025-01-01,Perito A,Madrid,56,36,5672,6.6
AXA,No,2024-06-08,Perito A,Barcelona,41,35,2114,6.2
Mapfre,No,2024-06-21,Perito D,Barcelona,36,20,5389,3.6
Mutua,No,2024-09-21,Perito B,Barcelona,42,28,2672,5.6
Linea Directa,No,2024-09-21,Perito D,Valencia,55,30,3246,3.7
Generali,No,2024-04-14,Perito B,Zaragoza,28,17,907,3.8
Mapfre,No,2024-09-14,Perito B,Madrid,21,23,2004,4.1
Allianz,Si,2024-01-30,Perito B,Madrid,51,35,6904,4.0
Mapfre,Si,2024-04-21,Perito B,Barcelona,41,44,7171,5.2
Mapfre,No,2024-05-28,Perito B,Zaragoza,32,44,3913,4.7
Mapfre,No,2024-05-12,Perito B,Madrid,27,46,5251,6.1
Generali,No,2024-05-03,Perito A,Madrid,20,37,2764,5.8
Allianz,Si,2024-09-26,Perito C,Valencia,36,17,2675,1.8
Mutua,Si,2024-01-21,Perito A,Sevilla,31,15,3810,5.1
Mapfre,Si,2024-03-31,Perito A,Barcelona,23,17,4455,6.2
Generali,No,2025-06-11,Perito D,Sevilla,32,21,6492,4.9
Generali,Si,2024-04-17,Perito C,Sevilla,50,17,3023,2.1
Mutua,No,2024-07-15,Perito C,Valencia,26,17,7597,5.8
AXA,No,2025-04-17,Perito C,Madrid,42,18,1935,4.2
Allianz,No,2025-05-07,Perito B,Barcelona,43,45,1785,4.2
Allianz,No,2024-03-18,Perito B,Málaga,24,16,266,3.8
Linea Directa,Si,2024-07-14,Perito B,Sevilla,24,28,3261,2.7
Mapfre,No,2024-09-11,Perito A,Zaragoza,36,45,2628,5.8
AXA,No,2024-11-04,Perito C,Sevilla,49,16,4353,5.1
Allianz,Si,2024-08-26,Perito C,Valencia,28,45,7626,5.5
Linea Directa,No,2025-03-27,Perito A,Sevilla,25,36,541,2.8
Mapfre,No,2025-06-23,Perito B,Sevilla,44,24,5449,4.2
AXA,No,2024-01-25,Perito D,Sevilla,38,44,2974,2.2
Generali,Si,2024-07-22,Perito C,Valencia,35,47,5491,5.2
Mapfre,No,2024-02-28,Perito A,Madrid,40,33,3017,8.4
AXA,No,2025-01-27,Perito B,Zaragoza,21,39,2861,4.5
Mutua,Si,2024-09-29,Perito A,Sevilla,29,15,1432,3.2
Allianz,No,2024-12-31,Perito D,Barcelona,35,46,4074,4.4
Mapfre,No,2024-03-19,Perito D,Zaragoza,56,39,2601,5.0
Linea Directa,No,2025-04-24,Perito B,Sevilla,34,31,1694,3.5
Generali,No,2024-09-16,Perito A,Sevilla,32,28,6117,4.9
Linea Directa,Si,2024-06-03,Perito B,Barcelona,32,27,4411,3.0
Mapfre,Si,2024-03-22,Perito A,Valencia,51,16,7631,4.0
Allianz,No,2025-06-06,Perito A,Málaga,27,46,861,3.9
Allianz,Si,2025-01-30,Perito D,Barcelona,37,46,4083,2.0
AXA,No,2024-12-01,Perito A,Málaga,55,20,5761,4.2
Linea Directa,No,2024-06-07,Perito A,Madrid,45,39,3819,7.4
Linea Directa,Si,2024-04-13,Perito D,Madrid,29,17,6796,5.6
Generali,No,2025-01-07,Perito C,Sevilla,50,32,2068,3.4
AXA,No,2025-05-11,Perito C,Zaragoza,52,17,7844,6.6
Generali,No,2025-02-19,Perito C,Sevilla,48,19,2534,3.1
Mapfre,No,2024-02-25,Perito C,Valencia,24,38,3574,5.0
Mapfre,Si,2024-05-15,Perito A,Málaga,32,48,1216,2.5
Linea Directa,Si,2024-09-14,Perito C,Madrid,20,38,4606,6.5
AXA,Si,2025-04-28,Perito C,Madrid,42,42,407,2.0
Mutua,Si,2024-04-11,Perito A,Sevilla,59,48,2865,5.0
Allianz,Si,2024-07-21,Perito C,Sevilla,22,30,2693,2.8
AXA,No,2025-06-04,Perito C,Valencia,22,21,7013,3.5
AXA,Si,2024-04-15,Perito B,Sevilla,26,32,832,2.6
Mapfre,Si,2024-03-04,Perito C,Zaragoza,55,20,2302,3.5
Allianz,No,2024-02-16,Perito B,Sevilla,54,42,3159,5.6
AXA,No,2024-12-18,Perito C,Zaragoza,34,48,3283,4.9
Mapfre,No,2024-09-11,Perito A,Zaragoza,59,43,4952,4.2
Mapfre,No,2024-10-25,Perito C,Valencia,22,18,5719,5.9
Linea Directa,No,2024-05-31,Perito D,Sevilla,48,28,2131,3.3
Linea Directa,Si,2025-01-24,Perito A,Zaragoza,49,19,3919,2.2
AXA,Si,2024-03-09,Perito C,Zaragoza,58,39,7323,4.4
AXA,Si,2024-09-14,Perito C,Sevilla,37,22,2762,1.7
Mapfre,No,2024-09-17,Perito A,Sevilla,30,29,1879,4.0
Linea Directa,Si,2024-12-12,Perito D,Málaga,57,33,7909,4.9
AXA,No,2024-03-23,Perito A,Madrid,59,25,436,3.5
Allianz,Si,2025-04-27,Perito D,Barcelona,20,34,7646,5.3
Mapfre,No,2024-04-12,Perito A,Madrid,48,32,4643,7.1
Mapfre,Si,2025-01-18,Perito A,Málaga,29,28,6970,4.2
AXA,Si,2024-06-26,Perito B,Barcelona,47,39,7471,5.2
AXA,No,2024-10-21,Perito B,Madrid,50,30,4925,6.7
AXA,No,2024-11-21,Perito A,Valencia,38,32,1740,5.2
Allianz,No,2024-08-26,Perito B,Málaga,22,15,6299,3.9
Mapfre,Si,2025-04-20,Perito C,Valencia,55,15,4143,2.3
Mutua,No,2025-04-23,Perito C,Valencia,34,15,5567,5.6
Allianz,No,2024-07-05,Perito C,Madrid,52,35,563,4.0
Allianz,No,2025-03-15,Perito B,Zaragoza,45,39,2568,3.7
Linea Directa,Si,2024-08-03,Perito B,Barcelona,35,41,485,1.4
Mapfre,No,2024-12-04,Perito C,Zaragoza,55,24,348,2.7
Mutua,Si,2024-02-19,Perito A,Sevilla,52,26,5403,4.1
Mapfre,Si,2024-10-18,Perito C,Sevilla,39,42,4237,4.1
Allianz,Si,2024-12-16,Perito B,Málaga,32,46,6749,3.9
AXA,No,2024-07-07,Perito D,Valencia,52,47,7321,5.7
Mapfre,Si,2025-06-15,Perito C,Málaga,24,22,4751,3.4
Mapfre,No,2025-03-25,Perito C,Madrid,56,40,1966,5.9
AXA,No,2025-03-29,Perito B,Valencia,33,16,5095,4.7
Mutua,No,2024-08-21,Perito B,Sevilla,46,49,5480,4.3
Mutua,Si,2024-01-20,Perito B,Madrid,42,48,1212,2.7
Mapfre,Si,2024-09-04,Perito B,Madrid,33,20,3031,3.0
AXA,Si,2025-04-12,Perito C,Zaragoza,59,45,2707,3.2
Linea Directa,No,2024-03-27,Perito B,Málaga,23,37,7917,7.6
Mapfre,No,2024-07-23,Perito D,Málaga,58,26,1723,3.9
AXA,Si,2025-05-24,Perito A,Zaragoza,38,42,2985,3.9
Allianz,Si,2024-05-17,Perito B,Barcelona,23,29,2756,2.7
Linea Directa,No,2024-11-29,Perito B,Sevilla,49,33,3925,3.1
AXA,No,2024-02-20,Perito C,Sevilla,38,26,4776,5.5
Mapfre,No,2024-12-19,Perito A,Málaga,50,16,5982,6.0
Generali,No,2025-04-05,Perito A,Sevilla,50,25,6457,5.0
Mutua,Si,2024-01-30,Perito A,Sevilla,28,39,7092,3.1
Mapfre,Si,2025-02-17,Perito B,Madrid,32,35,1801,3.4
AXA,No,2025-02-28,Perito C,Zaragoza,33,23,2608,3.0
Linea Directa,Si,2024-08-10,Perito C,Zaragoza,29,26,540,1.7
Linea Directa,Si,2024-01-12,Perito B,Valencia,50,24,3017,1.7
AXA,No,2024-05-10,Perito A,Valencia,56,19,6306,6.4
Mutua,No,2024-08-20,Perito A,Barcelona,42,47,7104,6.3
Mapfre,Si,2024-02-02,Perito C,Valencia,46,19,7312,4.9
Linea Directa,No,2024-10-16,Perito D,Zaragoza,25,30,2696,3.8
Linea Directa,Si,2025-06-23,Perito B,Sevilla,45,43,6162,3.5
Generali,No,2024-01-15,Perito D,Zaragoza,21,32,5130,4.0
Allianz,Si,2024-03-21,Perito D,Madrid,32,43,5499,6.1
Generali,No,2025-05-19,Perito A,Zaragoza,38,20,1925,3.1
Allianz,Si,2024-06-09,Perito D,Valencia,20,32,7774,3.3
Linea Directa,No,2024-05-07,Perito B,Sevilla,59,46,1889,1.5
Allianz,No,2024-07-11,Perito C,Zaragoza,51,45,3467,4.0
Mapfre,No,2024-07-04,Perito B,Sevilla,41,25,7833,3.5
Linea Directa,No,2025-03-14,Perito B,Málaga,48,40,4606,4.0
Linea Directa,No,2024-12-26,Perito B,Zaragoza,21,42,461,1.3
Allianz,Si,2025-01-30,Perito B,Málaga,59,41,1642,3.3
AXA,Si,2025-04-15,Perito D,Valencia,57,33,605,1.5
Allianz,No,2024-06-27,Perito A,Málaga,30,41,2390,1.0
Allianz,Si,2024-04-29,Perito C,Sevilla,36,34,4637,2.6
Mutua,Si,2024-09-17,Perito A,Sevilla,27,17,5635,3.9
Mutua,No,2025-01-10,Perito D,Málaga,41,30,7468,5.5
Mapfre,Si,2024-01-07,Perito A,Madrid,23,43,443,4.5
Mapfre,Si,2024-10-02,Perito A,Málaga,30,29,4785,4.5
AXA,Si,2024-09-12,Perito D,Madrid,27,44,4307,4.2
Mutua,Si,2024-12-20,Perito A,Málaga,28,15,7606,5.4
Generali,No,2024-03-16,Perito C,Sevilla,45,43,760,3.9
Mapfre,Si,2024-02-18,Perito D,Zaragoza,21,44,4337,3.0
Mapfre,Si,2024-10-20,Perito C,Sevilla,35,46,2925,2.8
Mutua,Si,2025-06-22,Perito A,Málaga,50,24,793,2.9
Mutua,Si,2025-03-24,Perito B,Barcelona,25,41,5748,6.1
AXA,No,2024-10-11,Perito B,Madrid,40,22,2026,2.3
Mutua,Si,2024-02-15,Perito D,Barcelona,45,49,3429,1.3
Allianz,No,2024-01-01,Perito B,Sevilla,38,39,3487,4.7
Linea Directa,No,2024-11-21,Perito B,Madrid,47,34,4273,4.5
Generali,No,2025-03-17,Perito B,Zaragoza,27,31,5989,5.1
Linea Directa,No,2025-05-26,Perito D,Málaga,33,37,7829,5.1
Allianz,No,2024-01-24,Perito C,Madrid,43,39,333,6.3
Allianz,Si,2025-02-04,Perito B,Madrid,56,45,3338,4.8
Linea Directa,Si,2025-04-30,Perito D,Valencia,45,20,4119,3.9
Allianz,No,2024-05-22,Perito C,Zaragoza,50,49,7374,5.1
Mapfre,No,2025-06-22,Perito D,Madrid,51,18,5243,4.4
Linea Directa,Si,2024-08-14,Perito B,Zaragoza,21,34,7893,3.8
Allianz,Si,2024-05-13,Perito B,Sevilla,44,15,272,3.3
Mapfre,No,2025-05-24,Perito A,Zaragoza,21,40,4694,5.6
Mutua,Si,2024-11-24,Perito A,Barcelona,20,48,5724,5.5
Generali,Si,2024-07-05,Perito A,Barcelona,55,24,6921,7.5
Generali,No,2024-06-15,Perito C,Zaragoza,31,37,7202,5.3
Allianz,No,2024-07-16,Perito D,Málaga,28,38,4425,3.2
Generali,No,2024-09-23,Perito C,Valencia,55,27,3178,3.7
Mapfre,No,2024-03-20,Perito A,Barcelona,47,43,7833,8.2
Mutua,No,2024-10-14,Perito A,Barcelona,57,41,7573,5.7
Allianz,Si,2025-05-22,Perito B,Madrid,52,45,6107,5.0
AXA,No,2024-09-20,Perito C,Zaragoza,41,24,6297,6.7
Linea Directa,Si,2024-05-04,Perito B,Sevilla,44,45,4561,3.9
Generali,No,2025-04-21,Perito B,Zaragoza,37,24,5856,4.8
Generali,No,2025-06-15,Perito D,Zaragoza,25,38,2185,5.2
Allianz,No,2025-03-14,Perito A,Sevilla,37,47,992,4.2
Linea Directa,No,2024-01-18,Perito B,Málaga,35,28,6596,3.6
Linea Directa,No,2025-01-03,Perito B,Sevilla,34,49,7165,5.2
Generali,No,2024-05-06,Perito A,Barcelona,27,48,5608,7.6
Generali,Si,2025-02-05,Perito A,Madrid,32,31,4459,5.2
AXA,No,2024-12-13,Perito D,Sevilla,26,35,294,4.2
Linea Directa,No,2024-01-17,Perito D,Valencia,36,46,6101,3.5
Mapfre,Si,2025-02-28,Perito B,Valencia,51,17,7176,4.3
Allianz,Si,2024-09-14,Perito B,Valencia,41,29,1333,2.8
Allianz,No,2025-02-04,Perito B,Sevilla,32,22,6679,4.0
AXA,Si,2024-08-10,Perito C,Madrid,42,46,5117,4.7
AXA,Si,2024-07-20,Perito D,Sevilla,48,40,437,2.1
Mapfre,No,2024-10-09,Perito B,Barcelona,41,44,6724,5.0
Mutua,No,2024-09-07,Perito A,Sevilla,20,23,7803,4.6
Allianz,Si,2024-07-24,Perito D,Zaragoza,48,46,3146,3.7
Linea Directa,No,2024-02-29,Perito D,Valencia,24,25,2730,3.5
Generali,Si,2024-08-25,Perito B,Valencia,54,36,2160,1.0
Mapfre,Si,2025-04-05,Perito C,Zaragoza,29,48,7245,3.7
Allianz,Si,2024-05-01,Perito B,Madrid,38,32,1248,3.5
Linea Directa,Si,2024-09-06,Perito C,Málaga,56,33,5972,1.7
Mapfre,No,2025-02-11,Perito C,Valencia,26,32,7484,4.6
Mutua,No,2024-01-31,Perito A,Valencia,54,32,2729,4.1
Linea Directa,No,2025-03-14,Perito B,Málaga,32,26,7759,5.3
Allianz,No,2025-04-16,Perito C,Sevilla,29,18,3164,3.0
Generali,No,2024-04-29,Perito D,Valencia,21,41,7337,4.8
Linea Directa,No,2025-04-04,Perito B,Madrid,25,19,1163,4.0
Allianz,No,2025-04-03,Perito C,Sevilla,27,20,736,3.1
Mapfre,No,2025-01-12,Perito D,Sevilla,55,27,7446,5.3
Mutua,No,2024-02-19,Perito A,Valencia,44,37,5899,3.6
Linea Directa,No,2024-10-04,Perito A,Sevilla,59,39,7540,6.7
Mapfre,No,2024-02-09,Perito B,Sevilla,26,18,6275,5.6
Mapfre,No,2024-04-04,Perito B,Madrid,42,46,7379,6.9
AXA,Si,2024-09-23,Perito B,Sevilla,38,29,4423,3.3
Mapfre,No,2024-07-16,Perito B,Zaragoza,41,40,3879,4.1
Linea Directa,No,2024-04-06,Perito B,Valencia,32,25,4387,4.3
Mutua,No,2024-08-20,Perito C,Valencia,40,23,3924,4.4
Generali,No,2025-03-12,Perito D,Zaragoza,20,25,742,3.5
AXA,No,2025-05-19,Perito B,Zaragoza,38,16,1045,4.1
Mapfre,Si,2024-08-04,Perito D,Zaragoza,52,41,3803,2.5
Linea Directa,Si,2025-04-21,Perito C,Málaga,23,40,5977,4.6
Allianz,No,2024-12-21,Perito C,Barcelona,22,22,3236,5.6
AXA,No,2024-09-24,Perito C,Málaga,46,35,6147,5.7
Mutua,No,2024-10-14,Perito B,Madrid,54,35,2694,4.5
Allianz,Si,2025-06-04,Perito A,Madrid,47,22,4685,6.3
Mutua,No,2025-02-27,Perito A,Valencia,25,15,2919,5.3
Allianz,No,2024-12-10,Perito B,Barcelona,25,27,2084,3.6
Generali,Si,2024-11-20,Perito B,Málaga,42,23,4338,2.6
Mutua,Si,2024-09-12,Perito B,Barcelona,52,42,4549,6.0
Allianz,No,2024-04-26,Perito C,Valencia,35,20,3401,2.3
Mutua,No,2025-05-13,Perito A,Sevilla,43,37,5379,5.3
AXA,Si,2024-05-21,Perito A,Valencia,24,31,2910,5.6
Mutua,No,2025-01-08,Perito D,Valencia,32,23,6810,5.8
Linea Directa,No,2025-05-27,Perito D,Barcelona,31,26,6630,6.7
Mutua,Si,2024-07-13,Perito A,Madrid,24,36,7354,4.8
Allianz,No,2025-01-30,Perito A,Sevilla,56,26,5836,6.2
Mutua,Si,2024-10-22,Perito C,Sevilla,50,20,7834,6.1
Generali,No,2024-02-22,Perito D,Madrid,47,23,2153,3.9
Mapfre,No,2024-09-26,Perito B,Barcelona,47,17,7121,6.4
AXA,Si,2024-06-05,Perito C,Barcelona,49,48,6688,6.2
Linea Directa,Si,2024-01-26,Perito D,Madrid,37,22,4937,3.9
Allianz,Si,2024-05-22,Perito B,Málaga,46,24,6725,2.7
Mutua,Si,2025-02-18,Perito B,Barcelona,54,23,4050,1.6
Mutua,Si,2024-02-01,Perito A,Madrid,45,28,889,4.1
Mutua,Si,2025-01-20,Perito A,Málaga,58,41,5572,3.9
AXA,Si,2024-03-10,Perito B,Valencia,37,46,2150,1.0
Linea Directa,Si,2025-01-09,Perito B,Sevilla,52,18,5375,3.0
Mapfre,Si,2024-09-01,Perito A,Madrid,44,16,5782,5.0
Generali,No,2025-05-07,Perito A,Barcelona,50,47,656,4.2
Linea Directa,No,2024-07-10,Perito A,Sevilla,56,35,5278,6.4
Generali,Si,2024-02-13,Perito A,Málaga,21,15,2330,3.9
Linea Directa,No,2024-11-29,Perito D,Sevilla,52,25,4176,3.7
Allianz,Si,2024-11-29,Perito A,Zaragoza,58,15,5418,3.0
Mapfre,Si,2025-03-16,Perito C,Madrid,51,25,4444,5.2
Mapfre,No,2025-06-15,Perito C,Valencia,37,21,5648,6.4
AXA,Si,2024-08-25,Perito C,Málaga,36,16,1379,4.2
Linea Directa,Si,2024-05-12,Perito A,Málaga,53,29,4485,3.7
Mutua,Si,2024-11-21,Perito B,Málaga,58,22,3765,3.8
Mapfre,Si,2024-07-28,Perito B,Sevilla,26,40,1082,1.7
Linea Directa,No,2025-06-03,Perito D,Valencia,54,49,6606,3.9
Mutua,Si,2025-02-26,Perito A,Madrid,49,35,7447,6.7
AXA,No,2024-04-06,Perito C,Madrid,31,22,599,2.9
Linea Directa,No,2024-05-21,Perito B,Sevilla,54,46,7107,4.9
Linea Directa,Si,2024-09-25,Perito A,Zaragoza,30,22,808,3.9
Allianz,No,2025-04-26,Perito C,Madrid,23,24,7627,6.0
Linea Directa,No,2024-11-04,Perito C,Madrid,44,37,6091,5.0
Allianz,No,2024-03-10,Perito C,Valencia,51,18,1838,5.6
Mutua,No,2025-05-01,Perito C,Sevilla,39,44,5871,5.5
Mutua,Si,2024-10-02,Perito C,Sevilla,50,37,7128,2.7
Mapfre,Si,2024-01-29,Perito D,Málaga,23,19,2348,2.6
AXA,Si,2024-01-22,Perito C,Madrid,57,35,1582,3.4
Allianz,No,2025-01-03,Perito D,Barcelona,20,20,1603,4.8
Mapfre,No,2025-01-21,Perito C,Zaragoza,22,31,1019,3.8
Generali,Si,2024-09-10,Perito C,Valencia,56,39,3492,3.1
Mapfre,No,2024-03-21,Perito C,Valencia,41,38,1019,3.6
Mutua,No,2024-08-25,Perito C,Zaragoza,36,36,619,3.5
Generali,Si,2025-02-25,Perito D,Zaragoza,33,27,4419,3.4
Mapfre,No,2025-02-26,Perito A,Barcelona,54,31,4717,5.7
Linea Directa,No,2025-02-11,Perito B,Málaga,32,28,3502,2.7
AXA,Si,2024-09-28,Perito D,Barcelona,54,48,7430,4.8
Allianz,Si,2025-03-07,Perito D,Zaragoza,21,40,1708,1.6
Linea Directa,Si,2025-05-17,Perito D,Zaragoza,32,33,7995,4.1
Generali,Si,2025-02-13,Perito A,Barcelona,35,40,5893,6.6
AXA,Si,2025-05-02,Perito B,Málaga,37,17,967,3.8
Mapfre,Si,2024-09-01,Perito A,Barcelona,26,16,2244,5.0
Linea Directa,Si,2024-06-16,Perito B,Málaga,55,42,6826,5.1
Mutua,No,2024-12-19,Perito B,Zaragoza,49,16,6862,5.2
Mutua,Si,2025-01-04,Perito B,Zaragoza,26,36,6498,3.8
AXA,No,2024-01-27,Perito A,Zaragoza,34,21,2339,5.0
Mutua,Si,2024-03-17,Perito B,Madrid,59,18,3229,5.0
Allianz,No,2025-01-05,Perito C,Málaga,38,34,1749,4.5
AXA,No,2025-03-17,Perito D,Zaragoza,56,20,6798,4.6
AXA,No,2025-04-08,Perito B,Sevilla,21,23,1964,3.7
Mutua,No,2025-05-30,Perito D,Sevilla,32,45,6340,6.6
AXA,No,2024-01-09,Perito A,Barcelona,59,40,2845,3.0
Mapfre,Si,2025-01-29,Perito A,Sevilla,50,40,3916,4.8
Generali,Si,2024-11-18,Perito C,Málaga,35,42,4805,3.3
Linea Directa,Si,2025-01-27,Perito B,Madrid,25,19,5502,4.5
Generali,No,2024-10-11,Perito D,Málaga,47,24,4681,3.8
Linea Directa,No,2024-06-21,Perito D,Valencia,51,32,5893,2.6
Mutua,No,2024-12-29,Perito D,Barcelona,29,29,6748,5.5
Allianz,Si,2025-05-14,Perito A,Zaragoza,37,47,2493,4.6
Allianz,No,2024-07-26,Perito B,Madrid,23,19,5037,5.4
Mutua,No,2024-08-06,Perito C,Barcelona,28,36,7958,6.5
Mutua,Si,2024-04-15,Perito C,Valencia,26,36,2908,2.1
AXA,Si,2024-11-26,Perito A,Sevilla,27,36,6993,4.9
Allianz,Si,2024-03-05,Perito B,Valencia,26,29,7838,2.1
Generali,No,2024-03-09,Perito C,Sevilla,59,31,6207,4.3
Mutua,No,2024-05-27,Perito C,Barcelona,22,42,5742,6.3
Generali,Si,2024-05-07,Perito A,Barcelona,36,36,1100,2.5
Linea Directa,No,2024-11-16,Perito D,Zaragoza,21,35,6408,3.4
Generali,No,2024-07-13,Perito C,Zaragoza,34,31,3284,3.6
Allianz,No,2024-08-24,Perito A,Barcelona,48,19,6556,7.2
Linea Directa,No,2024-01-03,Perito C,Zaragoza,41,32,2209,4.7
Generali,Si,2024-09-27,Perito C,Málaga,23,31,441,2.1
AXA,No,2024-02-01,Perito A,Madrid,25,18,6836,6.5
AXA,No,2024-02-08,Perito A,Málaga,57,21,7580,6.4
Allianz,Si,2024-05-27,Perito B,Valencia,45,39,2585,2.6
AXA,No,2024-09-27,Perito C,Madrid,30,23,6316,6.8
Mutua,No,2025-02-07,Perito D,Barcelona,45,33,4468,6.5
Linea Directa,Si,2024-03-17,Perito D,Barcelona,36,23,871,2.6
Allianz,No,2024-12-03,Perito B,Barcelona,43,37,363,3.0
Linea Directa,Si,2024-11-06,Perito B,Sevilla,47,45,664,2.2
Generali,No,2025-02-22,Perito A,Valencia,54,46,3242,6.6
Mutua,No,2025-05-03,Perito D,Málaga,50,45,4792,4.4
Allianz,No,2025-01-12,Perito C,Zaragoza,32,31,4995,3.7
Generali,Si,2024-04-21,Perito A,Valencia,54,36,2642,3.4
Generali,No,2024-01-31,Perito C,Sevilla,35,49,4998,4.6
Generali,No,2024-02-09,Perito D,Sevilla,34,44,6236,3.7
Generali,Si,2025-01-14,Perito A,Valencia,37,40,2555,4.6
Generali,No,2024-12-09,Perito C,Sevilla,56,20,6087,5.6
Allianz,No,2024-10-01,Perito B,Zaragoza,46,48,4478,5.7
AXA,No,2024-11-26,Perito C,Madrid,54,46,4924,2.5
Generali,Si,2024-10-20,Perito C,Barcelona,54,39,2757,4.2
Mutua,Si,2024-05-05,Perito A,Málaga,47,27,6027,4.6
Allianz,Si,2024-05-10,Perito D,Sevilla,58,16,745,1.0
Mapfre,No,2024-05-17,Perito C,Málaga,57,19,5883,5.4
AXA,Si,2025-05-10,Perito C,Barcelona,28,25,4919,3.7
Mutua,No,2024-05-06,Perito C,Zaragoza,31,25,4035,2.7
Generali,Si,2024-05-18,Perito C,Valencia,34,38,793,3.0
Allianz,Si,2024-07-03,Perito B,Zaragoza,40,28,5039,3.5
Allianz,No,2024-06-19,Perito D,Barcelona,54,44,7594,4.4
Generali,Si,2025-05-22,Perito D,Málaga,52,49,6064,5.0
Mutua,Si,2024-04-22,Perito A,Madrid,38,35,4004,4.9
Allianz,No,2024-10-22,Perito C,Valencia,42,19,1659,2.7
Linea Directa,No,2024-03-28,Perito A,Sevilla,32,16,6244,3.9
AXA,No,2024-04-15,Perito B,Madrid,20,48,3693,4.1
Mutua,No,2024-12-23,Perito B,Barcelona,48,25,2801,3.3
Generali,No,2025-05-25,Perito C,Málaga,43,25,6364,6.8
Mutua,No,2024-12-11,Perito A,Málaga,35,23,6897,7.8
Linea Directa,No,2025-01-17,Perito A,Málaga,44,20,2644,5.6
Mutua,No,2024-09-10,Perito D,Barcelona,42,48,2872,2.8
Mapfre,Si,2024-08-11,Perito A,Valencia,47,46,4400,4.5
Generali,No,2024-06-23,Perito B,Sevilla,35,26,6535,7.5
AXA,Si,2024-05-13,Perito B,Madrid,57,46,216,2.3
Generali,No,2024-10-14,Perito C,Barcelona,30,31,3391,5.0
Mapfre,No,2025-06-07,Perito A,Málaga,22,18,592,5.5
Generali,Si,2024-07-18,Perito A,Sevilla,34,47,624,3.1
Generali,Si,2025-01-06,Perito B,Málaga,20,23,6472,4.8
AXA,Si,2024-05-04,Perito C,Barcelona,26,48,7497,4.8
Mapfre,No,2025-01-21,Perito D,Málaga,20,44,771,1.3
Generali,No,2024-09-19,Perito D,Barcelona,51,34,3831,5.3
Linea Directa,No,2024-01-21,Perito C,Málaga,28,37,6372,4.6
Generali,No,2024-08-30,Perito C,Barcelona,48,49,1320,3.8
Allianz,Si,2025-06-07,Perito D,Málaga,45,37,7377,3.2
Generali,No,2024-11-03,Perito B,Sevilla,42,37,441,4.0
AXA,Si,2024-09-28,Perito A,Sevilla,48,37,4097,4.3
Allianz,No,2024-11-06,Perito D,Málaga,57,42,4295,5.8
Linea Directa,No,2025-05-11,Perito C,Málaga,52,33,2479,5.0
Linea Directa,Si,2025-01-03,Perito C,Barcelona,26,44,988,3.5
Linea Directa,No,2024-09-14,Perito A,Barcelona,31,35,7651,7.2
Mapfre,Si,2025-06-04,Perito C,Barcelona,50,38,914,4.4
Linea Directa,No,2025-06-23,Perito B,Valencia,51,35,5054,4.8
Mutua,No,2024-04-10,Perito C,Málaga,39,40,3049,5.3
AXA,No,2024-12-26,Perito A,Zaragoza,36,40,975,4.0
Mapfre,No,2024-11-23,Perito D,Málaga,55,47,4226,4.6
Allianz,No,2025-01-19,Perito B,Málaga,22,18,7069,6.9
Mutua,Si,2024-02-15,Perito C,Málaga,20,23,2447,1.3
Mapfre,No,2024-07-21,Perito A,Barcelona,46,22,7288,8.3
AXA,No,2024-09-09,Perito D,Barcelona,59,16,278,5.1
Allianz,No,2025-02-15,Perito D,Valencia,52,43,7299,4.7
AXA,No,2025-04-30,Perito A,Barcelona,39,37,4126,6.0
AXA,Si,2025-04-12,Perito D,Zaragoza,33,20,1055,1.6
Allianz,No,2024-11-30,Perito D,Málaga,55,35,7540,4.5
Linea Directa,Si,2024-10-19,Perito D,Málaga,24,36,6810,5.1
Generali,Si,2025-01-15,Perito D,Madrid,42,23,6924,3.4
AXA,Si,2024-01-02,Perito A,Barcelona,34,48,5735,5.6
Linea Directa,Si,2024-04-05,Perito A,Madrid,25,40,7283,4.7
Allianz,Si,2025-01-28,Perito C,Málaga,52,15,6792,3.8
AXA,No,2025-06-17,Perito C,Barcelona,38,19,6430,5.0
Generali,Si,2025-05-29,Perito B,Málaga,32,36,2348,2.9
Allianz,Si,2024-06-07,Perito D,Madrid,48,18,1231,3.5
Mapfre,Si,2025-03-14,Perito D,Madrid,25,16,5140,5.4
Mapfre,Si,2024-11-19,Perito B,Sevilla,34,30,3471,3.2
Linea Directa,Si,2024-12-11,Perito A,Sevilla,35,30,3776,5.7
Mapfre,Si,2024-03-28,Perito A,Barcelona,43,36,4382,4.5
Mutua,No,2024-07-02,Perito B,Barcelona,42,15,6386,6.9
AXA,No,2025-03-29,Perito C,Barcelona,29,29,3656,6.6
AXA,Si,2024-05-27,Perito C,Barcelona,36,38,7988,5.3
Allianz,Si,2024-08-09,Perito D,Barcelona,49,18,3706,4.3
Mutua,Si,2024-03-01,Perito C,Barcelona,29,32,607,1.0
AXA,Si,2025-04-15,Perito A,Zaragoza,38,31,7850,6.3
Allianz,Si,2025-02-10,Perito B,Barcelona,48,21,2911,3.2
Generali,No,2025-06-04,Perito B,Madrid,21,24,3288,6.7
AXA,No,2024-05-23,Perito B,Madrid,55,15,1868,4.6
Linea Directa,No,2024-08-05,Perito C,Madrid,38,16,347,5.1
AXA,No,2024-02-24,Perito B,Zaragoza,26,36,6620,4.6
Generali,No,2024-01-25,Perito B,Málaga,45,46,4527,7.7
Generali,No,2024-07-21,Perito C,Valencia,34,43,4097,4.6
AXA,Si,2025-04-10,Perito A,Málaga,57,49,2150,5.6
Generali,Si,2024-10-10,Perito D,Barcelona,22,31,565,2.7
Allianz,No,2025-02-21,Perito A,Valencia,57,26,7595,5.7
AXA,Si,2025-04-15,Perito C,Madrid,35,38,1874,4.3
AXA,No,2025-03-22,Perito B,Madrid,21,44,4731,6.8
Mapfre,No,2025-05-22,Perito D,Sevilla,50,44,4694,5.0
Linea Directa,No,2024-12-07,Perito A,Barcelona,47,34,5530,6.9
AXA,Si,2024-10-21,Perito D,Barcelona,26,21,5710,4.5
Mapfre,Si,2024-12-29,Perito A,Sevilla,49,21,2746,4.3
Generali,No,2025-05-10,Perito A,Málaga,26,44,6883,6.2
Linea Directa,Si,2025-05-31,Perito C,Sevilla,55,26,762,2.1
Linea Directa,No,2025-06-19,Perito A,Zaragoza,48,45,3762,4.6
Generali,Si,2024-10-14,Perito B,Barcelona,43,32,2689,5.4
Allianz,Si,2024-11-17,Perito C,Zaragoza,58,16,5580,2.6
Mapfre,No,2025-06-24,Perito D,Zaragoza,23,47,972,3.7
AXA,No,2024-08-30,Perito C,Zaragoza,48,25,6693,6.0
Mapfre,No,2024-03-12,Perito A,Madrid,24,48,2237,7.5
Generali,No,2025-06-08,Perito D,Sevilla,48,30,3623,1.0
Generali,Si,2024-06-29,Perito B,Valencia,49,49,2767,1.4
Allianz,No,2024-05-23,Perito C,Madrid,48,47,5639,5.0
Linea Directa,Si,2024-10-18,Perito A,Málaga,45,35,6481,4.0
Linea Directa,No,2024-10-01,Perito D,Madrid,38,34,1773,5.0
Generali,Si,2024-03-05,Perito B,Málaga,45,22,3894,2.0
Mapfre,No,2024-11-02,Perito B,Madrid,56,40,5287,5.5
Linea Directa,No,2025-06-03,Perito C,Barcelona,46,47,6711,5.6
AXA,No,2024-11-29,Perito D,Zaragoza,49,40,3491,3.4
AXA,Si,2025-02-09,Perito A,Málaga,49,44,7704,6.5
Mapfre,Si,2024-01-23,Perito D,Málaga,22,45,1446,2.6
Allianz,No,2024-01-10,Perito B,Sevilla,26,47,3919,3.7
AXA,Si,2025-01-04,Perito D,Madrid,28,25,4039,2.5
Mapfre,No,2025-03-02,Perito C,Málaga,32,19,559,3.7
Mapfre,Si,2024-05-18,Perito D,Málaga,34,16,5216,2.6
Generali,No,2024-06-12,Perito D,Madrid,24,27,2576,4.1
Linea Directa,No,2025-03-09,Perito C,Madrid,48,32,3209,4.8
Generali,Si,2025-05-06,Perito D,Valencia,54,40,6806,4.9
Linea Directa,Si,2024-10-12,Perito C,Sevilla,46,39,3193,2.7
Allianz,Si,2024-03-26,Perito C,Málaga,46,28,1162,2.0
Allianz,No,2024-01-11,Perito C,Madrid,27,19,3832,4.4
Allianz,Si,2024-05-12,Perito B,Málaga,51,16,2027,1.9
Mapfre,Si,2024-05-03,Perito D,Valencia,39,18,7749,5.0
Mapfre,Si,2024-06-04,Perito C,Valencia,29,26,7179,4.4
Generali,Si,2024-05-17,Perito A,Málaga,32,25,1813,2.9
AXA,Si,2024-09-15,Perito A,Sevilla,48,18,1840,1.8
Linea Directa,No,2025-04-06,Perito B,Barcelona,54,23,2416,3.8
Linea Directa,No,2025-02-07,Perito C,Málaga,27,24,4512,5.0
Allianz,Si,2024-06-10,Perito C,Valencia,48,41,577,2.0
Linea Directa,No,2024-04-17,Perito B,Sevilla,50,20,4414,4.3
Mutua,Si,2024-12-21,Perito D,Zaragoza,49,29,4485,3.4
Allianz,Si,2024-08-02,Perito C,Madrid,41,45,7110,6.0
Linea Directa,No,2024-07-08,Perito C,Zaragoza,40,36,569,3.9
Generali,No,2024-05-03,Perito A,Sevilla,31,20,6097,5.3
Linea Directa,No,2024-03-08,Perito C,Sevilla,30,47,2396,3.7
Mapfre,No,2025-03-07,Perito B,Málaga,21,43,3947,4.8
Generali,No,2024-06-02,Perito A,Sevilla,21,35,851,1.5
Generali,No,2024-07-26,Perito B,Madrid,53,44,6178,6.2
Generali,No,2025-05-18,Perito B,Zaragoza,22,35,5807,5.6
Mutua,Si,2025-02-04,Perito C,Málaga,35,36,969,1.6
Mutua,Si,2025-01-15,Perito D,Valencia,23,34,2621,1.1
Linea Directa,Si,2024-05-23,Perito C,Madrid,42,36,980,4.8
Allianz,No,2025-05-27,Perito D,Málaga,39,25,1916,2.3
Linea Directa,Si,2024-05-16,Perito A,Málaga,44,45,6503,4.6
Linea Directa,Si,2024-09-03,Perito B,Barcelona,49,27,6694,5.5
Linea Directa,Si,2024-03-09,Perito B,Madrid,37,32,4183,3.5
Mapfre,Si,2024-09-07,Perito C,Sevilla,30,36,1511,1.0
Generali,No,2024-09-11,Perito D,Madrid,48,31,3559,5.0
AXA,Si,2024-10-24,Perito B,Madrid,36,39,7235,4.0
Allianz,Si,2024-06-25,Perito B,Barcelona,45,46,5545,5.5
Allianz,Si,2025-02-16,Perito D,Sevilla,42,29,722,1.6
Generali,Si,2024-09-11,Perito B,Zaragoza,39,27,721,4.4
Allianz,Si,2025-04-02,Perito B,Barcelona,21,40,5078,4.8
Generali,No,2024-07-14,Perito B,Barcelona,43,25,2520,4.1
Allianz,Si,2024-04-15,Perito D,Barcelona,50,27,1135,3.7
Linea Directa,Si,2024-06-01,Perito D,Madrid,46,47,7769,6.2
Mapfre,Si,2024-06-09,Perito A,Zaragoza,21,15,2430,2.0
Allianz,Si,2024-05-23,Perito B,Barcelona,33,41,4240,4.8
Allianz,Si,2024-03-24,Perito B,Valencia,23,46,5984,4.3
AXA,Si,2025-03-21,Perito A,Sevilla,32,29,4783,5.1
Mapfre,No,2025-02-19,Perito D,Zaragoza,55,45,6146,3.5
Linea Directa,Si,2024-09-07,Perito D,Sevilla,54,20,5141,3.9
Mapfre,Si,2024-02-21,Perito C,Zaragoza,27,39,6467,4.6
Mapfre,No,2025-03-19,Perito D,Barcelona,21,32,7328,5.7
Allianz,No,2024-01-29,Perito C,Zaragoza,25,36,3897,7.0
Mutua,Si,2024-08-25,Perito A,Madrid,50,45,3037,3.3
Allianz,Si,2024-03-21,Perito D,Zaragoza,29,23,4283,2.7
Generali,No,2024-05-05,Perito A,Málaga,40,17,2661,3.5
AXA,Si,2024-04-14,Perito C,Málaga,29,47,6299,4.4
Mapfre,No,2025-04-29,Perito B,Madrid,42,41,6044,7.7
Generali,Si,2024-07-20,Perito B,Barcelona,22,15,3443,5.6
Linea Directa,Si,2025-04-19,Perito A,Barcelona,51,23,3559,2.1
Generali,Si,2024-06-11,Perito B,Valencia,39,19,7802,6.2
Mutua,No,2024-09-02,Perito A,Málaga,29,29,885,3.3
Mapfre,No,2024-11-11,Perito C,Málaga,48,23,2360,3.1
Allianz,No,2025-03-13,Perito B,Sevilla,53,42,7231,5.6
Mapfre,No,2025-02-17,Perito C,Barcelona,56,27,4188,5.1
AXA,Si,2024-04-20,Perito D,Madrid,39,38,4266,3.6
Mapfre,Si,2024-01-28,Perito B,Barcelona,27,24,6465,4.4
Generali,No,2024-03-17,Perito B,Barcelona,26,36,1767,4.9
Generali,No,2025-04-07,Perito B,Valencia,25,36,5541,6.1
Allianz,No,2024-04-27,Perito A,Zaragoza,30,34,7998,6.3
Allianz,No,2024-01-29,Perito D,Zaragoza,37,24,238,2.5
Allianz,Si,2024-01-14,Perito D,Madrid,48,24,2744,4.0
Linea Directa,No,2025-05-24,Perito D,Valencia,44,40,5075,5.5
AXA,Si,2024-06-27,Perito C,Valencia,40,39,1456,2.6
Linea Directa,No,2024-11-11,Perito D,Valencia,22,42,3190,3.4
Linea Directa,Si,2024-01-06,Perito A,Zaragoza,37,27,7897,5.8
Linea Directa,No,2025-06-16,Perito A,Valencia,43,29,2396,3.6
Mapfre,Si,2024-06-30,Perito C,Barcelona,57,20,3668,2.2
Mutua,Si,2025-01-06,Perito C,Zaragoza,29,26,7365,5.1
Mapfre,Si,2024-08-15,Perito D,Zaragoza,46,33,2908,2.1
Allianz,Si,2025-01-22,Perito D,Sevilla,31,46,6223,3.0
AXA,Si,2024-06-06,Perito A,Barcelona,26,25,501,1.8
Linea Directa,Si,2024-10-11,Perito A,Valencia,36,47,7727,4.3
Mapfre,Si,2025-04-30,Perito D,Valencia,20,16,6581,3.3
Generali,Si,2024-04-30,Perito A,Sevilla,45,29,846,4.2
Linea Directa,Si,2024-10-22,Perito C,Málaga,34,19,4958,5.4
Mapfre,No,2025-03-27,Perito A,Madrid,52,29,6579,6.5
Generali,No,2024-03-07,Perito D,Valencia,56,24,1959,3.7
Mapfre,Si,2024-02-17,Perito C,Valencia,50,31,6546,3.0
Mapfre,No,2025-04-23,Perito A,Barcelona,54,48,4551,6.1
Linea Directa,No,2024-05-20,Perito C,Valencia,20,38,797,2.9
Mapfre,Si,2024-03-24,Perito D,Valencia,27,24,861,1.0
Allianz,Si,2024-06-11,Perito A,Madrid,31,44,4530,6.1
Generali,No,2024-09-18,Perito D,Barcelona,38,17,1568,4.2
AXA,Si,2024-06-27,Perito B,Málaga,44,17,2781,3.6
Mutua,Si,2024-10-01,Perito D,Valencia,51,19,7203,3.5
Linea Directa,Si,2024-08-08,Perito B,Valencia,31,42,4068,1.0
Generali,No,2024-07-10,Perito C,Málaga,32,28,3737,2.8
Allianz,No,2024-06-27,Perito C,Sevilla,47,25,5065,5.6
Generali,No,2025-01-25,Perito B,Málaga,20,22,6884,5.0
AXA,Si,2024-04-13,Perito C,Málaga,25,22,4508,4.1
Linea Directa,Si,2025-05-29,Perito C,Barcelona,27,26,4758,4.2
Generali,Si,2024-12-11,Perito D,Zaragoza,23,29,6779,3.9
Allianz,Si,2024-11-19,Perito B,Málaga,24,33,482,2.2
Linea Directa,Si,2024-08-28,Perito A,Barcelona,44,42,7929,5.2
Allianz,No,2024-02-03,Perito C,Zaragoza,41,21,3878,4.6
Linea Directa,Si,2024-02-13,Perito C,Málaga,47,21,1686,4.1
Mutua,No,2024-05-28,Perito A,Valencia,58,44,4282,4.4
AXA,Si,2024-09-18,Perito D,Valencia,42,32,5726,1.7
Mutua,No,2024-11-06,Perito D,Zaragoza,23,38,4383,4.7
Mapfre,Si,2024-09-17,Perito D,Sevilla,23,20,5363,1.9
Allianz,Si,2024-12-26,Perito A,Zaragoza,40,18,660,1.7
Mutua,Si,2024-11-18,Perito D,Málaga,56,17,2525,2.1
Allianz,Si,2024-08-28,Perito C,Madrid,21,20,3954,4.9
Linea Directa,No,2024-12-04,Perito D,Málaga,26,40,2668,3.9
Allianz,Si,2025-01-27,Perito C,Zaragoza,35,25,1924,2.3
Mapfre,No,2025-01-12,Perito A,Madrid,36,43,1576,3.7
Allianz,No,2024-01-16,Perito D,Zaragoza,39,34,2943,6.2
Linea Directa,No,2024-07-22,Perito D,Málaga,42,24,714,2.9
Linea Directa,Si,2025-03-07,Perito C,Barcelona,53,40,902,4.1
Mutua,Si,2024-07-05,Perito A,Valencia,30,41,1853,3.6
AXA,No,2024-09-19,Perito D,Madrid,53,28,2266,5.8
Generali,Si,2024-06-20,Perito A,Madrid,52,26,222,2.5
Mutua,No,2024-06-07,Perito C,Málaga,45,37,2660,4.3
Mapfre,No,2025-05-15,Perito C,Valencia,21,35,5349,4.5
Generali,Si,2024-09-19,Perito D,Sevilla,42,22,6126,2.5
Allianz,Si,2025-01-23,Perito A,Madrid,41,23,6451,7.0
Mutua,No,2024-09-17,Perito C,Valencia,53,38,7734,4.6
Generali,No,2024-10-12,Perito A,Valencia,34,45,1504,4.5
Mutua,Si,2025-05-26,Perito B,Madrid,29,39,7495,7.2
Allianz,Si,2024-04-29,Perito B,Barcelona,34,31,3500,5.8
Linea Directa,Si,2024-04-25,Perito D,Zaragoza,48,43,5430,2.4
Mutua,No,2025-03-10,Perito A,Barcelona,42,17,6479,7.6
Mapfre,No,2025-06-14,Perito A,Málaga,36,35,561,4.3
Generali,No,2024-06-09,Perito C,Zaragoza,28,22,7553,4.3
Generali,Si,2024-05-15,Perito A,Zaragoza,55,28,3927,2.0
Generali,No,2025-03-17,Perito A,Málaga,28,30,7951,6.2
Mutua,No,2024-11-09,Perito C,Valencia,35,32,6472,6.4
Allianz,No,2024-06-15,Perito D,Madrid,55,45,6195,8.5
Mutua,Si,2024-08-08,Perito C,Barcelona,52,25,1484,2.9
Mutua,No,2025-06-18,Perito B,Valencia,50,34,714,3.4
Linea Directa,Si,2025-04-12,Perito A,Barcelona,25,18,648,2.7
Generali,No,2024-08-05,Perito A,Madrid,29,34,6219,8.2
Allianz,No,2025-01-19,Perito D,Barcelona,35,45,7471,6.3
AXA,Si,2025-01-08,Perito B,Sevilla,23,34,5802,4.4
Allianz,Si,2024-07-06,Perito A,Málaga,41,25,5543,4.5
Mutua,Si,2025-02-26,Perito C,Zaragoza,32,15,2055,1.8
Mapfre,No,2024-12-01,Perito A,Barcelona,35,32,5169,7.1
Allianz,Si,2024-09-02,Perito D,Madrid,48,47,3762,4.8
Generali,No,2024-11-22,Perito C,Madrid,25,32,2720,6.2
Mapfre,No,2025-04-09,Perito A,Sevilla,45,45,3281,5.7
AXA,Si,2024-01-02,Perito D,Madrid,30,49,1628,2.1
AXA,Si,2024-04-15,Perito B,Sevilla,43,29,4167,3.2
Mapfre,Si,2024-04-05,Perito C,Valencia,48,20,6645,4.6
AXA,Si,2024-09-30,Perito C,Barcelona,22,22,6574,4.6
Mapfre,No,2025-04-01,Perito B,Madrid,29,36,6050,4.9
Mutua,No,2024-12-27,Perito C,Málaga,20,15,1122,3.1
Mapfre,Si,2024-01-06,Perito D,Barcelona,45,27,3337,3.8
Mutua,Si,2024-11-01,Perito B,Sevilla,31,38,7280,7.8
Generali,No,2024-11-12,Perito A,Barcelona,33,35,2359,6.6
Generali,No,2024-09-04,Perito D,Barcelona,44,18,5332,4.6
AXA,Si,2025-03-20,Perito B,Madrid,27,21,5712,4.2
Linea Directa,No,2024-12-29,Perito A,Málaga,23,26,2747,3.3
Linea Directa,No,2024-12-29,Perito D,Valencia,47,27,3179,4.3
Mapfre,No,2024-12-12,Perito D,Málaga,26,30,6941,4.4
Mutua,No,2025-06-03,Perito C,Zaragoza,29,20,2481,3.7
Generali,No,2024-01-08,Perito C,Sevilla,55,28,2849,3.5
Generali,No,2024-02-11,Perito B,Zaragoza,21,45,513,5.5
Generali,No,2024-07-27,Perito A,Málaga,45,49,2813,5.7
AXA,No,2025-03-11,Perito D,Málaga,33,24,3283,2.6
Generali,Si,2024-01-28,Perito D,Sevilla,35,31,2456,1.2
Linea Directa,No,2024-03-09,Perito B,Málaga,36,44,6293,6.3
Allianz,Si,2025-03-04,Perito C,Valencia,41,21,1237,1.5
AXA,Si,2024-03-01,Perito D,Barcelona,23,32,5952,5.8
Mapfre,Si,2024-10-23,Perito D,Valencia,38,33,3689,3.5
Allianz,Si,2024-09-14,Perito C,Zaragoza,21,29,7804,3.7
AXA,Si,2024-01-16,Perito A,Barcelona,58,36,7744,6.7
AXA,No,2024-03-23,Perito A,Barcelona,28,44,7387,7.4
Mutua,Si,2024-12-04,Perito C,Málaga,38,34,2834,1.4
Allianz,No,2024-12-19,Perito D,Barcelona,35,46,4183,4.9
Allianz,Si,2025-02-16,Perito C,Sevilla,44,39,1978,2.3
Linea Directa,No,2025-03-24,Perito A,Valencia,37,37,5310,5.6
Allianz,No,2025-03-21,Perito B,Barcelona,42,19,5389,5.6
Generali,Si,2025-06-23,Perito B,Málaga,40,44,4095,3.7
Linea Directa,No,2024-05-28,Perito A,Málaga,30,41,7578,5.4
Generali,Si,2025-03-05,Perito A,Málaga,58,21,1324,2.8
Linea Directa,No,2024-05-08,Perito A,Madrid,23,19,897,3.5
Mapfre,No,2025-02-21,Perito C,Valencia,44,29,2379,3.4
Linea Directa,Si,2024-02-14,Perito B,Málaga,51,22,7990,4.2
Mapfre,No,2024-03-13,Perito A,Sevilla,49,23,1604,2.6
Linea Directa,No,2024-03-03,Perito D,Málaga,45,25,5451,4.4
Mapfre,No,2024-11-22,Perito B,Madrid,55,36,1243,6.0
Generali,No,2025-06-12,Perito C,Valencia,53,48,2129,3.0
Linea Directa,No,2024-10-10,Perito D,Barcelona,28,49,6879,7.0
Mutua,No,2024-07-01,Perito C,Valencia,31,27,1213,3.7
Linea Directa,Si,2025-05-30,Perito A,Barcelona,21,25,426,1.7
Mapfre,No,2025-02-05,Perito A,Barcelona,57,46,7521,9.5
AXA,Si,2024-10-15,Perito A,Málaga,24,29,2028,2.3
Generali,No,2025-02-18,Perito D,Zaragoza,24,15,5788,4.5
Mutua,Si,2024-08-26,Perito A,Sevilla,41,38,5117,4.6
AXA,No,2024-03-11,Perito B,Sevilla,24,36,2223,3.7
AXA,Si,2025-01-05,Perito A,Zaragoza,23,17,5166,5.0
Generali,No,2025-01-09,Perito B,Málaga,28,28,2652,5.1
Linea Directa,Si,2024-05-27,Perito D,Madrid,48,16,6545,3.8
Allianz,Si,2024-12-09,Perito C,Barcelona,41,46,2285,3.5
Mutua,Si,2024-11-14,Perito C,Zaragoza,46,47,7285,3.8
Linea Directa,No,2025-02-24,Perito B,Sevilla,29,20,6091,4.4
Generali,No,2024-02-09,Perito D,Valencia,35,39,4483,4.1
Allianz,No,2024-05-10,Perito B,Madrid,29,48,1280,5.4
Generali,Si,2024-05-02,Perito A,Málaga,25,25,5236,2.6
Generali,No,2024-04-26,Perito A,Madrid,24,21,7387,6.8
AXA,Si,2024-08-09,Perito A,Sevilla,25,36,2520,2.5
Linea Directa,No,2025-01-17,Perito C,Zaragoza,44,24,3390,4.8
Generali,Si,2024-02-18,Perito B,Málaga,23,35,2830,3.5
Linea Directa,Si,2024-04-25,Perito D,Sevilla,59,20,2763,3.4
Allianz,Si,2025-02-12,Perito B,Barcelona,51,15,3492,2.9
AXA,No,2025-05-20,Perito B,Madrid,54,48,4821,6.0
Allianz,Si,2024-04-03,Perito B,Zaragoza,29,28,3786,3.2
Allianz,No,2024-01-17,Perito A,Barcelona,53,41,4631,4.4
AXA,Si,2025-01-30,Perito A,Valencia,55,23,7041,3.3
Linea Directa,No,2024-06-23,Perito B,Barcelona,25,20,5374,5.3
Allianz,Si,2024-03-09,Perito A,Madrid,35,45,6843,5.8
Mapfre,Si,2024-05-07,Perito C,Valencia,38,31,3147,4.3
Linea Directa,Si,2024-08-07,Perito A,Sevilla,53,35,4159,3.6
Generali,No,2024-04-29,Perito C,Zaragoza,44,41,3013,4.4
AXA,Si,2025-03-11,Perito C,Valencia,50,42,2783,3.0
AXA,Si,2024-03-13,Perito B,Madrid,36,30,361,2.2
Linea Directa,No,2024-03-11,Perito B,Málaga,49,49,793,2.8
Mapfre,No,2024-07-12,Perito A,Valencia,58,49,6234,5.6
Mapfre,Si,2025-05-01,Perito D,Sevilla,50,33,6502,2.4
Mapfre,No,2024-08-23,Perito B,Valencia,38,35,3459,4.7
Mapfre,No,2024-08-25,Perito C,Zaragoza,54,47,4355,5.9
Mutua,Si,2024-05-15,Perito C,Barcelona,48,37,3162,5.7
AXA,No,2024-01-07,Perito A,Málaga,20,20,4088,5.6
Allianz,Si,2025-04-02,Perito C,Madrid,23,46,3590,4.5
AXA,Si,2024-06-05,Perito B,Málaga,47,36,6197,2.2
AXA,Si,2024-10-08,Perito A,Barcelona,37,17,6554,4.7
AXA,No,2025-01-30,Perito A,Málaga,45,49,4701,3.7
Mapfre,No,2024-08-25,Perito D,Barcelona,59,30,863,3.3
Mapfre,Si,2024-01-01,Perito A,Zaragoza,38,39,1332,3.7
Mutua,Si,2024-07-07,Perito D,Valencia,25,31,5395,3.6
Linea Directa,No,2024-11-23,Perito B,Madrid,20,27,741,4.6
AXA,No,2024-07-31,Perito C,Barcelona,27,42,5633,6.3
Generali,Si,2025-01-11,Perito B,Barcelona,52,25,5293,4.0
Linea Directa,Si,2024-09-20,Perito A,Valencia,40,24,5436,4.1
Mutua,Si,2024-10-13,Perito D,Barcelona,43,38,3174,3.8
Mapfre,No,2025-02-19,Perito C,Madrid,44,38,1067,5.5
AXA,Si,2025-01-25,Perito A,Sevilla,38,47,2266,3.1
Mapfre,No,2025-03-26,Perito B,Málaga,48,31,631,3.0
Linea Directa,Si,2025-05-11,Perito A,Zaragoza,29,49,5035,2.8
Allianz,No,2024-02-14,Perito D,Zaragoza,31,20,5669,3.6
Mapfre,No,2024-11-29,Perito B,Barcelona,52,30,4478,5.7
Mapfre,Si,2024-06-19,Perito A,Málaga,26,42,6456,4.5
Mutua,No,2024-10-25,Perito D,Zaragoza,36,46,1406,1.5
Allianz,No,2024-09-11,Perito A,Málaga,29,40,2728,2.9
Linea Directa,Si,2024-11-08,Perito D,Zaragoza,50,25,1369,1.0
Generali,No,2024-05-15,Perito A,Sevilla,25,39,1030,3.6
Generali,No,2025-03-23,Perito B,Barcelona,36,45,1851,5.6
Generali,Si,2025-03-06,Perito B,Madrid,56,35,1336,3.7
AXA,No,2024-12-18,Perito B,Barcelona,37,17,3010,4.0
Generali,No,2024-03-18,Perito B,Málaga,45,26,675,2.5
AXA,Si,2024-08-26,Perito B,Valencia,35,39,3010,3.5
Linea Directa,Si,2024-05-02,Perito C,Sevilla,27,31,1526,2.8
Linea Directa,Si,2024-01-11,Perito A,Madrid,43,33,5266,4.6
Mapfre,No,2024-01-17,Perito B,Madrid,32,16,1219,2.1
Generali,Si,2024-12-12,Perito C,Málaga,48,31,5437,4.1
Mutua,Si,2025-06-24,Perito C,Madrid,51,44,2036,3.3
Linea Directa,Si,2024-06-26,Perito A,Málaga,43,24,4456,5.7
Allianz,Si,2024-12-16,Perito D,Madrid,35,49,2648,3.0
Allianz,Si,2024-10-24,Perito A,Madrid,30,47,4493,5.0
Linea Directa,Si,2024-10-29,Perito A,Zaragoza,51,15,1483,2.8
Mapfre,Si,2025-04-13,Perito D,Zaragoza,25,32,859,2.2
Allianz,No,2025-06-15,Perito D,Málaga,54,18,6071,4.9
Allianz,No,2024-07-10,Perito B,Sevilla,52,41,5366,3.7
Mapfre,Si,2025-06-07,Perito D,Madrid,37,39,2210,1.9
Mapfre,Si,2024-08-14,Perito D,Barcelona,56,42,598,3.8
Mapfre,No,2025-01-21,Perito A,Valencia,32,36,1933,3.7
Mutua,Si,2025-01-31,Perito A,Zaragoza,29,39,5878,5.0
Mapfre,No,2024-02-05,Perito A,Málaga,56,31,2325,3.9
Mapfre,Si,2024-03-06,Perito D,Madrid,45,26,2371,1.4
Mapfre,No,2024-10-23,Perito C,Zaragoza,36,30,274,4.5
Linea Directa,Si,2025-05-11,Perito B,Sevilla,20,30,6480,4.9
Generali,No,2024-11-08,Perito A,Zaragoza,44,31,4897,5.7
Linea Directa,No,2025-01-23,Perito C,Barcelona,53,45,3671,4.3
Generali,Si,2024-01-24,Perito B,Málaga,58,29,1036,3.1
Mutua,No,2024-03-09,Perito A,Barcelona,29,27,5824,6.7
Mutua,No,2024-11-28,Perito C,Zaragoza,39,41,699,2.5
Allianz,Si,2025-05-17,Perito B,Valencia,26,35,5892,3.7
Linea Directa,No,2024-10-25,Perito A,Sevilla,35,16,337,3.5
Generali,No,2024-07-05,Perito A,Málaga,56,22,2297,3.7
Mutua,No,2024-07-24,Perito C,Málaga,48,21,6090,5.3
Mutua,No,2025-05-30,Perito D,Madrid,31,24,5268,6.1
Linea Directa,Si,2024-05-31,Perito D,Barcelona,36,18,5938,4.0
Allianz,No,2025-05-01,Perito A,Málaga,39,49,3896,4.7
Mapfre,No,2024-05-14,Perito C,Barcelona,45,17,2085,4.6
AXA,No,2025-06-03,Perito D,Valencia,38,32,6597,5.5
Allianz,No,2025-04-21,Perito D,Madrid,31,38,7997,6.3
AXA,Si,2025-06-24,Perito D,Valencia,40,46,6324,4.6
Allianz,No,2024-12-09,Perito C,Madrid,53,48,2957,4.3
Allianz,Si,2024-01-15,Perito C,Madrid,26,16,4120,4.4
Mapfre,Si,2024-05-13,Perito B,Barcelona,54,16,2100,4.3
Mutua,No,2025-06-12,Perito D,Zaragoza,34,24,2810,4.1
Generali,Si,2024-12-17,Perito C,Madrid,20,37,7100,5.0
Allianz,No,2024-04-27,Perito B,Valencia,45,29,4186,4.4
Mapfre,No,2024-10-15,Perito A,Zaragoza,54,26,1649,3.2
AXA,No,2025-03-07,Perito B,Valencia,44,31,746,1.3
Linea Directa,Si,2025-03-14,Perito D,Zaragoza,34,32,7669,3.7
Linea Directa,Si,2024-12-21,Perito C,Valencia,41,28,5217,3.4
Mutua,No,2024-03-05,Perito D,Barcelona,25,31,4876,4.7
Linea Directa,Si,2024-09-28,Perito D,Barcelona,34,29,5668,3.3
Allianz,Si,2024-05-03,Perito A,Sevilla,43,26,6252,5.1
AXA,Si,2024-08-04,Perito C,Málaga,40,30,2203,3.4
Allianz,Si,2024-06-27,Perito C,Sevilla,26,46,2296,2.7
Linea Directa,No,2025-03-10,Perito A,Sevilla,48,37,7260,5.1
Generali,No,2025-05-12,Perito C,Madrid,51,48,7441,5.9
Linea Directa,No,2024-12-25,Perito B,Madrid,51,48,903,4.3
Generali,Si,2024-09-28,Perito D,Sevilla,24,30,6604,4.6
Linea Directa,No,2024-12-07,Perito A,Málaga,23,48,2603,3.0
Mutua,No,2024-10-03,Perito A,Sevilla,41,21,7949,5.6
AXA,No,2024-07-23,Perito D,Barcelona,37,47,1825,4.3
Generali,Si,2024-03-26,Perito A,Valencia,54,18,3531,4.4
Mapfre,Si,2025-01-13,Perito C,Sevilla,36,21,4933,2.3
Mutua,Si,2024-12-03,Perito C,Madrid,43,32,7086,4.6
Allianz,No,2024-01-08,Perito D,Málaga,21,18,7662,2.7
Linea Directa,No,2024-09-27,Perito A,Madrid,32,25,5305,7.6
AXA,No,2024-12-06,Perito B,Barcelona,34,34,3178,4.0
AXA,Si,2024-10-08,Perito D,Zaragoza,24,25,4936,3.6
Linea Directa,No,2025-01-07,Perito C,Madrid,22,29,3039,6.4
Mapfre,Si,2024-11-01,Perito C,Zaragoza,56,31,3584,4.6
Generali,Si,2025-04-12,Perito C,Madrid,56,48,2859,2.1
Linea Directa,Si,2024-02-26,Perito B,Málaga,56,26,2061,3.7
AXA,No,2024-08-03,Perito C,Zaragoza,22,42,3056,4.8
Mapfre,Si,2024-01-10,Perito D,Málaga,54,49,5501,4.3
Mapfre,No,2024-10-21,Perito D,Madrid,42,22,885,1.6
Allianz,Si,2024-08-01,Perito D,Madrid,47,41,6147,4.0
Mapfre,No,2024-02-08,Perito C,Sevilla,49,36,7731,3.9
Mutua,Si,2024-05-18,Perito B,Barcelona,37,38,4483,4.0
AXA,No,2024-06-06,Perito B,Zaragoza,55,16,7936,6.5
Mutua,No,2025-01-27,Perito C,Sevilla,52,45,7910,7.6
Mapfre,Si,2024-03-25,Perito A,Málaga,45,36,1819,4.0
Mapfre,No,2024-12-13,Perito A,Sevilla,59,15,5983,5.9
Mutua,No,2024-12-11,Perito D,Sevilla,36,28,5280,3.7
Allianz,Si,2025-04-13,Perito B,Zaragoza,59,39,4843,3.1
Mapfre,Si,2025-04-09,Perito C,Madrid,26,17,7068,5.8
Mutua,No,2024-12-07,Perito B,Madrid,27,19,7269,6.3
Mutua,Si,2024-07-12,Perito B,Zaragoza,50,15,1631,3.1
AXA,No,2025-05-08,Perito A,Barcelona,31,33,1075,4.7
Allianz,Si,2025-03-03,Perito B,Valencia,50,47,4913,5.1
Generali,Si,2024-03-23,Perito B,Valencia,38,44,2661,3.9
Mutua,Si,2024-09-14,Perito C,Zaragoza,29,26,1565,1.7
AXA,No,2024-03-27,Perito C,Zaragoza,58,24,1443,4.2
Generali,Si,2025-06-17,Perito B,Sevilla,31,48,5198,4.0
AXA,No,2025-03-18,Perito B,Barcelona,39,30,362,3.4
AXA,No,2025-03-30,Perito C,Barcelona,56,43,2174,6.8
Linea Directa,Si,2025-03-23,Perito A,Málaga,26,29,3491,4.0
Allianz,Si,2024-02-17,Perito C,Madrid,33,25,469,3.5
Mapfre,Si,2024-06-24,Perito C,Zaragoza,30,48,831,3.1
Allianz,Si,2024-07-31,Perito C,Zaragoza,26,44,1105,2.9
Generali,Si,2025-04-02,Perito C,Zaragoza,48,49,3671,4.2
Linea Directa,No,2024-08-24,Perito C,Zaragoza,29,23,3453,2.9
Allianz,Si,2024-07-07,Perito A,Málaga,48,32,2214,4.6
Mapfre,No,2024-04-04,Perito D,Valencia,28,33,1841,3.5
Allianz,No,2025-04-30,Perito C,Barcelona,55,18,404,4.4
Allianz,Si,2024-05-01,Perito C,Valencia,29,20,781,1.5
Allianz,Si,2024-04-24,Perito A,Madrid,38,47,5875,4.6
Mutua,No,2024-09-16,Perito D,Madrid,50,46,1040,2.9
Mutua,No,2024-03-28,Perito B,Zaragoza,36,30,6132,4.6
Allianz,Si,2025-06-10,Perito A,Madrid,28,25,5547,5.4
Mapfre,No,2025-05-25,Perito C,Valencia,52,36,1919,2.3
Mapfre,No,2024-03-23,Perito B,Barcelona,53,37,5938,7.7
Mapfre,No,2024-08-29,Perito A,Málaga,43,40,2843,4.9
Mapfre,Si,2024-05-17,Perito B,Barcelona,28,45,2497,2.8
Linea Directa,No,2024-10-12,Perito A,Barcelona,26,43,1074,5.8
Linea Directa,No,2025-06-03,Perito A,Sevilla,35,19,5760,4.9
AXA,No,2025-03-17,Perito B,Barcelona,38,39,7900,5.9
Allianz,Si,2024-09-28,Perito D,Málaga,58,48,6539,5.0
Allianz,Si,2024-11-28,Perito B,Sevilla,25,26,889,1.6
AXA,No,2024-01-05,Perito B,Barcelona,30,36,4200,5.5
Mapfre,No,2024-02-03,Perito D,Sevilla,31,23,6306,5.5
Generali,No,2025-04-11,Perito B,Barcelona,32,34,7886,7.8
Generali,Si,2024-06-19,Perito D,Madrid,31,43,3341,3.9
AXA,Si,2025-03-05,Perito D,Madrid,40,43,6982,3.1
Generali,No,2024-03-08,Perito D,Barcelona,29,41,1622,3.0
Mutua,No,2024-07-06,Perito C,Sevilla,39,31,6297,6.5
Allianz,No,2024-01-15,Perito A,Málaga,55,19,871,4.7
Generali,No,2024-02-01,Perito C,Madrid,47,27,7570,7.2
Linea Directa,No,2024-11-17,Perito A,Sevilla,43,29,1371,3.2
Linea Directa,No,2024-03-27,Perito C,Málaga,24,29,5791,3.9
Mutua,No,2024-04-28,Perito D,Sevilla,56,32,3926,2.4
Allianz,Si,2024-12-15,Perito C,Barcelona,31,16,1143,2.9
Mutua,Si,2025-04-23,Perito A,Madrid,54,37,6542,6.1
Allianz,Si,2025-06-06,Perito C,Madrid,59,27,1649,5.0
Allianz,No,2024-02-03,Perito B,Madrid,21,18,3937,5.2
Generali,Si,2024-08-09,Perito B,Barcelona,58,39,2739,3.9
Linea Directa,No,2024-01-04,Perito D,Málaga,28,25,4159,4.8
AXA,Si,2024-08-08,Perito C,Málaga,41,26,5191,3.2
Generali,Si,2024-12-04,Perito C,Zaragoza,24,27,6485,4.0
Mapfre,Si,2024-10-25,Perito A,Zaragoza,31,23,5632,4.5
Mutua,Si,2024-06-07,Perito A,Madrid,20,20,4460,4.5
Mapfre,Si,2025-06-02,Perito C,Zaragoza,41,24,2561,3.3
Allianz,No,2025-06-19,Perito A,Málaga,57,37,6364,5.7
Generali,No,2024-01-19,Perito B,Zaragoza,38,29,5401,5.0
Mapfre,Si,2024-06-07,Perito B,Zaragoza,35,37,3852,2.3
Mapfre,No,2024-10-04,Perito D,Madrid,50,48,7498,6.8
Linea Directa,Si,2024-01-27,Perito B,Málaga,22,30,3870,5.0
Mapfre,Si,2025-01-04,Perito A,Madrid,42,46,1953,4.9
Linea Directa,Si,2025-03-27,Perito A,Málaga,37,19,7327,4.2
Linea Directa,No,2024-06-16,Perito A,Sevilla,45,31,2552,2.8
Allianz,Si,2024-02-16,Perito A,Madrid,32,36,2138,4.1
Linea Directa,Si,2024-11-30,Perito C,Zaragoza,37,32,570,2.8
Allianz,No,2024-06-05,Perito C,Zaragoza,22,42,6176,4.4
Linea Directa,Si,2024-12-10,Perito C,Madrid,42,27,5148,4.4
Linea Directa,No,2024-10-14,Perito C,Zaragoza,22,15,4679,5.7
Allianz,No,2024-06-22,Perito B,Valencia,44,33,2131,2.1
Mapfre,No,2024-05-09,Perito A,Madrid,46,48,6788,7.1
Mutua,No,2025-06-09,Perito B,Málaga,46,18,624,2.1
Generali,No,2024-07-24,Perito A,Sevilla,58,17,6504,6.5
Generali,No,2025-01-09,Perito C,Sevilla,44,24,7545,6.3
Allianz,No,2024-12-11,Perito B,Málaga,43,42,4924,4.6
Mapfre,No,2025-03-12,Perito A,Barcelona,27,48,1094,5.2
Mutua,No,2024-08-07,Perito C,Zaragoza,28,33,6833,4.4
AXA,No,2024-05-04,Perito D,Madrid,56,17,7360,6.8
Allianz,No,2024-03-18,Perito A,Sevilla,49,37,6670,6.1
AXA,No,2024-04-24,Perito D,Málaga,38,31,797,2.7
Generali,No,2025-03-16,Perito A,Sevilla,35,21,3262,3.8
Generali,No,2025-03-12,Perito C,Sevilla,43,40,2536,3.9
Mutua,No,2024-12-20,Perito B,Málaga,40,32,4888,4.3
Mutua,No,2024-05-24,Perito A,Valencia,55,20,1887,4.9
AXA,No,2024-01-26,Perito D,Sevilla,59,45,7940,6.8
Generali,Si,2025-02-18,Perito C,Sevilla,58,43,772,2.9
Mutua,Si,2024-07-07,Perito A,Barcelona,25,23,7721,5.7
Mutua,No,2024-06-15,Perito D,Valencia,24,49,6371,6.1
Generali,No,2025-03-12,Perito A,Barcelona,33,31,7297,6.5
Generali,Si,2024-11-15,Perito D,Málaga,23,26,2290,2.5
Mapfre,Si,2025-06-23,Perito A,Zaragoza,27,38,6000,4.1
Linea Directa,No,2024-05-09,Perito B,Madrid,43,24,6766,6.3
Mutua,No,2024-10-27,Perito B,Málaga,30,44,3869,2.6
AXA,Si,2024-04-02,Perito B,Valencia,36,43,4472,2.3
Allianz,No,2024-08-03,Perito B,Zaragoza,40,24,4824,4.5
Allianz,Si,2025-05-12,Perito C,Málaga,45,42,1833,2.9
Generali,No,2024-03-05,Perito B,Valencia,46,32,5261,4.6
Linea Directa,Si,2025-06-15,Perito A,Zaragoza,35,31,1717,3.9
AXA,No,2024-03-29,Perito C,Barcelona,45,25,4493,3.4
Mapfre,No,2024-07-15,Perito A,Sevilla,52,15,2857,4.9
Mutua,Si,2024-02-08,Perito D,Málaga,50,31,3848,4.1
Mapfre,No,2024-07-20,Perito B,Málaga,25,23,7185,6.2
AXA,Si,2025-06-01,Perito A,Zaragoza,27,42,5148,4.9
Mapfre,Si,2024-08-11,Perito A,Sevilla,26,47,3788,4.8
Generali,Si,2024-05-25,Perito A,Málaga,53,17,1737,1.9
Allianz,No,2025-06-21,Perito D,Málaga,33,22,6365,3.4
Generali,Si,2024-09-30,Perito D,Zaragoza,35,20,7479,3.7
Mutua,No,2024-09-13,Perito D,Madrid,28,20,5376,5.2
Generali,Si,2024-11-24,Perito A,Zaragoza,29,43,3337,3.8
AXA,Si,2024-06-10,Perito D,Zaragoza,36,26,7185,2.7
AXA,Si,2024-04-03,Perito B,Zaragoza,31,23,297,1.8
Mutua,Si,2025-06-22,Perito D,Madrid,25,33,3415,4.6
Mutua,No,2024-05-21,Perito D,Sevilla,38,31,6199,4.2
Allianz,No,2024-09-24,Perito A,Barcelona,48,46,4730,4.5
Mapfre,No,2025-05-10,Perito A,Málaga,25,49,4932,3.6
Allianz,No,2025-05-08,Perito A,Zaragoza,44,28,3950,5.8
Generali,No,2024-02-17,Perito A,Málaga,43,30,3357,6.1
Mapfre,No,2024-05-19,Perito B,Barcelona,44,35,4883,4.9
Mutua,Si,2025-02-28,Perito A,Málaga,35,26,543,3.5
AXA,No,2024-01-31,Perito C,Barcelona,35,38,5613,6.5
Generali,No,2024-02-13,Perito C,Sevilla,25,48,6275,3.7
Allianz,No,2024-10-28,Perito A,Sevilla,56,22,4866,5.6
Linea Directa,No,2024-10-20,Perito A,Barcelona,40,35,810,5.5
Linea Directa,No,2024-05-17,Perito B,Barcelona,23,22,1927,4.4
Mutua,No,2025-06-04,Perito C,Valencia,53,42,2490,3.4
Mapfre,Si,2024-07-03,Perito D,Madrid,47,30,2054,3.4
Linea Directa,Si,2024-12-24,Perito B,Madrid,57,24,2808,3.2
Mapfre,No,2024-04-07,Perito D,Zaragoza,47,29,5255,5.4
AXA,Si,2025-02-28,Perito A,Málaga,36,18,2279,3.2
Mutua,No,2024-05-04,Perito C,Málaga,33,40,6734,4.8
Mutua,Si,2024-12-10,Perito D,Barcelona,26,29,2524,3.2
Generali,No,2024-08-16,Perito C,Zaragoza,41,46,4827,5.6
Generali,Si,2025-02-23,Perito D,Barcelona,20,18,1377,2.8
Mapfre,Si,2025-04-02,Perito B,Madrid,48,23,6726,4.8
Linea Directa,No,2025-05-02,Perito A,Zaragoza,50,49,1291,2.3
Linea Directa,No,2024-02-05,Perito C,Zaragoza,49,42,6197,5.2
Allianz,Si,2024-03-22,Perito B,Málaga,34,23,5179,3.4
Mapfre,No,2025-01-21,Perito C,Madrid,37,16,6557,5.0
Linea Directa,No,2025-06-01,Perito D,Sevilla,54,17,5974,4.9
Generali,No,2025-04-22,Perito D,Madrid,49,19,6719,4.6
Generali,No,2024-02-14,Perito A,Madrid,53,24,2991,4.9
Generali,No,2024-08-12,Perito D,Barcelona,30,42,6556,6.2
Mapfre,No,2024-04-08,Perito A,Málaga,46,29,6422,6.1
Mutua,Si,2025-01-30,Perito A,Sevilla,43,28,1949,3.2
Allianz,No,2024-01-09,Perito B,Madrid,54,37,2875,4.7
Allianz,No,2024-10-06,Perito A,Madrid,58,27,6947,6.3
Generali,Si,2024-05-12,Perito B,Barcelona,27,30,981,2.5
AXA,Si,2024-05-17,Perito C,Zaragoza,37,44,7748,4.3
Mapfre,Si,2024-12-07,Perito D,Valencia,32,22,3248,3.6
Linea Directa,No,2025-01-28,Perito D,Málaga,43,31,7023,3.7
Linea Directa,Si,2024-09-14,Perito D,Málaga,42,44,2305,1.0
Mutua,Si,2024-02-13,Perito A,Málaga,31,31,4067,3.1
Generali,Si,2025-01-31,Perito B,Madrid,49,49,7393,7.0
AXA,Si,2024-01-15,Perito B,Madrid,50,15,5176,4.3
Generali,Si,2024-01-29,Perito B,Madrid,47,38,4742,4.6
AXA,Si,2024-04-05,Perito A,Zaragoza,41,39,2313,3.3
Allianz,Si,2024-09-05,Perito D,Valencia,47,16,6079,2.8
AXA,Si,2024-06-08,Perito D,Madrid,32,39,5573,5.7
Allianz,No,2024-05-31,Perito B,Málaga,44,28,4170,4.2
Allianz,No,2024-08-17,Perito A,Zaragoza,26,47,2191,5.3
Mapfre,Si,2024-02-11,Perito D,Málaga,25,31,1267,2.0
AXA,No,2024-09-03,Perito A,Barcelona,43,45,7464,7.1
Mutua,No,2024-04-18,Perito C,Valencia,38,24,1777,2.6
Mutua,No,2024-12-04,Perito C,Sevilla,38,20,1211,4.4
AXA,Si,2025-02-14,Perito A,Madrid,55,39,2474,4.1
Mapfre,Si,2024-02-23,Perito C,Sevilla,28,44,5069,3.8
Mutua,No,2025-06-20,Perito D,Madrid,55,48,7022,7.5
Generali,Si,2025-03-09,Perito B,Valencia,57,32,7803,4.9
Mutua,No,2024-11-26,Perito A,Valencia,59,38,2014,4.3
Mapfre,Si,2025-04-28,Perito C,Málaga,48,41,6944,5.3
Allianz,No,2024-10-07,Perito B,Valencia,43,41,2626,4.5
Allianz,Si,2025-06-16,Perito D,Zaragoza,24,35,5497,2.9
Allianz,Si,2025-06-04,Perito D,Zaragoza,45,33,5746,2.8
Mapfre,No,2024-05-12,Perito A,Sevilla,33,37,7052,6.3
Allianz,No,2025-01-10,Perito B,Sevilla,58,29,4602,4.0
Allianz,No,2024-09-21,Perito D,Valencia,48,16,5074,4.2
Mapfre,No,2024-01-12,Perito A,Sevilla,25,49,2751,3.2
Generali,Si,2025-01-07,Perito C,Zaragoza,26,34,6611,5.9
Mutua,Si,2024-01-24,Perito B,Madrid,56,42,3857,3.7
Mapfre,No,2024-07-22,Perito D,Barcelona,37,29,207,4.2
Mapfre,No,2024-10-05,Perito C,Zaragoza,42,30,2755,4.5
AXA,Si,2024-12-17,Perito B,Málaga,57,47,675,4.0
Allianz,Si,2024-03-12,Perito B,Barcelona,20,26,5616,5.2
Linea Directa,Si,2024-04-26,Perito B,Sevilla,23,34,2411,2.4
Generali,Si,2025-01-18,Perito D,Málaga,54,43,684,1.7
Linea Directa,No,2024-05-21,Perito B,Barcelona,42,17,7964,5.8
AXA,No,2024-05-07,Perito C,Barcelona,46,19,7439,7.8
Generali,Si,2025-05-01,Perito D,Sevilla,45,16,6910,3.5
Allianz,Si,2025-01-17,Perito B,Málaga,27,37,5200,5.5
Linea Directa,No,2024-06-15,Perito C,Zaragoza,35,40,4854,4.0
Allianz,No,2025-02-04,Perito D,Zaragoza,22,40,6263,7.2
Allianz,Si,2024-11-23,Perito B,Málaga,51,21,2485,2.1
Mutua,No,2025-01-05,Perito A,Barcelona,24,24,5423,5.6
Generali,No,2024-06-15,Perito A,Málaga,39,19,5529,4.7
Generali,Si,2025-03-30,Perito B,Zaragoza,33,26,6897,3.6
AXA,No,2024-12-08,Perito A,Málaga,51,46,7171,6.3
Mapfre,Si,2024-05-27,Perito D,Madrid,45,45,4763,3.3
Allianz,Si,2025-04-14,Perito B,Sevilla,25,36,3725,2.1
Allianz,Si,2025-05-13,Perito C,Zaragoza,55,31,3539,2.3
Linea Directa,No,2024-04-28,Perito A,Sevilla,59,34,6729,7.8
AXA,No,2025-05-12,Perito B,Madrid,24,34,3022,3.9
Generali,No,2024-05-14,Perito D,Barcelona,32,22,5143,5.4
Mutua,Si,2024-04-26,Perito B,Valencia,51,48,6730,3.3
Generali,No,2024-05-04,Perito C,Zaragoza,35,37,3124,4.5
Mutua,No,2024-10-07,Perito C,Barcelona,20,42,458,4.3
Mutua,Si,2024-01-18,Perito B,Madrid,32,27,482,4.8
Generali,No,2024-01-08,Perito B,Málaga,30,43,5945,4.5
Linea Directa,No,2024-12-04,Perito B,Madrid,27,22,2098,5.1
Allianz,Si,2024-01-05,Perito B,Sevilla,44,25,4335,4.5
Mutua,No,2024-09-19,Perito D,Málaga,59,32,6829,4.4
Linea Directa,No,2025-06-23,Perito B,Barcelona,51,39,3176,5.3
AXA,No,2024-11-15,Perito D,Málaga,43,36,2467,1.8
AXA,No,2024-06-02,Perito B,Sevilla,47,49,3400,4.6
Mutua,No,2024-07-04,Perito D,Madrid,33,43,5310,5.5
Allianz,No,2024-02-24,Perito C,Barcelona,22,35,7367,5.7
Mutua,Si,2024-12-04,Perito A,Valencia,55,21,7887,3.9
AXA,Si,2025-03-28,Perito B,Valencia,46,26,812,2.0
AXA,Si,2024-10-01,Perito B,Madrid,39,38,7271,4.2
Generali,No,2024-04-28,Perito C,Barcelona,34,46,6211,6.2
Allianz,Si,2024-03-07,Perito A,Barcelona,46,41,887,4.4
Generali,Si,2024-04-16,Perito C,Málaga,47,46,3890,1.5
Linea Directa,Si,2024-10-08,Perito C,Zaragoza,44,46,812,1.4
Linea Directa,No,2025-03-04,Perito B,Madrid,52,46,2507,6.4
Linea Directa,Si,2024-07-30,Perito B,Málaga,33,40,7333,5.1
Mapfre,No,2024-07-06,Perito C,Madrid,27,25,3213,3.7
Linea Directa,Si,2025-05-23,Perito B,Sevilla,33,32,6709,3.7
Mutua,Si,2024-11-29,Perito B,Madrid,20,19,1981,1.9
Generali,Si,2025-01-05,Perito B,Málaga,35,30,6106,5.2
Linea Directa,Si,2024-01-26,Perito A,Barcelona,37,25,2791,4.4
Allianz,No,2024-12-22,Perito A,Madrid,26,49,2896,5.6
Linea Directa,Si,2024-05-08,Perito B,Barcelona,34,25,5843,6.1
Mutua,Si,2025-01-12,Perito C,Sevilla,43,37,6226,3.8
Mutua,Si,2025-06-19,Perito A,Valencia,32,48,7157,5.2
Mutua,No,2024-04-20,Perito C,Valencia,28,31,4158,5.5
Mutua,Si,2024-09-11,Perito D,Málaga,34,24,7383,3.1
Mutua,Si,2024-09-29,Perito D,Madrid,54,32,5448,3.1
Allianz,No,2025-03-13,Perito B,Sevilla,43,22,774,5.1
Mapfre,No,2025-01-07,Perito C,Sevilla,52,40,7476,4.8
AXA,Si,2024-03-16,Perito C,Barcelona,35,17,2110,1.3
Mapfre,Si,2025-03-06,Perito D,Zaragoza,27,38,5308,2.5
AXA,Si,2024-04-02,Perito A,Málaga,48,17,3804,3.1
Generali,Si,2024-11-18,Perito C,Sevilla,42,16,869,4.3
Mutua,No,2024-06-09,Perito C,Madrid,50,49,4564,6.1
Generali,Si,2024-07-11,Perito A,Sevilla,59,31,7529,4.8
Generali,Si,2024-03-09,Perito B,Valencia,33,23,1483,1.8
AXA,Si,2024-05-30,Perito D,Málaga,49,36,1123,2.6
Allianz,No,2024-09-23,Perito C,Barcelona,58,45,1325,5.5
Mutua,No,2024-03-17,Perito B,Madrid,46,48,1729,5.1
Linea Directa,Si,2025-01-23,Perito B,Valencia,35,38,6054,4.9
Generali,No,2024-03-20,Perito B,Sevilla,25,23,1794,5.1
Mapfre,Si,2024-11-24,Perito A,Málaga,52,16,446,2.7
Mutua,Si,2025-03-31,Perito B,Málaga,37,35,3911,2.8
Allianz,No,2025-04-23,Perito C,Madrid,35,48,1760,4.2
Mutua,No,2025-02-18,Perito B,Barcelona,31,41,6474,7.4
Linea Directa,No,2024-05-28,Perito B,Valencia,39,21,2600,4.6
Linea Directa,Si,2025-01-28,Perito B,Zaragoza,59,36,2443,3.0
Generali,No,2024-10-01,Perito D,Barcelona,48,18,4064,4.3
Mapfre,Si,2024-02-04,Perito C,Madrid,49,28,2139,2.9
Generali,No,2024-04-13,Perito D,Madrid,45,48,5225,5.2
Allianz,Si,2024-11-09,Perito D,Valencia,41,37,7749,3.1
AXA,Si,2024-08-15,Perito B,Málaga,52,39,3269,2.9
Linea Directa,Si,2024-08-22,Perito B,Málaga,58,15,6988,5.5
Mapfre,No,2024-08-24,Perito B,Valencia,48,29,426,3.0
Linea Directa,No,2024-09-14,Perito A,Barcelona,41,46,7044,6.6
Allianz,No,2024-09-18,Perito C,Valencia,32,28,3747,4.4
Allianz,Si,2024-10-19,Perito A,Zaragoza,28,35,7844,6.1
Linea Directa,No,2024-11-09,Perito C,Málaga,43,21,464,5.0
Generali,No,2025-05-12,Perito B,Barcelona,34,35,1595,3.4
Linea Directa,No,2024-04-05,Perito C,Sevilla,55,26,3757,5.5
Generali,No,2024-05-12,Perito C,Barcelona,32,29,5753,6.7
Linea Directa,Si,2025-03-27,Perito D,Málaga,46,29,845,1.0
Generali,No,2025-06-17,Perito C,Madrid,56,31,6554,5.2
AXA,Si,2024-05-25,Perito C,Barcelona,26,48,7939,6.6
Mutua,Si,2024-07-11,Perito D,Barcelona,27,49,7744,5.6
Mutua,Si,2024-08-10,Perito A,Madrid,56,28,5714,3.7
Generali,Si,2024-09-08,Perito C,Málaga,33,19,5769,3.1
Generali,Si,2024-10-15,Perito A,Sevilla,31,44,3190,4.1
AXA,No,2024-03-25,Perito A,Sevilla,55,18,5683,6.3
Mutua,No,2025-04-10,Perito B,Valencia,59,29,2099,4.1
AXA,Si,2025-06-07,Perito C,Sevilla,36,49,2704,1.0
Allianz,No,2024-02-18,Perito D,Sevilla,59,24,2972,2.8
Linea Directa,Si,2024-08-12,Perito D,Barcelona,48,16,5545,3.4
Mutua,Si,2024-04-18,Perito B,Valencia,46,38,5277,4.5
Generali,Si,2024-12-18,Perito D,Sevilla,20,42,1354,1.5
Mapfre,Si,2025-01-08,Perito C,Barcelona,53,36,787,3.8
Allianz,No,2024-12-27,Perito A,Valencia,23,46,4771,5.3
Linea Directa,Si,2024-09-04,Perito A,Barcelona,43,45,2021,3.0
Mapfre,No,2024-01-12,Perito D,Madrid,40,33,1185,4.8
AXA,No,2025-05-02,Perito D,Málaga,52,35,4279,5.1
Linea Directa,No,2024-08-03,Perito D,Málaga,26,17,3548,4.6
AXA,No,2024-01-14,Perito A,Málaga,20,20,6499,5.9
AXA,Si,2024-05-24,Perito C,Sevilla,22,46,4031,3.3
Generali,No,2024-09-23,Perito C,Málaga,34,16,1441,2.9
AXA,Si,2024-05-13,Perito C,Málaga,50,38,389,3.4
Mapfre,No,2025-02-25,Perito C,Valencia,35,41,5736,6.5
Allianz,Si,2024-04-27,Perito C,Valencia,29,23,1180,1.7
Generali,Si,2025-05-27,Perito B,Zaragoza,48,27,1898,1.5
Allianz,No,2025-02-14,Perito D,Valencia,25,28,1915,2.1
AXA,No,2024-01-09,Perito C,Sevilla,48,25,2793,3.0
Mutua,No,2025-01-27,Perito B,Zaragoza,36,28,4336,4.8
Linea Directa,Si,2025-01-24,Perito C,Zaragoza,41,30,6650,2.9
Generali,No,2024-08-26,Perito D,Málaga,43,24,5238,3.7
AXA,No,2025-06-04,Perito C,Sevilla,36,34,4633,4.0
Generali,No,2024-12-02,Perito C,Sevilla,40,30,5633,5.1
Mutua,Si,2024-11-11,Perito C,Sevilla,30,48,1298,2.2
Mapfre,No,2024-07-15,Perito D,Sevilla,26,30,7296,5.4
Mapfre,No,2024-06-25,Perito A,Sevilla,58,28,2526,4.2
Linea Directa,Si,2024-08-12,Perito D,Sevilla,24,42,3447,2.8
Mapfre,No,2025-03-14,Perito A,Zaragoza,40,32,1095,5.8
Mutua,Si,2025-03-27,Perito B,Málaga,37,40,6616,4.3
Allianz,Si,2024-01-09,Perito B,Valencia,54,21,7180,4.7
Mutua,Si,2024-07-06,Perito C,Zaragoza,39,48,6963,6.7
Mutua,Si,2024-11-14,Perito C,Barcelona,34,21,1874,3.5
AXA,Si,2025-05-28,Perito C,Barcelona,24,47,3109,5.5
Mapfre,Si,2024-10-14,Perito D,Barcelona,32,49,1130,4.1
Generali,Si,2024-11-18,Perito C,Madrid,31,35,4584,3.6
Linea Directa,Si,2024-01-10,Perito A,Valencia,40,42,923,3.0
Allianz,Si,2024-05-24,Perito B,Málaga,56,46,3140,3.7
Generali,Si,2024-09-18,Perito B,Sevilla,25,30,6615,5.1
AXA,Si,2025-03-06,Perito B,Barcelona,26,24,6249,4.3
AXA,Si,2024-10-03,Perito A,Valencia,45,37,1289,2.1
Allianz,Si,2024-08-29,Perito C,Málaga,27,29,4778,4.5
Generali,Si,2024-06-23,Perito A,Barcelona,28,20,1135,2.9
Allianz,No,2024-09-22,Perito A,Valencia,46,47,2495,4.0
Allianz,Si,2024-06-07,Perito D,Zaragoza,23,26,355,1.0
Mapfre,No,2024-03-31,Perito D,Málaga,40,45,1270,2.1
Generali,No,2025-05-31,Perito B,Zaragoza,50,24,2158,3.5
Mapfre,No,2024-09-09,Perito A,Valencia,40,48,2701,4.3
Mapfre,No,2024-01-14,Perito B,Sevilla,59,24,6544,5.3
Linea Directa,No,2024-04-12,Perito A,Valencia,44,25,5979,5.4
Mapfre,No,2024-09-26,Perito B,Valencia,58,28,4419,5.4
Mutua,Si,2024-04-14,Perito B,Madrid,34,17,6344,6.4
AXA,No,2024-06-29,Perito C,Sevilla,54,47,5263,4.1
AXA,Si,2024-06-09,Perito B,Zaragoza,56,21,4030,1.7
Mutua,Si,2024-08-04,Perito D,Valencia,47,18,1054,2.3
Allianz,No,2024-06-29,Perito A,Sevilla,33,24,839,4.8
Generali,Si,2025-02-22,Perito B,Valencia,23,29,2438,2.0
Generali,Si,2024-12-11,Perito A,Sevilla,39,30,1802,2.8
Generali,No,2025-03-12,Perito B,Málaga,53,18,6859,6.3
Mapfre,Si,2024-11-30,Perito D,Barcelona,31,18,641,3.8
Generali,No,2024-03-17,Perito C,Madrid,52,41,6240,6.5
Generali,No,2024-11-04,Perito C,Barcelona,43,36,6134,6.1
Generali,No,2024-10-27,Perito A,Valencia,39,36,6125,5.1
AXA,No,2024-11-21,Perito B,Valencia,24,31,6486,5.4
Mutua,No,2025-04-04,Perito D,Málaga,57,48,7558,5.1
Linea Directa,Si,2024-03-27,Perito A,Valencia,49,46,4828,4.8
Allianz,No,2024-02-23,Perito C,Zaragoza,43,20,6570,5.6
Mutua,No,2024-05-04,Perito A,Sevilla,59,47,1536,2.6
Generali,Si,2024-05-07,Perito A,Zaragoza,26,22,3900,3.7
Allianz,No,2024-12-28,Perito B,Barcelona,55,19,1148,5.7
Allianz,No,2024-10-07,Perito D,Valencia,57,19,3573,1.3
Mutua,No,2024-05-01,Perito C,Málaga,35,24,6315,3.8
Mutua,No,2024-02-24,Perito C,Madrid,34,21,659,3.2
Mutua,No,2024-03-23,Perito D,Zaragoza,42,26,7768,5.8
Linea Directa,No,2024-11-05,Perito B,Barcelona,31,44,4846,5.1
Mutua,No,2024-05-13,Perito D,Málaga,48,39,592,2.8
Linea Directa,Si,2025-05-04,Perito D,Málaga,34,42,4138,3.4
Mapfre,No,2024-07-13,Perito B,Barcelona,48,27,1987,5.2
AXA,Si,2025-02-19,Perito B,Málaga,40,36,5140,3.1
Linea Directa,No,2025-05-08,Perito C,Madrid,34,32,7574,6.2
AXA,No,2025-03-29,Perito C,Madrid,33,41,2457,4.6
Generali,No,2024-10-12,Perito B,Valencia,35,22,1338,5.1
Mapfre,Si,2024-02-18,Perito A,Sevilla,34,20,4008,3.6
Allianz,Si,2025-04-28,Perito C,Valencia,23,25,4941,4.3
Mutua,Si,2025-06-17,Perito B,Sevilla,46,43,7618,5.3
Generali,No,2025-03-24,Perito B,Barcelona,42,19,6562,7.3
Allianz,No,2024-02-28,Perito A,Málaga,48,21,2654,5.3
AXA,Si,2024-10-11,Perito D,Valencia,28,36,1666,2.1
Allianz,Si,2024-12-20,Perito B,Málaga,26,18,3874,3.8
Mutua,No,2024-12-30,Perito A,Valencia,23,46,1577,6.5
Mutua,No,2025-05-31,Perito A,Valencia,24,33,7231,5.2
Linea Directa,No,2024-02-24,Perito C,Madrid,24,47,6901,5.8
Linea Directa,Si,2024-05-26,Perito B,Sevilla,30,15,2797,1.8
AXA,Si,2024-02-09,Perito C,Barcelona,47,22,341,3.3
Mutua,No,2024-03-05,Perito D,Málaga,35,46,2859,3.0
Mapfre,No,2025-05-12,Perito D,Valencia,49,44,4796,3.0
Generali,No,2025-01-04,Perito C,Málaga,23,42,1039,3.4
AXA,Si,2025-02-26,Perito C,Madrid,21,46,7045,4.0
AXA,No,2024-05-11,Perito B,Barcelona,22,39,3818,6.5
Allianz,Si,2025-03-06,Perito B,Sevilla,40,48,5978,5.0
AXA,Si,2024-09-24,Perito B,Sevilla,25,47,5861,5.7
Generali,Si,2024-09-20,Perito D,Valencia,37,27,6342,6.3
Mapfre,No,2024-02-23,Perito C,Barcelona,24,39,4117,3.7
Allianz,No,2025-03-09,Perito A,Sevilla,28,24,5826,5.3
Generali,Si,2024-08-03,Perito C,Barcelona,39,45,795,4.6
Linea Directa,Si,2024-11-04,Perito A,Málaga,47,25,2104,4.5
AXA,No,2024-01-10,Perito B,Madrid,45,39,480,5.0
Mutua,Si,2024-08-15,Perito B,Barcelona,37,48,623,2.2
Linea Directa,No,2024-11-02,Perito C,Barcelona,38,34,7199,6.7
Mutua,No,2025-02-18,Perito A,Sevilla,22,21,4565,6.1
Generali,No,2024-09-29,Perito D,Zaragoza,28,47,4449,3.6
Mapfre,No,2025-04-30,Perito B,Valencia,55,49,6957,4.6
Mutua,Si,2024-09-12,Perito B,Valencia,50,43,1950,2.4
Generali,No,2024-04-10,Perito C,Zaragoza,36,26,4957,4.1
Allianz,Si,2024-09-26,Perito C,Zaragoza,42,19,2167,3.0
AXA,Si,2024-05-02,Perito D,Zaragoza,53,26,4288,1.5
Mapfre,Si,2025-05-30,Perito C,Málaga,24,43,4378,5.1
Mapfre,No,2024-09-06,Perito D,Sevilla,34,49,7989,4.6
Allianz,No,2024-12-08,Perito A,Sevilla,22,34,7290,4.9
Mapfre,Si,2024-06-09,Perito D,Madrid,38,15,3146,3.1
Generali,No,2024-06-16,Perito A,Valencia,47,30,1649,4.3
Mapfre,No,2024-10-16,Perito B,Sevilla,22,44,5594,3.3
Mapfre,No,2024-04-18,Perito C,Zaragoza,57,23,2531,3.3
Mapfre,No,2025-02-19,Perito B,Málaga,23,24,5275,4.7
Generali,No,2025-02-10,Perito D,Madrid,43,27,2420,3.6
Linea Directa,Si,2024-05-15,Perito D,Valencia,50,34,7694,3.1
AXA,No,2024-01-03,Perito D,Valencia,30,43,3989,4.8
Mutua,No,2025-01-06,Perito A,Valencia,56,18,7430,6.9
Linea Directa,Si,2025-02-01,Perito B,Madrid,20,42,7440,6.4
Mapfre,No,2024-02-18,Perito B,Málaga,28,27,3010,4.6
Allianz,Si,2024-05-01,Perito D,Málaga,36,17,5955,2.3
Allianz,Si,2025-05-15,Perito C,Sevilla,20,33,5694,3.9
Generali,No,2024-07-15,Perito B,Sevilla,22,42,4928,6.0
AXA,Si,2024-11-24,Perito C,Valencia,45,33,1731,1.4
Mapfre,Si,2025-06-23,Perito B,Zaragoza,50,31,5082,2.7
Generali,No,2025-05-16,Perito D,Barcelona,45,32,3190,4.8
Mutua,Si,2025-01-26,Perito D,Sevilla,42,32,7355,4.7
AXA,No,2024-09-05,Perito B,Málaga,49,37,4693,5.2
AXA,Si,2024-01-22,Perito A,Valencia,29,23,1343,3.3
Generali,No,2024-01-14,Perito A,Málaga,27,43,1133,2.9
Linea Directa,Si,2024-08-02,Perito B,Valencia,44,43,1660,3.0
Allianz,No,2025-05-19,Perito D,Madrid,41,16,6148,4.9
Linea Directa,No,2024-05-12,Perito B,Sevilla,34,31,2923,4.3
AXA,Si,2025-03-11,Perito C,Zaragoza,29,45,7279,4.3
Allianz,Si,2024-04-20,Perito D,Madrid,39,42,2712,3.1
AXA,No,2025-01-27,Perito A,Sevilla,42,44,485,6.0
AXA,Si,2025-02-12,Perito A,Zaragoza,20,49,464,1.5
AXA,Si,2024-11-12,Perito B,Zaragoza,21,34,2567,2.1
Mutua,Si,2024-09-21,Perito C,Zaragoza,38,30,7016,5.4
Allianz,No,2025-01-25,Perito D,Málaga,33,48,3647,5.5
Mutua,No,2024-05-28,Perito A,Málaga,27,28,7163,6.6
Allianz,No,2024-09-05,Perito B,Barcelona,57,40,6432,5.9
Mutua,Si,2025-06-06,Perito B,Málaga,31,34,5973,3.2
Mutua,Si,2024-12-06,Perito D,Valencia,45,38,5522,4.2
Mutua,Si,2025-01-18,Perito B,Barcelona,46,32,5116,4.7
Generali,No,2024-08-28,Perito B,Valencia,48,23,1962,3.1
Mutua,No,2024-06-21,Perito B,Barcelona,34,33,3248,6.2
Linea Directa,No,2024-12-21,Perito A,Valencia,20,34,2581,4.2
Linea Directa,No,2024-03-31,Perito A,Barcelona,47,44,2469,4.0
AXA,Si,2024-07-14,Perito C,Sevilla,22,40,240,2.2
Mapfre,Si,2024-12-02,Perito D,Zaragoza,37,45,6027,3.2
Mutua,Si,2025-05-29,Perito D,Sevilla,53,49,267,1.0
Mapfre,No,2024-12-03,Perito D,Barcelona,51,17,1187,4.2
Mapfre,Si,2024-11-08,Perito D,Madrid,48,43,6095,5.0
AXA,Si,2024-01-01,Perito B,Barcelona,44,20,6857,2.8
Mapfre,No,2024-02-28,Perito D,Madrid,45,15,7989,7.3
Mapfre,No,2025-02-13,Perito C,Zaragoza,58,38,5917,6.0
Linea Directa,Si,2024-12-21,Perito D,Valencia,27,48,4208,2.8
Mapfre,No,2024-08-12,Perito D,Barcelona,38,21,5951,4.7
Allianz,Si,2024-09-19,Perito B,Madrid,41,25,3398,4.7
Mutua,Si,2024-07-11,Perito B,Zaragoza,48,25,5574,3.9
Mutua,No,2024-09-27,Perito B,Barcelona,52,34,4990,5.1
Mapfre,No,2024-03-10,Perito C,Sevilla,57,30,7383,5.0
AXA,Si,2024-12-07,Perito B,Sevilla,54,19,2724,3.1
Allianz,No,2024-02-29,Perito D,Barcelona,22,38,1285,5.3
AXA,No,2025-05-28,Perito C,Barcelona,38,44,7224,5.1
AXA,Si,2024-06-18,Perito A,Málaga,29,44,2679,3.7
Mapfre,Si,2024-12-31,Perito B,Zaragoza,46,47,1893,1.7
Generali,Si,2024-12-20,Perito C,Sevilla,34,34,2515,3.2
Mapfre,No,2024-02-19,Perito A,Valencia,30,36,5354,5.9
Linea Directa,No,2025-04-06,Perito B,Barcelona,45,35,978,3.1
Generali,No,2025-02-23,Perito A,Málaga,43,41,7943,6.7
Allianz,Si,2024-08-31,Perito B,Zaragoza,32,49,4789,3.9
Generali,No,2025-04-01,Perito C,Barcelona,51,20,1785,5.9
Mapfre,Si,2024-02-09,Perito B,Sevilla,56,46,1692,2.6
Mapfre,No,2024-05-15,Perito B,Madrid,23,30,6086,6.3
AXA,Si,2024-01-08,Perito C,Zaragoza,32,42,860,2.7
Mapfre,No,2025-01-25,Perito C,Madrid,28,30,1548,5.9
Linea Directa,Si,2024-08-23,Perito D,Sevilla,53,41,5623,1.6
Mapfre,Si,2024-01-25,Perito D,Valencia,56,17,1499,1.0
Mutua,Si,2024-06-20,Perito C,Zaragoza,26,35,4140,3.3
Mutua,Si,2024-03-25,Perito B,Málaga,20,44,2186,3.1
AXA,No,2024-06-28,Perito A,Barcelona,31,36,7356,5.3
Generali,No,2024-10-10,Perito C,Barcelona,40,33,2244,4.7
Generali,No,2024-01-08,Perito A,Barcelona,30,45,7568,6.3
Mutua,No,2025-04-08,Perito D,Málaga,33,34,3716,2.4
Linea Directa,No,2025-02-06,Perito D,Málaga,53,33,6224,4.4
Allianz,Si,2024-05-05,Perito C,Sevilla,53,16,5643,4.6
Linea Directa,No,2024-07-16,Perito C,Málaga,44,41,1258,5.3
Mutua,No,2024-03-19,Perito B,Barcelona,23,22,1176,6.5
Linea Directa,Si,2024-03-05,Perito D,Zaragoza,45,41,4777,4.3
Allianz,No,2024-05-17,Perito D,Barcelona,35,29,927,4.1
Generali,No,2024-08-15,Perito C,Málaga,29,26,2727,3.8
Mutua,No,2024-09-12,Perito A,Málaga,21,28,3336,4.8
Mapfre,Si,2024-07-10,Perito B,Sevilla,54,21,5327,3.9
Allianz,Si,2024-02-10,Perito C,Madrid,38,31,7668,6.7
Allianz,No,2024-06-04,Perito A,Málaga,25,40,542,5.3
Allianz,Si,2024-11-19,Perito B,Madrid,38,34,7798,4.4
Generali,No,2025-05-23,Perito A,Valencia,27,24,1647,3.8
Linea Directa,Si,2024-06-20,Perito B,Madrid,33,33,2579,4.8
AXA,Si,2024-03-08,Perito B,Málaga,29,32,6781,4.1
Mapfre,No,2025-04-12,Perito B,Barcelona,22,44,3859,4.9
Mutua,Si,2024-03-04,Perito D,Barcelona,57,44,6517,5.8
Linea Directa,No,2024-10-29,Perito C,Málaga,48,39,6902,4.8
Allianz,Si,2024-03-20,Perito D,Sevilla,34,38,726,2.4
Generali,No,2025-04-18,Perito D,Zaragoza,42,24,2096,2.9
Allianz,Si,2024-05-18,Perito B,Málaga,42,16,4954,5.9
Linea Directa,No,2024-01-15,Perito C,Málaga,37,46,2273,5.0
Mutua,No,2024-08-30,Perito C,Zaragoza,38,49,5115,4.4
Mapfre,No,2025-04-04,Perito C,Sevilla,47,21,6948,5.6
Allianz,No,2025-01-29,Perito C,Sevilla,45,21,605,3.8
Generali,Si,2024-08-15,Perito B,Valencia,29,41,6575,3.8
Generali,No,2025-05-15,Perito C,Valencia,23,24,6876,5.0
AXA,Si,2024-02-01,Perito A,Valencia,21,47,1773,3.9
Generali,Si,2025-03-09,Perito A,Sevilla,22,21,6107,4.5
AXA,No,2025-05-28,Perito D,Madrid,26,20,4800,3.7
Mapfre,No,2025-03-17,Perito B,Málaga,35,20,3940,4.9
Mutua,No,2024-03-18,Perito D,Valencia,50,27,4474,5.0
AXA,No,2025-06-12,Perito D,Madrid,29,27,4427,4.6
Allianz,Si,2024-11-24,Perito C,Málaga,38,16,2046,1.9
Linea Directa,No,2024-12-23,Perito A,Zaragoza,47,33,1678,5.4
Allianz,No,2024-12-29,Perito A,Zaragoza,36,33,2595,4.5
Mutua,No,2025-05-09,Perito C,Zaragoza,47,16,6883,5.2
Generali,No,2024-02-23,Perito C,Madrid,38,40,971,4.2
Linea Directa,Si,2024-02-12,Perito B,Zaragoza,56,20,5725,5.4
Allianz,Si,2025-01-07,Perito A,Barcelona,42,34,6419,5.9
Linea Directa,Si,2025-05-21,Perito D,Barcelona,39,37,778,3.2
AXA,No,2024-11-01,Perito D,Zaragoza,32,29,3101,3.4
Mutua,Si,2024-05-12,Perito B,Málaga,32,20,5811,4.0
Allianz,No,2025-05-25,Perito A,Madrid,30,42,393,4.3
Generali,Si,2024-01-17,Perito C,Madrid,34,49,2207,4.2
Linea Directa,No,2024-08-04,Perito D,Zaragoza,36,25,1385,1.9
Generali,Si,2024-09-04,Perito A,Sevilla,47,22,2594,3.6
Linea Directa,No,2025-03-11,Perito A,Valencia,38,38,3198,4.2
Allianz,No,2024-10-19,Perito A,Málaga,23,35,5680,4.9
Mutua,Si,2025-01-03,Perito C,Madrid,41,21,1992,4.1
Mapfre,No,2024-12-17,Perito D,Valencia,41,19,7951,5.2
Allianz,Si,2025-05-25,Perito C,Zaragoza,56,43,1310,1.4
Generali,Si,2024-05-10,Perito A,Málaga,58,30,4205,3.0
Mapfre,Si,2025-02-28,Perito A,Madrid,53,20,7629,6.2
Mutua,No,2024-05-22,Perito D,Zaragoza,52,28,2461,2.5
Generali,Si,2024-03-28,Perito D,Barcelona,59,16,3936,2.2
Mutua,No,2024-03-02,Perito C,Madrid,52,39,3993,6.2
Linea Directa,No,2025-02-01,Perito C,Barcelona,31,45,2136,3.5
Allianz,Si,2025-01-30,Perito C,Zaragoza,21,27,6916,3.9
Mutua,Si,2024-03-19,Perito A,Barcelona,47,32,5075,4.3
Generali,No,2024-06-12,Perito D,Sevilla,29,31,4557,3.1
Allianz,No,2025-01-08,Perito B,Zaragoza,41,42,929,3.6
Generali,Si,2025-01-04,Perito D,Zaragoza,36,26,4578,2.4
Generali,No,2024-09-20,Perito D,Sevilla,45,49,5786,4.2
Mapfre,No,2025-03-23,Perito D,Valencia,22,36,3651,1.9
AXA,No,2024-07-24,Perito B,Málaga,26,15,4657,6.3
Mutua,Si,2025-06-02,Perito C,Valencia,27,35,7816,5.0
Mutua,Si,2025-01-31,Perito B,Sevilla,39,15,4736,5.0
Mapfre,Si,2024-04-25,Perito D,Valencia,31,18,2340,3.6
Linea Directa,No,2024-01-03,Perito D,Málaga,54,46,1844,4.3
Mutua,Si,2024-11-25,Perito A,Málaga,36,15,3000,3.3
Mapfre,Si,2024-08-10,Perito D,Madrid,47,27,5162,4.3
Mutua,No,2024-09-24,Perito B,Valencia,29,31,5743,3.9
Mutua,Si,2024-08-12,Perito B,Sevilla,41,26,341,2.2
Generali,Si,2024-10-25,Perito B,Madrid,57,21,5610,3.6
Mapfre,Si,2024-04-12,Perito C,Valencia,52,17,1655,4.0
Linea Directa,No,2025-01-20,Perito A,Zaragoza,41,40,7092,6.8
Mutua,No,2024-04-27,Perito C,Málaga,56,45,6171,5.7
Linea Directa,Si,2024-12-18,Perito B,Sevilla,32,40,6143,3.5
AXA,No,2024-08-31,Perito C,Zaragoza,46,17,6008,6.2
Mapfre,Si,2024-08-15,Perito A,Valencia,34,42,6996,3.3
Mapfre,Si,2025-02-23,Perito A,Málaga,41,31,4996,4.1
Mapfre,Si,2025-06-02,Perito A,Málaga,49,44,5293,4.4
Generali,Si,2024-10-10,Perito A,Zaragoza,59,16,2296,4.9
Mapfre,No,2024-09-22,Perito B,Valencia,56,22,1525,2.2
Generali,Si,2024-12-15,Perito D,Valencia,53,28,5176,4.6
AXA,No,2024-03-16,Perito B,Sevilla,53,49,1413,4.6
Allianz,No,2024-04-26,Perito B,Madrid,54,25,1359,5.7
Generali,Si,2024-06-02,Perito B,Málaga,38,29,4850,3.0
Mutua,Si,2024-12-23,Perito B,Madrid,27,16,4699,5.0
Mapfre,Si,2024-09-19,Perito C,Madrid,58,46,5187,5.6
Allianz,Si,2025-02-01,Perito A,Málaga,52,27,7208,5.2
Generali,No,2024-01-16,Perito D,Valencia,47,31,4897,4.5
Linea Directa,No,2024-09-09,Perito D,Málaga,56,29,6126,5.0
Linea Directa,No,2025-05-16,Perito D,Zaragoza,44,47,540,2.0
Mutua,No,2024-05-02,Perito B,Madrid,55,30,4028,4.7
Allianz,Si,2024-03-25,Perito A,Sevilla,36,27,2168,4.0
AXA,Si,2024-04-30,Perito A,Málaga,43,36,903,2.2
Generali,No,2024-03-30,Perito D,Sevilla,40,37,4613,4.4
Linea Directa,No,2024-10-31,Perito D,Valencia,21,24,6961,3.5
Linea Directa,No,2024-06-17,Perito B,Valencia,50,31,5682,4.7
Generali,Si,2024-06-14,Perito D,Zaragoza,52,44,2629,3.9
Linea Directa,Si,2024-06-25,Perito B,Sevilla,49,27,6576,4.4
AXA,No,2025-06-11,Perito D,Sevilla,31,44,2000,4.4
Linea Directa,Si,2024-10-19,Perito A,Málaga,31,44,5663,6.1
Generali,No,2024-07-13,Perito A,Valencia,43,21,5868,6.4
Mapfre,No,2024-03-23,Perito A,Sevilla,43,24,5112,5.6
Linea Directa,Si,2024-08-10,Perito C,Barcelona,30,49,4848,4.5
Generali,Si,2024-04-10,Perito D,Málaga,32,16,7896,3.9
Mapfre,No,2024-10-17,Perito C,Málaga,46,44,1055,3.0
Linea Directa,Si,2025-03-04,Perito A,Barcelona,27,33,2012,5.3
Linea Directa,Si,2024-07-05,Perito D,Valencia,29,17,3066,2.7
Generali,Si,2024-11-03,Perito C,Sevilla,27,39,3842,4.1
Mutua,Si,2024-05-06,Perito A,Sevilla,39,48,382,4.3
Mutua,Si,2025-05-28,Perito A,Valencia,27,36,3312,5.5
Allianz,Si,2024-04-01,Perito D,Barcelona,28,28,5870,5.2
Mutua,No,2024-12-30,Perito D,Barcelona,26,16,4692,5.8
AXA,No,2025-03-29,Perito B,Barcelona,33,46,6023,5.8
Allianz,No,2024-06-14,Perito D,Málaga,47,17,7122,5.8
Mutua,No,2024-08-13,Perito A,Sevilla,21,22,1717,3.2
Mapfre,Si,2024-11-17,Perito B,Madrid,27,40,5202,4.8
Generali,No,2024-06-23,Perito B,Málaga,32,46,1556,2.5
Mutua,Si,2024-03-28,Perito D,Málaga,40,25,2374,1.0
Mapfre,No,2024-04-29,Perito A,Sevilla,47,15,3829,5.1
Allianz,No,2025-05-08,Perito C,Valencia,54,29,3828,3.3
Generali,Si,2025-06-12,Perito A,Zaragoza,42,18,4296,3.4
Mutua,Si,2024-02-18,Perito A,Sevilla,34,18,3439,4.1
Allianz,No,2024-04-11,Perito D,Valencia,21,42,3891,4.8
Mutua,Si,2024-10-28,Perito C,Sevilla,31,24,218,4.0
Allianz,Si,2024-07-18,Perito B,Málaga,55,25,3603,1.3
Mutua,Si,2024-06-14,Perito C,Zaragoza,22,37,4879,2.8
Mapfre,Si,2024-04-17,Perito D,Barcelona,24,17,4751,2.2
AXA,No,2025-05-04,Perito A,Málaga,22,31,3204,3.3
Mapfre,Si,2024-05-13,Perito A,Málaga,38,36,6332,5.1
Generali,No,2024-12-15,Perito C,Madrid,21,41,1332,4.4
Mutua,No,2024-10-28,Perito C,Málaga,56,30,3539,2.6
AXA,No,2025-03-08,Perito D,Málaga,36,30,6788,5.1
AXA,No,2024-09-26,Perito C,Málaga,33,17,3511,5.7
Generali,No,2024-09-17,Perito D,Zaragoza,47,47,6248,3.5
Generali,No,2024-03-08,Perito B,Madrid,46,16,3572,5.6
AXA,No,2024-06-02,Perito C,Valencia,29,41,6945,6.9
Generali,Si,2024-08-26,Perito A,Zaragoza,22,29,6446,3.8
Generali,No,2024-11-13,Perito C,Zaragoza,55,21,1187,3.3
Mutua,Si,2024-06-07,Perito A,Madrid,57,23,3521,3.2
Mapfre,Si,2024-06-26,Perito B,Barcelona,44,20,7820,7.0
Linea Directa,No,2024-08-12,Perito B,Valencia,41,26,4815,5.0
Allianz,No,2024-05-30,Perito C,Zaragoza,58,44,7520,4.9
AXA,No,2025-02-27,Perito D,Zaragoza,49,34,5154,4.0
Allianz,Si,2024-06-13,Perito A,Madrid,40,34,373,4.6
AXA,Si,2025-03-06,Perito B,Barcelona,49,41,5662,3.3
AXA,Si,2024-04-16,Perito C,Barcelona,47,34,3941,3.5
Mapfre,No,2024-06-16,Perito B,Sevilla,50,21,3252,4.3
AXA,Si,2024-10-27,Perito C,Sevilla,45,44,6774,5.2
AXA,No,2024-11-09,Perito A,Zaragoza,41,22,926,4.3
Mapfre,Si,2024-05-30,Perito C,Zaragoza,40,16,3960,1.9
Generali,No,2025-01-31,Perito A,Málaga,20,28,6006,6.5
Linea Directa,No,2025-06-13,Perito B,Valencia,56,24,2075,4.9
Allianz,No,2024-10-03,Perito A,Madrid,32,32,7193,7.9
AXA,Si,2024-11-09,Perito A,Málaga,40,32,5977,4.5
Mapfre,Si,2025-01-02,Perito D,Valencia,28,30,4233,2.3
AXA,Si,2025-02-14,Perito B,Zaragoza,36,19,5643,5.3
Mapfre,Si,2025-01-10,Perito A,Sevilla,40,45,1189,2.4
Allianz,Si,2024-01-12,Perito D,Madrid,50,34,3944,3.9
Mutua,No,2025-03-05,Perito D,Barcelona,58,37,2886,5.4
Generali,No,2025-01-19,Perito A,Barcelona,41,46,619,6.0
Mutua,No,2024-12-12,Perito C,Málaga,31,31,793,2.5
Mapfre,No,2024-04-08,Perito A,Málaga,25,27,6828,7.1
AXA,Si,2024-04-07,Perito C,Madrid,35,27,1974,3.1
Generali,Si,2024-11-20,Perito A,Barcelona,45,31,2659,5.2
Allianz,No,2024-10-15,Perito B,Málaga,24,29,1135,4.0
Linea Directa,No,2024-02-25,Perito D,Barcelona,28,40,5403,5.4
Generali,Si,2024-04-28,Perito A,Sevilla,59,42,5432,2.9
AXA,Si,2024-03-19,Perito A,Málaga,33,44,4008,2.8
Mutua,No,2024-08-20,Perito A,Zaragoza,49,49,531,4.7
Mapfre,No,2024-09-02,Perito C,Valencia,45,36,3649,4.7
Mutua,Si,2025-01-06,Perito B,Málaga,48,24,2902,3.5
Generali,Si,2025-01-03,Perito B,Sevilla,38,25,6384,3.8
Linea Directa,Si,2024-11-02,Perito A,Madrid,27,47,4206,4.5
AXA,No,2024-12-31,Perito D,Barcelona,42,20,6089,6.0
Mapfre,No,2025-04-07,Perito D,Zaragoza,54,21,5254,3.9
AXA,Si,2024-03-28,Perito A,Madrid,50,26,4068,5.3
AXA,No,2025-06-10,Perito C,Málaga,54,21,4400,3.3
Linea Directa,No,2024-09-06,Perito D,Valencia,51,16,401,2.7
Generali,Si,2025-06-12,Perito B,Madrid,24,15,2697,3.2
Mutua,No,2024-10-11,Perito D,Valencia,35,37,2042,3.4
AXA,No,2024-06-18,Perito D,Málaga,36,39,2066,2.1
AXA,No,2024-02-24,Perito A,Valencia,51,32,2196,5.5
AXA,Si,2025-04-09,Perito D,Valencia,57,21,5585,1.7
Mapfre,Si,2024-12-08,Perito A,Sevilla,51,17,1109,3.9
AXA,No,2025-04-06,Perito B,Madrid,39,43,4505,5.2
AXA,No,2024-10-24,Perito D,Málaga,21,24,4858,4.7
Generali,No,2024-04-24,Perito A,Sevilla,39,19,3389,5.1
AXA,No,2024-11-12,Perito A,Valencia,37,48,7056,5.3
Linea Directa,Si,2025-04-11,Perito B,Sevilla,20,22,7744,4.2
Linea Directa,No,2024-05-31,Perito D,Sevilla,48,28,7918,6.2
AXA,No,2024-11-13,Perito C,Valencia,48,20,5859,5.1
Linea Directa,No,2024-02-27,Perito D,Málaga,38,15,970,2.6
Generali,No,2024-01-26,Perito A,Barcelona,59,47,3355,5.2
Mapfre,Si,2024-02-08,Perito A,Sevilla,25,25,2701,3.2
Linea Directa,No,2024-10-21,Perito B,Madrid,58,38,2914,6.6
Linea Directa,Si,2024-11-15,Perito B,Valencia,27,24,4924,5.1
Mutua,Si,2024-03-19,Perito C,Barcelona,43,37,3785,6.0
Generali,No,2024-04-28,Perito C,Sevilla,39,30,1828,5.3
Linea Directa,Si,2024-09-16,Perito A,Valencia,33,30,5997,3.8
Mapfre,Si,2024-04-23,Perito C,Valencia,24,45,586,2.3
Mutua,Si,2025-02-04,Perito C,Sevilla,59,20,6231,3.5
AXA,No,2025-06-21,Perito C,Zaragoza,53,44,3621,5.1
Generali,Si,2025-03-16,Perito D,Zaragoza,35,15,6639,3.6
Linea Directa,Si,2024-10-06,Perito D,Madrid,26,39,6601,4.3
AXA,No,2025-01-28,Perito A,Valencia,35,35,5400,4.9
Generali,Si,2025-03-26,Perito D,Valencia,26,49,4208,2.2
Mutua,No,2024-04-03,Perito C,Sevilla,46,19,4293,5.1
Linea Directa,No,2024-06-30,Perito C,Barcelona,33,26,4563,6.1
Mapfre,No,2024-04-11,Perito C,Valencia,33,19,2666,3.2
Generali,No,2025-03-26,Perito D,Valencia,52,23,2482,4.2
Mapfre,No,2024-02-04,Perito B,Sevilla,52,23,2056,4.0
AXA,Si,2025-04-16,Perito C,Zaragoza,39,49,7678,3.6
AXA,No,2024-07-18,Perito C,Valencia,55,15,2198,2.7
Mutua,Si,2024-01-02,Perito B,Sevilla,26,24,7329,3.5
Mutua,Si,2024-04-01,Perito B,Madrid,51,49,5676,5.8
Allianz,No,2025-05-23,Perito A,Sevilla,22,31,1436,5.5
Allianz,Si,2024-05-27,Perito A,Zaragoza,58,27,4869,1.4
Mutua,Si,2024-01-23,Perito D,Barcelona,48,20,4344,2.8
Linea Directa,No,2025-06-04,Perito B,Valencia,43,46,1350,4.7
AXA,No,2024-02-05,Perito A,Madrid,41,25,4518,5.7
Mapfre,No,2025-01-26,Perito C,Valencia,25,31,7264,6.5
Mutua,Si,2025-04-06,Perito A,Valencia,43,19,7646,5.1
Linea Directa,Si,2024-05-31,Perito C,Zaragoza,59,20,1631,2.9
Mapfre,Si,2024-01-15,Perito C,Sevilla,42,24,5824,5.0
Allianz,Si,2024-03-03,Perito C,Valencia,57,47,7661,4.5
Mapfre,No,2024-02-09,Perito D,Zaragoza,29,44,2019,2.3
Mutua,Si,2024-10-05,Perito B,Madrid,35,35,2524,4.4
AXA,Si,2025-02-20,Perito D,Zaragoza,30,31,5757,3.0
Mutua,No,2024-09-08,Perito A,Zaragoza,51,41,1330,6.2
Generali,Si,2024-07-05,Perito A,Zaragoza,25,17,5977,4.3
Linea Directa,No,2025-06-10,Perito B,Málaga,43,43,6763,5.8
Linea Directa,Si,2024-02-27,Perito B,Zaragoza,52,16,2858,3.9
Linea Directa,No,2024-11-14,Perito A,Valencia,31,43,3700,5.9
Generali,Si,2024-04-05,Perito B,Zaragoza,46,48,574,3.4
Generali,No,2024-02-28,Perito B,Sevilla,57,15,2320,4.9
AXA,Si,2025-03-27,Perito C,Barcelona,37,40,4220,4.3
Linea Directa,Si,2025-04-15,Perito D,Valencia,58,15,2221,3.0
Mutua,No,2024-07-23,Perito D,Zaragoza,32,18,3905,1.9
Generali,No,2024-06-07,Perito D,Zaragoza,59,28,5349,4.9
Mutua,No,2025-04-26,Perito C,Sevilla,49,32,3459,4.9
Allianz,Si,2024-05-04,Perito C,Valencia,32,48,3635,4.1
Linea Directa,No,2024-09-26,Perito B,Málaga,53,15,2089,4.6
Generali,No,2024-11-14,Perito B,Málaga,55,36,2023,4.6
Generali,Si,2024-11-27,Perito C,Madrid,49,30,1674,3.2
AXA,No,2025-03-14,Perito C,Málaga,44,36,2442,3.6
Mutua,No,2024-05-26,Perito A,Sevilla,21,30,5475,6.0
AXA,No,2024-11-01,Perito C,Málaga,55,42,3443,2.4
AXA,Si,2024-12-28,Perito C,Sevilla,37,42,7190,2.9
Mutua,Si,2024-03-11,Perito D,Valencia,24,36,5360,2.7
Allianz,Si,2024-10-31,Perito A,Madrid,38,20,3334,4.2
Mutua,No,2024-06-11,Perito D,Zaragoza,37,39,2270,3.6
Allianz,Si,2024-09-19,Perito D,Zaragoza,51,16,559,3.8
AXA,Si,2024-08-23,Perito A,Zaragoza,40,21,7442,4.5
Allianz,Si,2025-02-17,Perito A,Madrid,29,31,6903,6.3
Linea Directa,No,2024-11-28,Perito A,Zaragoza,56,49,7015,4.2
Allianz,Si,2024-11-01,Perito B,Málaga,41,34,2241,2.3
Allianz,Si,2024-04-28,Perito A,Zaragoza,32,16,1341,3.7
Generali,Si,2024-02-25,Perito D,Zaragoza,36,21,1835,1.7
Generali,Si,2025-05-25,Perito A,Barcelona,28,46,5699,4.8
AXA,No,2025-04-07,Perito B,Málaga,43,33,4200,2.3
Mutua,Si,2024-08-08,Perito D,Zaragoza,33,26,2143,1.5
Allianz,Si,2024-11-17,Perito A,Barcelona,27,23,4974,6.3
Linea Directa,Si,2025-04-12,Perito A,Málaga,56,41,3561,3.3
Generali,No,2024-04-19,Perito D,Sevilla,38,28,6783,4.9
Mutua,No,2024-12-29,Perito D,Sevilla,47,16,3180,2.8
Linea Directa,Si,2024-05-26,Perito A,Zaragoza,49,35,206,2.3
Allianz,No,2025-03-18,Perito B,Zaragoza,26,18,3467,5.4
Mutua,Si,2025-05-18,Perito D,Barcelona,45,35,6764,4.3
Linea Directa,No,2024-01-30,Perito C,Madrid,59,36,1791,3.9
Mapfre,No,2024-03-09,Perito A,Barcelona,30,16,5128,7.4
Linea Directa,Si,2024-03-22,Perito D,Valencia,33,31,3464,2.6
Linea Directa,No,2024-05-14,Perito D,Madrid,40,33,2806,4.1
Allianz,No,2024-04-09,Perito A,Barcelona,27,38,3419,5.8
Mutua,Si,2024-10-23,Perito A,Valencia,22,34,6106,5.6
Allianz,Si,2025-05-01,Perito A,Valencia,47,26,3473,3.8
Allianz,No,2024-02-12,Perito B,Zaragoza,48,39,7811,4.9
Mapfre,No,2024-02-08,Perito C,Málaga,42,37,1113,3.5
Linea Directa,No,2024-08-29,Perito D,Zaragoza,37,48,2211,1.7
Mutua,No,2025-03-29,Perito A,Barcelona,54,46,1642,4.1
AXA,Si,2024-10-22,Perito A,Sevilla,32,38,5746,4.8
Generali,No,2024-06-24,Perito B,Zaragoza,31,39,3254,4.1
Allianz,Si,2025-04-18,Perito C,Málaga,24,17,5798,4.3
Allianz,Si,2024-12-22,Perito D,Zaragoza,58,39,3746,3.2
Allianz,Si,2024-08-27,Perito C,Zaragoza,30,42,4421,4.3
Allianz,No,2024-10-30,Perito C,Madrid,30,26,6738,6.4
Generali,No,2025-03-31,Perito A,Sevilla,50,40,5112,6.2
AXA,Si,2024-07-14,Perito A,Valencia,50,22,3128,4.0
Mapfre,Si,2024-07-26,Perito A,Madrid,32,19,2029,4.7
AXA,Si,2025-05-15,Perito B,Málaga,33,25,775,1.4
Generali,Si,2024-03-28,Perito B,Zaragoza,44,49,6668,3.5
Mutua,Si,2024-11-22,Perito B,Valencia,52,41,5711,3.4
Mapfre,No,2024-11-29,Perito A,Zaragoza,52,33,1129,5.8
Mapfre,No,2025-05-27,Perito A,Valencia,34,46,3959,6.2
Mutua,No,2024-09-07,Perito A,Valencia,35,42,3899,3.9
Linea Directa,No,2025-02-04,Perito C,Sevilla,57,32,1663,3.5
Allianz,Si,2025-04-02,Perito B,Málaga,25,24,3475,2.4
Generali,Si,2025-04-29,Perito B,Málaga,44,46,7853,3.8
Mutua,No,2025-03-30,Perito C,Zaragoza,34,32,5128,5.7
AXA,Si,2024-07-26,Perito D,Sevilla,23,26,1254,1.0
AXA,Si,2024-12-02,Perito C,Málaga,23,22,7755,5.1
Linea Directa,Si,2025-03-18,Perito C,Valencia,49,47,5944,3.9
Mutua,No,2025-05-19,Perito A,Valencia,53,28,2100,5.2
Generali,No,2025-05-31,Perito D,Zaragoza,46,16,1657,3.2
Linea Directa,No,2024-02-20,Perito C,Valencia,50,23,7180,6.9
Linea Directa,No,2025-01-26,Perito D,Málaga,51,19,7269,5.0
Linea Directa,No,2024-11-03,Perito D,Barcelona,58,48,1599,5.0
Mapfre,No,2024-06-01,Perito A,Madrid,28,33,3615,5.9
Mapfre,Si,2024-12-07,Perito D,Barcelona,27,21,642,2.8
Allianz,No,2024-10-24,Perito A,Sevilla,33,31,3850,6.0
Generali,Si,2024-07-26,Perito B,Barcelona,52,40,6418,5.2
AXA,No,2024-02-28,Perito C,Zaragoza,42,41,4852,4.8
AXA,No,2024-08-24,Perito A,Barcelona,40,42,1378,4.3
Allianz,Si,2025-04-10,Perito A,Zaragoza,31,34,7797,5.1
AXA,No,2025-01-17,Perito C,Sevilla,21,20,6333,2.4
Linea Directa,Si,2024-05-10,Perito A,Barcelona,32,22,4658,4.6
Allianz,No,2025-03-26,Perito D,Madrid,23,46,6791,6.1
Allianz,Si,2024-03-04,Perito A,Málaga,39,33,1457,2.8
Mutua,No,2025-03-19,Perito A,Sevilla,33,46,3834,4.6
Mapfre,Si,2025-05-04,Perito D,Barcelona,49,33,2041,3.7
Generali,No,2025-05-21,Perito C,Valencia,48,38,2509,5.4
Generali,Si,2025-02-11,Perito A,Valencia,27,38,6146,4.1
Mapfre,No,2024-12-30,Perito B,Sevilla,31,31,6468,6.0
Linea Directa,No,2025-06-23,Perito C,Valencia,57,32,1110,3.4
Generali,No,2024-11-16,Perito B,Madrid,45,26,4540,6.0
AXA,No,2024-12-23,Perito B,Barcelona,21,37,4837,7.6
AXA,No,2024-01-20,Perito B,Madrid,59,32,4209,6.3
Generali,No,2025-04-02,Perito A,Madrid,33,30,6828,8.0
Mutua,Si,2024-04-27,Perito D,Málaga,25,30,2369,1.9
Generali,Si,2024-08-28,Perito A,Barcelona,59,37,2372,4.2
Allianz,Si,2024-02-16,Perito B,Sevilla,50,36,5868,2.9
Linea Directa,Si,2025-02-22,Perito B,Valencia,36,47,6513,3.6
Allianz,Si,2025-01-09,Perito D,Málaga,44,38,323,1.8
Mapfre,Si,2024-09-10,Perito C,Madrid,51,34,7402,4.8
Linea Directa,No,2024-02-06,Perito B,Valencia,31,47,3358,4.4
Linea Directa,No,2024-04-28,Perito A,Barcelona,32,45,6989,6.4
AXA,No,2024-12-25,Perito B,Madrid,38,22,6027,6.2
Linea Directa,Si,2024-09-20,Perito B,Madrid,44,24,985,4.0
Mutua,No,2024-01-06,Perito C,Barcelona,50,15,6339,6.7
Generali,Si,2024-09-08,Perito D,Sevilla,56,35,6544,4.1
Allianz,Si,2024-01-19,Perito B,Málaga,44,39,2616,4.2
AXA,Si,2024-10-07,Perito C,Barcelona,35,46,996,1.5
AXA,No,2024-02-18,Perito C,Valencia,57,24,4372,4.4
Mutua,No,2024-01-28,Perito B,Valencia,42,23,4354,5.2
Mutua,Si,2025-05-10,Perito B,Madrid,33,34,6774,3.2
Mutua,No,2025-03-14,Perito D,Zaragoza,25,34,6981,6.6
Mutua,No,2024-09-22,Perito A,Málaga,44,21,5819,5.1
Allianz,Si,2024-11-13,Perito A,Sevilla,42,25,2136,2.5
Mutua,No,2025-05-18,Perito D,Sevilla,31,35,2356,4.1
AXA,No,2024-09-10,Perito C,Zaragoza,32,33,4007,3.6
AXA,Si,2025-06-14,Perito C,Valencia,55,29,7351,5.8
Linea Directa,Si,2025-01-19,Perito D,Sevilla,58,20,1501,2.0
Generali,No,2024-02-04,Perito A,Valencia,53,24,4363,6.4
AXA,No,2024-03-17,Perito C,Málaga,25,30,3340,5.3
AXA,No,2025-01-08,Perito A,Zaragoza,57,25,3436,4.8
Allianz,Si,2024-03-18,Perito C,Madrid,59,49,7856,4.9
Linea Directa,Si,2024-01-04,Perito A,Valencia,27,22,2552,5.1
AXA,Si,2025-03-12,Perito D,Málaga,27,42,2132,1.0
Mapfre,No,2024-03-05,Perito A,Zaragoza,59,17,2921,4.1
AXA,No,2024-07-09,Perito C,Valencia,52,16,564,4.1
Generali,Si,2024-09-13,Perito C,Barcelona,53,28,5116,3.2
Generali,Si,2024-06-11,Perito C,Valencia,34,43,5698,2.7
Linea Directa,Si,2024-08-14,Perito B,Málaga,55,17,2590,2.7
Linea Directa,No,2024-05-21,Perito B,Sevilla,54,15,1146,3.7
Mutua,No,2024-03-16,Perito C,Valencia,41,29,7242,3.5
Allianz,No,2024-12-30,Perito D,Madrid,42,34,5873,6.6
Generali,No,2025-03-07,Perito C,Málaga,59,36,1577,3.4
Mapfre,Si,2025-03-22,Perito D,Sevilla,41,48,1639,2.8
Mapfre,No,2024-07-01,Perito C,Málaga,24,47,3380,3.4
Mutua,No,2024-02-11,Perito C,Valencia,50,23,7930,5.3
Allianz,Si,2024-11-06,Perito D,Barcelona,32,17,5057,4.5
Allianz,Si,2024-12-01,Perito A,Barcelona,47,16,7864,6.3
Linea Directa,Si,2024-09-01,Perito B,Madrid,39,18,540,3.9
AXA,No,2024-11-26,Perito C,Zaragoza,52,30,3189,4.8
Mapfre,Si,2025-05-08,Perito D,Zaragoza,35,47,582,1.0
Mapfre,No,2025-04-10,Perito D,Madrid,48,23,5299,5.5
Mapfre,Si,2024-05-28,Perito B,Sevilla,42,32,1756,2.4
Mapfre,No,2024-06-09,Perito B,Barcelona,43,30,499,4.6
Generali,No,2024-06-15,Perito A,Valencia,53,22,338,3.3
Allianz,Si,2024-03-23,Perito C,Málaga,26,37,558,2.2
AXA,Si,2024-07-17,Perito B,Málaga,57,17,5131,5.7
Generali,No,2024-05-26,Perito A,Barcelona,56,29,1722,3.9
Allianz,Si,2024-08-23,Perito C,Barcelona,23,47,3656,3.8
Mutua,No,2025-05-15,Perito C,Málaga,53,32,1827,1.3
Mapfre,Si,2025-04-25,Perito D,Sevilla,41,37,6278,3.1
AXA,No,2024-11-22,Perito B,Málaga,24,17,1503,2.4
Allianz,No,2024-10-11,Perito A,Madrid,42,44,6826,8.7
Mutua,Si,2025-05-17,Perito A,Valencia,34,31,5204,3.9
Mapfre,No,2024-09-28,Perito D,Barcelona,50,46,1334,3.5
Mutua,No,2024-01-21,Perito A,Zaragoza,28,21,7209,6.6
Mutua,No,2025-05-07,Perito A,Barcelona,44,28,2386,4.2
Generali,No,2025-02-01,Perito C,Sevilla,44,29,5291,5.5
Mutua,Si,2024-05-29,Perito B,Madrid,40,26,6778,6.0
Generali,No,2024-06-28,Perito D,Málaga,28,22,6852,6.4
Linea Directa,No,2025-03-29,Perito B,Madrid,57,30,6616,6.8
Generali,Si,2024-08-15,Perito A,Madrid,41,48,3370,2.8
Mutua,Si,2024-05-19,Perito A,Sevilla,42,38,4035,5.0
Allianz,No,2025-03-07,Perito A,Sevilla,23,43,2351,7.5
Mutua,No,2024-03-10,Perito B,Zaragoza,48,30,1437,3.5
Mutua,No,2024-08-21,Perito D,Málaga,34,19,6080,4.5
Allianz,Si,2025-06-21,Perito D,Zaragoza,20,19,3935,2.3
Mapfre,No,2024-03-26,Perito C,Málaga,49,44,7105,3.7
AXA,No,2024-09-02,Perito D,Valencia,48,19,3034,3.9
Linea Directa,Si,2024-09-04,Perito C,Madrid,39,27,4460,3.9
Mapfre,No,2024-02-09,Perito A,Málaga,52,49,1198,4.2
Mutua,Si,2025-05-06,Perito D,Sevilla,55,39,2767,2.8
Mapfre,No,2024-10-05,Perito C,Valencia,41,28,1507,5.4
AXA,Si,2025-05-31,Perito C,Zaragoza,32,40,6860,3.9
Mapfre,No,2024-06-19,Perito B,Valencia,26,32,856,2.0
AXA,No,2024-04-20,Perito A,Sevilla,27,34,2860,4.7
Mapfre,Si,2024-09-17,Perito D,Málaga,47,48,2411,2.2
Generali,Si,2025-01-26,Perito D,Sevilla,28,21,2109,4.1
Mutua,No,2024-03-03,Perito D,Málaga,44,24,3930,4.6
AXA,Si,2024-05-04,Perito C,Sevilla,35,29,2246,2.6
Linea Directa,Si,2025-01-15,Perito D,Sevilla,29,31,6407,4.7
Mutua,Si,2024-05-02,Perito D,Barcelona,30,25,3362,4.7
Generali,No,2024-09-28,Perito D,Málaga,50,48,1340,2.0
Mapfre,No,2025-02-07,Perito A,Madrid,31,41,6185,7.0
Mutua,Si,2025-04-16,Perito A,Barcelona,50,35,466,5.9
Mapfre,Si,2024-11-23,Perito C,Barcelona,33,45,2045,2.2
Mapfre,Si,2024-10-24,Perito B,Barcelona,51,18,1908,2.9
Mutua,No,2024-07-17,Perito D,Barcelona,36,31,3830,4.6
AXA,Si,2025-05-15,Perito D,Madrid,54,34,3411,4.2
AXA,Si,2025-04-25,Perito C,Barcelona,20,39,2493,4.2
Mutua,No,2025-03-07,Perito D,Zaragoza,48,37,3932,4.0
AXA,Si,2025-02-24,Perito B,Madrid,23,29,4029,4.1
Allianz,No,2024-03-02,Perito C,Zaragoza,42,47,6738,5.6
Mapfre,No,2025-06-06,Perito A,Madrid,47,33,1710,6.5
Mutua,Si,2025-02-09,Perito B,Zaragoza,35,29,675,3.9
Linea Directa,No,2024-09-18,Perito D,Barcelona,31,19,7884,7.2
Generali,No,2025-06-08,Perito B,Valencia,40,30,1176,4.6
Mutua,No,2024-09-23,Perito A,Madrid,36,46,1407,5.1
Mutua,No,2025-03-25,Perito C,Barcelona,59,36,5339,8.4
Mapfre,Si,2024-01-02,Perito B,Sevilla,32,46,2160,1.3
Generali,No,2025-02-22,Perito C,Sevilla,51,27,757,3.5
Mapfre,Si,2024-07-10,Perito C,Málaga,56,40,5313,4.5
Linea Directa,No,2025-05-25,Perito D,Madrid,34,31,7891,6.2
AXA,No,2025-03-12,Perito D,Madrid,31,19,5901,6.6
Mutua,Si,2024-08-30,Perito C,Zaragoza,34,47,7896,4.5
Mapfre,No,2024-05-29,Perito A,Sevilla,53,41,1082,5.2
Linea Directa,Si,2024-06-21,Perito C,Madrid,25,19,2394,3.9
Linea Directa,No,2024-04-10,Perito A,Madrid,36,21,4961,5.8
Allianz,No,2024-08-17,Perito B,Sevilla,39,32,7671,5.1
Mutua,Si,2024-09-30,Perito C,Barcelona,28,45,2867,4.2
Linea Directa,No,2025-01-01,Perito B,Zaragoza,24,20,6067,4.4
AXA,No,2024-12-15,Perito C,Sevilla,42,16,7163,2.5
Mapfre,Si,2024-07-20,Perito B,Valencia,52,27,5159,1.8
Mapfre,No,2024-02-23,Perito A,Sevilla,57,25,4877,4.6
Allianz,No,2024-05-31,Perito B,Zaragoza,33,40,7366,5.1
AXA,No,2025-06-07,Perito B,Sevilla,36,35,4990,5.9
Linea Directa,No,2024-08-30,Perito D,Zaragoza,38,16,5547,4.7
Allianz,No,2024-03-31,Perito C,Barcelona,52,34,7469,6.6
Linea Directa,Si,2025-06-22,Perito C,Sevilla,20,31,1810,1.9
Linea Directa,Si,2025-01-10,Perito C,Sevilla,32,30,3688,6.1
Mutua,No,2025-05-25,Perito C,Barcelona,46,19,5535,5.9
Generali,No,2024-07-10,Perito D,Sevilla,25,28,2654,4.3
Linea Directa,No,2024-03-25,Perito A,Barcelona,25,38,4694,6.1
Mapfre,Si,2024-01-09,Perito B,Valencia,52,18,2146,3.3
Linea Directa,No,2025-05-23,Perito B,Barcelona,49,38,5010,4.2
Allianz,No,2024-11-01,Perito A,Madrid,54,23,4999,6.6
Linea Directa,No,2024-04-04,Perito B,Madrid,42,17,3008,5.1
Mapfre,No,2025-04-19,Perito D,Zaragoza,29,23,6842,4.9
Mapfre,Si,2024-08-08,Perito C,Barcelona,38,32,4025,5.4
Allianz,No,2025-01-08,Perito C,Sevilla,47,33,3736,2.7
Mapfre,No,2024-02-14,Perito D,Málaga,42,38,6010,4.0
AXA,No,2025-02-13,Perito C,Málaga,23,18,6268,3.0
AXA,No,2024-09-16,Perito B,Valencia,39,23,7317,5.2
Generali,No,2024-12-15,Perito A,Valencia,38,47,4002,5.9
AXA,No,2025-02-07,Perito A,Málaga,46,15,4377,5.9
Allianz,No,2025-04-24,Perito B,Málaga,53,49,4899,4.4
Linea Directa,Si,2024-08-22,Perito A,Barcelona,23,24,2170,4.4
AXA,No,2024-02-08,Perito A,Málaga,57,26,6006,5.1
Generali,Si,2024-07-06,Perito C,Madrid,26,32,6342,5.2
Mutua,Si,2024-07-09,Perito B,Valencia,26,28,4022,4.5
Mutua,No,2025-02-09,Perito D,Zaragoza,45,24,3019,5.2
Allianz,No,2024-03-19,Perito A,Valencia,45,24,1102,4.6
Generali,No,2024-01-11,Perito B,Madrid,38,32,564,4.1
AXA,Si,2024-07-03,Perito D,Valencia,28,38,4458,4.7
Generali,Si,2025-02-18,Perito D,Málaga,39,15,3319,3.2
Mapfre,Si,2025-01-09,Perito C,Valencia,35,44,2758,2.7
Generali,No,2024-10-17,Perito C,Madrid,36,29,7696,6.4
AXA,No,2025-04-18,Perito A,Valencia,41,22,2063,3.8
Allianz,Si,2024-07-03,Perito B,Zaragoza,32,49,315,2.8
Mapfre,Si,2024-09-04,Perito B,Zaragoza,31,32,7284,4.7
Generali,No,2025-05-15,Perito C,Zaragoza,29,30,2584,4.1
Mutua,Si,2024-08-28,Perito C,Zaragoza,20,35,5176,3.1
AXA,Si,2024-01-28,Perito C,Málaga,51,29,7080,6.3
Allianz,Si,2024-09-30,Perito A,Zaragoza,49,19,4135,3.7
Linea Directa,Si,2024-08-22,Perito B,Zaragoza,27,21,5135,4.9
AXA,Si,2024-01-21,Perito A,Barcelona,40,21,6490,4.7
Generali,Si,2024-03-01,Perito B,Zaragoza,41,41,7942,5.2
Allianz,Si,2024-08-08,Perito C,Málaga,37,39,5642,3.3
Mutua,No,2025-04-12,Perito A,Zaragoza,21,36,2690,4.9
Mapfre,Si,2024-04-19,Perito D,Valencia,28,27,7180,3.1
Generali,No,2024-04-07,Perito A,Zaragoza,22,31,5332,4.1
Allianz,No,2024-09-09,Perito A,Sevilla,45,27,1142,2.9
Mapfre,Si,2024-04-17,Perito D,Valencia,40,40,7861,2.5
Allianz,No,2024-12-13,Perito D,Zaragoza,49,23,1924,2.4
Linea Directa,Si,2025-05-27,Perito C,Zaragoza,47,19,2534,3.7
Generali,No,2024-01-01,Perito D,Valencia,55,47,2967,2.7
Allianz,No,2024-09-09,Perito D,Madrid,45,18,1337,3.3
Mutua,Si,2024-09-12,Perito A,Sevilla,53,42,2727,3.7
Allianz,No,2024-12-08,Perito A,Madrid,27,40,4317,4.0
Generali,Si,2024-12-20,Perito C,Zaragoza,29,18,3620,3.9
Allianz,No,2024-06-26,Perito D,Madrid,33,30,6045,5.4
Mapfre,Si,2024-04-02,Perito B,Málaga,59,36,4978,4.1
Mapfre,Si,2025-06-17,Perito A,Barcelona,34,49,4106,4.8
Linea Directa,No,2024-06-26,Perito C,Valencia,36,39,3837,4.0
AXA,Si,2025-06-14,Perito A,Sevilla,37,22,3153,4.5
Linea Directa,Si,2024-12-02,Perito A,Valencia,51,31,6129,4.5
AXA,No,2024-10-24,Perito B,Madrid,57,32,2567,5.5
Mutua,Si,2024-03-02,Perito C,Barcelona,42,26,4421,5.5
Mapfre,No,2024-03-25,Perito B,Madrid,42,47,476,3.0
AXA,No,2024-05-12,Perito B,Valencia,54,37,2199,3.0
Allianz,No,2024-09-18,Perito C,Málaga,58,26,1427,2.6
Mutua,Si,2025-04-05,Perito D,Valencia,34,25,6537,3.3
Generali,No,2024-02-28,Perito B,Madrid,43,27,3952,5.5
AXA,Si,2025-06-03,Perito D,Sevilla,47,49,3935,1.9
Linea Directa,No,2025-06-06,Perito A,Sevilla,35,41,7914,5.3
AXA,No,2024-04-27,Perito C,Sevilla,35,39,895,2.9
Linea Directa,No,2025-06-20,Perito C,Sevilla,59,17,1509,4.4
Linea Directa,Si,2025-03-10,Perito A,Sevilla,58,39,4352,3.4
Mapfre,No,2025-01-26,Perito A,Zaragoza,25,24,7670,6.2
Mutua,Si,2024-09-10,Perito A,Barcelona,21,31,3434,4.3
Linea Directa,Si,2025-02-24,Perito B,Barcelona,32,17,4314,4.3
Mapfre,Si,2024-02-15,Perito B,Málaga,28,36,7737,3.9
Mapfre,Si,2025-05-17,Perito B,Sevilla,53,28,2511,1.0
Linea Directa,Si,2025-02-09,Perito B,Madrid,36,41,3041,3.4
Mutua,No,2025-02-13,Perito B,Madrid,46,34,4408,5.7
Allianz,Si,2024-06-01,Perito D,Valencia,48,32,3759,2.8
AXA,No,2024-04-28,Perito D,Sevilla,56,27,3598,4.4
Mapfre,No,2025-03-03,Perito B,Madrid,41,20,741,2.8
AXA,Si,2024-05-11,Perito C,Zaragoza,43,24,2894,3.3
Mutua,No,2025-05-23,Perito C,Málaga,26,43,4874,4.1
Allianz,No,2024-08-18,Perito D,Madrid,53,20,1288,3.2
Generali,Si,2024-12-07,Perito D,Zaragoza,31,25,3563,3.2
Allianz,Si,2024-04-28,Perito C,Zaragoza,42,39,224,2.9
Mutua,No,2025-01-31,Perito C,Málaga,34,44,1772,4.7
Allianz,Si,2024-10-06,Perito C,Sevilla,52,34,6344,4.7
Generali,Si,2024-12-31,Perito D,Valencia,32,30,3158,2.4
Mapfre,No,2025-04-01,Perito D,Valencia,42,45,5868,3.0
Allianz,Si,2024-02-12,Perito C,Barcelona,57,43,4436,5.7
Linea Directa,Si,2025-06-20,Perito D,Sevilla,51,20,1967,2.4
Linea Directa,Si,2024-10-23,Perito B,Madrid,54,43,4943,3.7
Mutua,Si,2025-02-25,Perito C,Valencia,20,46,2435,3.0
Allianz,Si,2024-08-17,Perito A,Zaragoza,24,23,7495,3.5
Generali,Si,2024-09-07,Perito C,Málaga,32,37,400,3.5
Mutua,No,2024-04-21,Perito D,Zaragoza,24,30,3398,3.2
Allianz,Si,2024-03-23,Perito A,Málaga,51,32,456,1.5
Mutua,No,2024-04-02,Perito A,Madrid,40,33,3947,7.1
Linea Directa,No,2024-10-21,Perito C,Madrid,43,16,4842,4.3
Generali,No,2024-11-26,Perito B,Sevilla,37,24,2441,3.8
Mapfre,No,2024-03-24,Perito B,Madrid,40,26,7046,6.5
Generali,Si,2024-03-16,Perito D,Madrid,29,32,3375,2.3
Mapfre,No,2024-08-30,Perito A,Madrid,43,33,3806,5.4
AXA,Si,2024-03-10,Perito B,Valencia,59,41,3536,1.3
Linea Directa,No,2024-01-20,Perito D,Sevilla,40,28,5097,3.8
Linea Directa,No,2024-12-23,Perito A,Madrid,44,48,5237,4.4
Linea Directa,Si,2025-05-02,Perito D,Madrid,42,16,7751,6.0
Generali,Si,2025-05-13,Perito B,Zaragoza,41,47,7627,3.9
Mapfre,No,2024-01-01,Perito D,Zaragoza,23,33,613,1.5
AXA,Si,2024-09-07,Perito D,Málaga,53,41,2214,2.4
AXA,No,2024-10-03,Perito B,Valencia,25,44,1581,1.8
AXA,Si,2024-08-18,Perito B,Madrid,47,21,1298,2.7
Mutua,Si,2024-12-02,Perito D,Valencia,50,41,3626,3.4
Generali,No,2024-06-22,Perito B,Sevilla,54,35,3855,2.9
Generali,Si,2025-01-12,Perito C,Sevilla,58,21,1109,2.1
Linea Directa,No,2024-03-09,Perito C,Zaragoza,42,39,387,2.3
Generali,Si,2024-12-23,Perito C,Barcelona,25,32,4244,2.3
Generali,No,2024-09-23,Perito A,Málaga,35,47,3956,3.7
Mutua,No,2024-04-10,Perito C,Barcelona,21,47,2215,4.0
Generali,No,2025-02-20,Perito C,Valencia,43,46,5609,5.1
Mapfre,Si,2024-02-11,Perito C,Málaga,36,39,2292,4.1
AXA,No,2024-11-12,Perito B,Zaragoza,20,28,3844,4.3
Mutua,No,2024-12-06,Perito B,Madrid,25,18,2330,4.9
Mutua,Si,2024-12-20,Perito B,Zaragoza,24,32,5442,4.6
Linea Directa,No,2024-11-19,Perito B,Zaragoza,48,24,557,3.6
Generali,No,2025-01-09,Perito B,Málaga,31,49,5847,4.3
AXA,No,2024-12-09,Perito C,Málaga,58,49,5385,4.2
Mapfre,Si,2024-04-11,Perito C,Sevilla,22,37,7279,5.0
AXA,Si,2024-12-09,Perito B,Barcelona,20,39,5976,5.5
Allianz,No,2024-12-18,Perito D,Sevilla,46,15,2622,3.6
AXA,Si,2024-03-25,Perito B,Sevilla,43,32,4457,2.9
Mapfre,No,2025-04-24,Perito C,Barcelona,38,29,7747,8.2
Mapfre,Si,2024-12-24,Perito C,Sevilla,27,39,7725,3.8
Mapfre,No,2024-11-14,Perito B,Málaga,21,46,7555,5.4
Mutua,No,2024-06-06,Perito A,Valencia,49,34,6665,7.1
Mutua,No,2024-07-25,Perito D,Madrid,49,31,4745,5.2
Allianz,Si,2024-05-18,Perito B,Madrid,58,25,1697,3.5
AXA,No,2024-05-25,Perito C,Sevilla,51,27,5332,5.1
Generali,No,2025-01-29,Perito D,Barcelona,20,39,6527,5.0
Linea Directa,Si,2025-05-12,Perito A,Málaga,57,34,2358,3.2
Allianz,Si,2024-04-25,Perito D,Sevilla,32,39,6246,4.3
Generali,No,2024-07-02,Perito B,Málaga,30,45,2755,4.9
Generali,Si,2024-09-23,Perito C,Málaga,29,15,5609,5.5
Allianz,No,2024-11-12,Perito C,Zaragoza,45,30,2542,3.1
AXA,Si,2024-04-30,Perito C,Madrid,39,42,7818,6.9
Linea Directa,Si,2024-09-18,Perito D,Valencia,36,35,3151,3.2
Generali,No,2025-01-01,Perito B,Valencia,36,44,1438,4.6
Mutua,No,2025-02-02,Perito B,Barcelona,23,17,1173,3.1
Mutua,No,2024-10-28,Perito D,Valencia,24,48,4927,3.4
Allianz,Si,2024-08-10,Perito D,Sevilla,42,20,4165,3.1
Linea Directa,No,2025-05-30,Perito A,Madrid,29,43,5886,7.2
Linea Directa,Si,2024-05-30,Perito C,Madrid,47,17,1250,3.0
Generali,No,2024-06-19,Perito D,Málaga,52,47,3901,3.4
Allianz,No,2024-08-07,Perito C,Sevilla,45,25,2980,2.9
Linea Directa,No,2024-03-06,Perito A,Sevilla,48,19,7598,5.5
Linea Directa,Si,2024-07-01,Perito B,Málaga,46,46,1788,2.2
Mutua,No,2024-03-31,Perito C,Zaragoza,37,32,4078,4.0
Allianz,Si,2024-07-18,Perito D,Zaragoza,59,34,2568,1.5
Generali,No,2025-03-29,Perito D,Málaga,29,42,7256,6.8
Generali,No,2024-05-18,Perito A,Madrid,24,27,7600,8.1
Mutua,Si,2025-01-08,Perito C,Sevilla,29,40,5989,4.7
Mapfre,Si,2025-06-15,Perito B,Valencia,40,30,636,3.4
Mapfre,Si,2025-04-12,Perito B,Valencia,43,39,3028,3.6
Linea Directa,No,2024-03-31,Perito D,Madrid,57,24,1756,6.3
AXA,No,2024-05-21,Perito A,Valencia,22,43,7770,5.3
Mutua,Si,2024-04-16,Perito D,Valencia,59,34,5372,1.0
AXA,No,2025-03-24,Perito D,Sevilla,50,40,4058,3.0
Linea Directa,Si,2024-09-20,Perito D,Sevilla,56,46,7680,2.2
Mutua,Si,2024-10-10,Perito D,Barcelona,21,38,1504,1.8
Generali,No,2024-12-01,Perito A,Sevilla,21,45,7069,5.2
Mutua,Si,2024-11-14,Perito D,Barcelona,58,26,6374,4.5
Allianz,No,2025-01-27,Perito C,Zaragoza,53,24,2584,4.9
AXA,Si,2024-06-11,Perito D,Sevilla,39,20,382,3.3
Mutua,No,2024-09-20,Perito D,Málaga,52,21,7390,5.3
AXA,Si,2024-03-04,Perito B,Sevilla,23,45,6887,3.1
Linea Directa,No,2024-01-15,Perito B,Barcelona,30,41,5765,5.4
Mutua,Si,2025-03-15,Perito A,Valencia,24,22,7441,4.7
Mapfre,No,2024-01-20,Perito A,Sevilla,44,17,7377,5.5
AXA,No,2024-07-07,Perito C,Valencia,56,35,7851,4.3
Generali,No,2025-03-25,Perito D,Valencia,53,15,5775,5.7
Generali,Si,2025-02-18,Perito B,Sevilla,28,29,1789,1.1
Mutua,No,2024-05-21,Perito C,Sevilla,25,21,1787,3.1
Generali,Si,2024-10-29,Perito C,Málaga,37,29,859,2.4
Generali,Si,2025-04-27,Perito A,Zaragoza,33,39,359,2.8
AXA,Si,2024-05-11,Perito B,Barcelona,38,17,4153,4.0
Mutua,No,2025-01-05,Perito D,Sevilla,33,44,7381,5.3
AXA,Si,2024-07-30,Perito A,Valencia,59,28,7545,4.0
Mutua,Si,2024-02-01,Perito C,Valencia,36,18,6755,4.2
Generali,No,2024-11-17,Perito C,Sevilla,54,17,1211,2.1
Mutua,No,2024-11-17,Perito B,Barcelona,48,19,252,3.2
Linea Directa,No,2025-02-12,Perito B,Zaragoza,36,39,6751,6.2
Mutua,No,2024-09-20,Perito D,Valencia,27,45,7190,4.7
Allianz,Si,2024-11-30,Perito B,Zaragoza,20,25,5341,3.6
Mutua,Si,2024-09-18,Perito B,Zaragoza,55,22,5349,3.3
Allianz,Si,2024-03-18,Perito A,Málaga,26,40,7046,4.2
AXA,Si,2024-06-02,Perito A,Valencia,24,16,2507,3.4
Allianz,Si,2024-07-02,Perito D,Barcelona,43,42,1428,5.2
AXA,No,2024-01-20,Perito A,Madrid,47,24,7426,5.6
Mutua,Si,2024-04-05,Perito D,Málaga,36,35,5790,2.5
AXA,No,2024-09-19,Perito A,Málaga,56,42,7119,4.9
Generali,No,2024-08-22,Perito C,Madrid,39,47,5785,3.7
Linea Directa,Si,2025-04-10,Perito A,Málaga,22,25,1235,2.8
Mutua,Si,2025-03-21,Perito D,Málaga,56,15,3902,2.6
Allianz,Si,2025-03-08,Perito A,Málaga,45,47,6246,3.9
Linea Directa,No,2024-08-19,Perito B,Valencia,34,17,4245,5.1
Mapfre,No,2024-12-28,Perito C,Valencia,27,40,7657,5.1
Linea Directa,No,2024-01-21,Perito A,Sevilla,32,29,5145,5.0
Mutua,Si,2024-08-17,Perito C,Sevilla,22,28,4649,3.7
Linea Directa,No,2024-04-03,Perito C,Valencia,20,37,5394,4.4
Linea Directa,No,2025-06-12,Perito C,Málaga,28,22,7216,7.1
Generali,No,2024-03-12,Perito C,Barcelona,50,34,6035,5.6
AXA,No,2024-11-30,Perito B,Madrid,45,20,7928,7.3
Linea Directa,Si,2025-06-14,Perito B,Sevilla,36,47,7958,4.6
Allianz,No,2024-06-14,Perito D,Málaga,53,42,5760,4.4
Allianz,Si,2025-02-12,Perito D,Sevilla,28,44,5286,4.1
Generali,Si,2025-05-26,Perito D,Zaragoza,32,31,1464,1.7
Linea Directa,Si,2024-01-18,Perito D,Barcelona,24,23,7361,4.9
Linea Directa,Si,2024-01-10,Perito C,Zaragoza,32,42,2084,2.9
Generali,No,2025-02-08,Perito C,Málaga,20,21,7521,4.9
Mutua,Si,2024-01-24,Perito C,Valencia,44,42,2009,3.2
Mapfre,Si,2024-07-21,Perito B,Barcelona,23,31,3367,5.6
Mapfre,No,2025-02-05,Perito B,Sevilla,55,19,3997,3.5
AXA,No,2025-01-24,Perito C,Málaga,29,19,2541,3.2
Allianz,No,2025-03-26,Perito C,Zaragoza,47,28,6552,4.1
Mutua,No,2025-05-18,Perito C,Málaga,25,20,3614,6.0
Allianz,Si,2025-05-05,Perito C,Madrid,46,21,5407,5.4
Mutua,No,2024-08-30,Perito B,Madrid,31,31,1017,3.1
Generali,No,2024-11-02,Perito A,Zaragoza,22,23,6095,4.0
AXA,Si,2025-04-14,Perito D,Madrid,52,45,6256,5.2
Generali,Si,2024-02-19,Perito D,Valencia,29,36,2637,4.7
Allianz,No,2025-01-12,Perito A,Málaga,50,23,6668,5.7
AXA,Si,2024-07-21,Perito B,Málaga,34,30,7283,2.9
Linea Directa,No,2024-03-05,Perito B,Sevilla,26,48,1088,1.7
Mutua,No,2024-06-25,Perito A,Valencia,55,27,6151,5.2
Mutua,Si,2025-02-05,Perito D,Madrid,33,33,5476,2.9
AXA,Si,2025-03-22,Perito D,Málaga,33,26,867,1.5
Generali,Si,2024-03-14,Perito A,Madrid,22,24,4928,5.7
AXA,Si,2024-03-05,Perito A,Barcelona,22,30,2824,4.7
Generali,No,2024-02-12,Perito C,Valencia,41,42,5938,5.4
AXA,No,2024-12-04,Perito A,Madrid,38,33,4432,6.2
Generali,Si,2025-01-23,Perito A,Valencia,54,20,6242,5.3
Mapfre,No,2024-06-26,Perito D,Zaragoza,31,18,5993,4.2
AXA,Si,2025-01-31,Perito C,Málaga,24,44,4723,3.7
Generali,No,2025-06-15,Perito C,Barcelona,29,45,5771,7.2
Linea Directa,No,2024-11-18,Perito D,Sevilla,52,41,6955,5.6
Allianz,No,2024-07-17,Perito D,Barcelona,32,35,7254,4.7
Allianz,No,2025-06-08,Perito B,Valencia,54,23,1018,2.5
AXA,No,2024-12-24,Perito C,Barcelona,51,49,2388,3.5
AXA,No,2024-03-02,Perito A,Málaga,30,35,1306,3.7
Mutua,Si,2024-07-02,Perito C,Valencia,57,31,2424,1.0
Generali,Si,2024-03-07,Perito B,Valencia,43,38,397,2.7
AXA,Si,2025-03-20,Perito A,Málaga,54,45,2871,2.5
Allianz,No,2025-02-09,Perito B,Zaragoza,38,20,7935,3.9
Allianz,Si,2025-01-03,Perito D,Madrid,25,49,6291,6.7
Allianz,No,2024-06-04,Perito B,Sevilla,59,27,7034,4.6
Generali,No,2025-02-15,Perito D,Zaragoza,54,39,3692,2.0
Mapfre,No,2024-07-06,Perito B,Zaragoza,23,46,2648,3.3
AXA,Si,2024-09-18,Perito D,Barcelona,52,15,670,4.3
Mapfre,No,2024-07-07,Perito C,Zaragoza,32,49,6561,1.8
Generali,No,2024-11-01,Perito D,Sevilla,55,33,2148,4.2
Linea Directa,Si,2024-12-26,Perito C,Sevilla,38,26,5224,2.0
AXA,Si,2024-03-10,Perito D,Zaragoza,31,34,4099,3.3
Mutua,Si,2024-10-04,Perito B,Málaga,30,47,2210,1.6
AXA,No,2024-12-26,Perito B,Madrid,25,43,4000,5.4
AXA,No,2024-07-14,Perito B,Sevilla,31,30,6975,4.8
AXA,Si,2024-03-21,Perito D,Valencia,46,28,7294,4.2
AXA,No,2024-08-23,Perito D,Zaragoza,44,21,5201,4.8
Linea Directa,No,2024-12-20,Perito B,Madrid,22,20,6518,6.7
AXA,No,2024-06-11,Perito C,Málaga,22,35,4318,3.7
Generali,Si,2024-01-15,Perito D,Zaragoza,39,36,3996,3.1
AXA,No,2024-08-17,Perito C,Sevilla,47,33,4188,5.3
Linea Directa,Si,2024-03-09,Perito D,Zaragoza,42,39,434,1.4
Generali,Si,2025-04-11,Perito B,Málaga,22,17,7380,4.6
AXA,Si,2025-05-22,Perito C,Barcelona,43,48,5420,3.7
AXA,No,2024-07-18,Perito A,Málaga,59,25,1128,4.2
Generali,No,2024-09-18,Perito D,Valencia,25,41,3807,3.1
AXA,No,2024-09-04,Perito C,Málaga,39,16,722,3.0
Linea Directa,Si,2024-04-27,Perito B,Madrid,30,20,6104,5.0
Allianz,Si,2024-08-14,Perito C,Barcelona,51,16,3723,4.4
AXA,No,2025-05-21,Perito A,Zaragoza,46,31,4726,4.7
Mutua,No,2025-01-10,Perito A,Zaragoza,40,28,5088,6.9
Generali,Si,2025-04-10,Perito C,Valencia,32,24,1829,1.6
Linea Directa,No,2025-02-28,Perito A,Barcelona,41,47,6032,4.9
AXA,Si,2024-02-29,Perito D,Valencia,54,26,4828,1.8
AXA,Si,2024-10-28,Perito A,Zaragoza,41,46,7322,3.9
Generali,Si,2025-02-22,Perito C,Barcelona,47,38,6042,5.0
Mapfre,Si,2024-08-01,Perito C,Sevilla,40,28,5971,5.8
Linea Directa,No,2024-10-05,Perito D,Málaga,37,19,1516,3.4
Linea Directa,Si,2024-09-13,Perito D,Madrid,50,19,3057,3.3
Allianz,Si,2025-03-15,Perito C,Madrid,56,46,5208,4.0
Allianz,No,2024-02-29,Perito B,Sevilla,40,47,1324,4.6
AXA,Si,2024-05-17,Perito D,Barcelona,33,18,5821,3.3
Generali,Si,2024-12-30,Perito B,Málaga,44,44,5623,2.3
Mutua,Si,2024-01-23,Perito A,Sevilla,46,31,7214,4.0
AXA,Si,2024-06-20,Perito A,Barcelona,59,17,2787,3.9
Allianz,No,2024-09-26,Perito D,Málaga,42,27,1223,3.5
AXA,No,2024-11-11,Perito D,Barcelona,50,32,5872,6.3
Generali,No,2024-02-01,Perito C,Madrid,48,37,1578,5.0
Linea Directa,No,2024-11-18,Perito A,Málaga,49,49,3574,2.4
Linea Directa,Si,2025-02-26,Perito D,Madrid,45,47,1719,3.1
Linea Directa,Si,2024-05-18,Perito C,Madrid,39,31,5977,5.0
Linea Directa,No,2024-06-17,Perito B,Málaga,57,48,6293,5.5
Mutua,Si,2025-01-01,Perito C,Sevilla,38,26,426,1.0
Mapfre,No,2024-01-07,Perito A,Barcelona,46,19,5555,5.9
Mutua,Si,2024-12-25,Perito C,Málaga,44,41,5168,3.3
AXA,No,2024-07-15,Perito C,Zaragoza,59,27,1091,4.2
Allianz,No,2025-04-01,Perito D,Madrid,57,40,5774,5.4
Generali,No,2024-06-29,Perito C,Barcelona,42,28,4272,4.7
AXA,No,2025-04-13,Perito A,Málaga,48,46,5332,3.4
Mapfre,Si,2024-05-05,Perito C,Sevilla,34,25,2457,1.4
Generali,Si,2024-07-11,Perito C,Málaga,22,30,2988,3.6
Generali,Si,2025-01-03,Perito A,Málaga,29,36,596,1.0
Generali,No,2024-08-10,Perito B,Valencia,34,30,5419,2.8
AXA,No,2024-04-12,Perito B,Zaragoza,35,27,2278,4.5
Mapfre,Si,2024-05-18,Perito A,Barcelona,36,26,7241,6.5
AXA,Si,2024-01-12,Perito B,Málaga,38,32,7895,3.3
Generali,Si,2025-06-09,Perito C,Madrid,30,43,4944,4.4
Generali,Si,2025-05-26,Perito D,Madrid,24,32,4624,5.5
Allianz,No,2024-05-16,Perito A,Valencia,24,16,3437,4.7
Mutua,No,2025-04-02,Perito C,Madrid,33,16,5778,6.3
AXA,Si,2025-04-25,Perito D,Málaga,45,17,4093,4.3
Mapfre,Si,2024-04-02,Perito C,Barcelona,27,43,5247,6.6
Generali,Si,2025-04-11,Perito A,Valencia,24,22,2205,3.2
AXA,No,2025-03-06,Perito C,Zaragoza,26,25,2216,5.2
Mutua,Si,2025-03-07,Perito A,Valencia,35,26,3371,4.5
AXA,No,2024-12-17,Perito C,Sevilla,33,46,2868,3.5
Mutua,No,2025-03-16,Perito D,Sevilla,56,18,2078,3.6
AXA,Si,2024-12-14,Perito D,Barcelona,23,23,1396,1.2
Allianz,Si,2024-02-17,Perito D,Barcelona,55,38,1972,3.7
AXA,Si,2024-06-08,Perito B,Valencia,36,30,361,1.6
Linea Directa,No,2024-05-09,Perito C,Málaga,55,31,4176,3.6
Allianz,Si,2024-06-20,Perito C,Málaga,25,36,1951,3.7
Mutua,Si,2024-12-03,Perito D,Sevilla,35,21,975,1.0
Generali,No,2024-09-28,Perito A,Barcelona,48,24,7630,7.4
Generali,No,2024-10-20,Perito B,Barcelona,55,43,6123,6.9
AXA,No,2024-12-16,Perito C,Málaga,57,38,6617,4.7
Mapfre,Si,2024-03-02,Perito C,Sevilla,56,28,7370,4.6
AXA,No,2024-04-27,Perito B,Málaga,29,28,5347,4.0
Allianz,No,2025-01-19,Perito B,Málaga,55,39,6669,4.3
Allianz,No,2024-06-27,Perito D,Valencia,48,36,1139,2.6
Mutua,No,2024-12-07,Perito B,Barcelona,33,37,3420,8.3
AXA,No,2024-04-17,Perito D,Valencia,23,46,739,4.5
Mutua,Si,2024-10-06,Perito B,Valencia,55,40,6831,3.7
Mapfre,No,2025-03-18,Perito B,Málaga,32,41,5117,4.6
Generali,No,2024-10-29,Perito C,Sevilla,37,26,1661,3.1
Generali,No,2025-04-01,Perito D,Málaga,52,33,5384,3.0
AXA,Si,2025-01-22,Perito B,Zaragoza,40,33,555,1.4
Mutua,Si,2025-03-07,Perito B,Sevilla,35,48,3804,2.8
Mutua,No,2025-04-02,Perito C,Barcelona,34,46,3523,2.7
Mapfre,No,2025-05-12,Perito A,Zaragoza,24,43,434,3.3
Mutua,No,2025-02-02,Perito C,Zaragoza,25,35,6570,5.9
Linea Directa,No,2024-07-09,Perito D,Zaragoza,57,49,1748,5.0
Linea Directa,Si,2024-09-03,Perito A,Madrid,22,19,7680,6.6
Allianz,Si,2025-03-11,Perito B,Barcelona,31,26,2296,2.9
Linea Directa,Si,2024-09-13,Perito D,Málaga,55,21,4413,2.0
Linea Directa,No,2024-11-23,Perito A,Sevilla,52,16,2301,4.2
Allianz,No,2025-05-27,Perito D,Zaragoza,55,39,1873,3.2
Linea Directa,Si,2025-05-31,Perito C,Madrid,52,24,6908,5.2
Linea Directa,Si,2024-07-31,Perito A,Zaragoza,50,20,5363,5.4
Allianz,No,2024-12-15,Perito A,Sevilla,40,41,2300,4.7
AXA,Si,2024-04-01,Perito A,Sevilla,46,49,3857,4.3
Allianz,Si,2024-05-22,Perito B,Madrid,46,24,4853,4.9
Allianz,Si,2025-06-11,Perito C,Madrid,27,23,3796,3.6
Linea Directa,Si,2024-12-04,Perito A,Barcelona,56,34,3948,3.2
Generali,Si,2024-12-20,Perito D,Valencia,51,49,3373,2.5
Linea Directa,No,2024-04-05,Perito B,Zaragoza,45,22,2015,3.0
AXA,No,2025-03-21,Perito C,Madrid,21,45,4041,6.0
Allianz,No,2024-03-03,Perito C,Zaragoza,31,30,2205,3.1
Mapfre,No,2024-10-05,Perito C,Valencia,41,42,7211,6.6
Allianz,Si,2024-12-15,Perito C,Valencia,36,20,4693,4.2
AXA,No,2024-12-25,Perito B,Valencia,26,46,7505,7.2
Mutua,Si,2025-01-25,Perito C,Valencia,23,42,874,3.9
Linea Directa,Si,2024-04-16,Perito D,Madrid,56,25,586,3.4
Generali,No,2024-06-02,Perito D,Zaragoza,57,37,2358,2.1
Generali,No,2024-01-30,Perito D,Sevilla,51,44,2861,3.0
Linea Directa,No,2024-10-01,Perito A,Zaragoza,30,23,2264,3.6
Linea Directa,No,2024-03-06,Perito C,Zaragoza,20,42,4051,4.5
AXA,Si,2024-09-10,Perito D,Madrid,44,38,3453,4.1
Allianz,Si,2024-04-26,Perito C,Madrid,43,42,5179,4.4
Mapfre,Si,2025-06-03,Perito B,Málaga,36,38,7903,5.2
Allianz,No,2025-05-20,Perito D,Málaga,27,29,4836,3.5
Allianz,No,2024-01-12,Perito A,Barcelona,46,47,4466,3.7
Mapfre,Si,2025-01-04,Perito A,Valencia,37,48,6752,5.0
Generali,Si,2024-10-04,Perito B,Valencia,46,36,939,2.0
Allianz,No,2025-06-16,Perito D,Málaga,41,43,1601,3.2
Mutua,No,2024-08-29,Perito B,Sevilla,35,48,3459,4.9
Mutua,Si,2024-07-18,Perito A,Barcelona,21,24,7201,5.7
AXA,Si,2025-06-02,Perito A,Zaragoza,24,44,2477,2.1
AXA,Si,2024-10-16,Perito C,Sevilla,37,25,4104,2.8
Mapfre,No,2024-05-10,Perito B,Málaga,22,48,4123,5.8
Mapfre,Si,2024-01-25,Perito A,Zaragoza,46,35,4414,4.4
AXA,Si,2024-03-28,Perito D,Sevilla,36,27,3427,3.8
Linea Directa,No,2024-11-06,Perito D,Valencia,35,39,3031,3.0
Allianz,Si,2024-11-03,Perito A,Málaga,25,35,3958,4.6
Linea Directa,Si,2025-01-28,Perito B,Zaragoza,26,15,2712,3.9
Generali,Si,2024-09-25,Perito B,Sevilla,33,19,2351,1.2
Mutua,No,2024-03-28,Perito D,Barcelona,57,36,3875,5.1
Mapfre,No,2024-12-05,Perito A,Barcelona,59,21,2945,5.7
AXA,Si,2024-07-11,Perito D,Madrid,34,27,6291,3.4
Mutua,No,2025-02-15,Perito B,Zaragoza,52,37,4066,3.2
Linea Directa,Si,2025-05-01,Perito A,Málaga,46,35,7869,7.2
Mapfre,Si,2025-03-23,Perito D,Málaga,48,20,3964,3.0
Mapfre,No,2025-06-15,Perito A,Zaragoza,56,34,6001,6.8
Allianz,Si,2024-01-31,Perito C,Málaga,24,26,6018,4.7
Mapfre,No,2024-09-28,Perito D,Valencia,48,23,2422,3.4
Generali,No,2024-11-22,Perito D,Valencia,51,42,2992,2.5
Mapfre,Si,2024-07-23,Perito C,Málaga,25,25,1897,3.3
Generali,Si,2024-07-26,Perito B,Zaragoza,21,46,5740,3.9
Linea Directa,No,2025-02-06,Perito D,Sevilla,25,25,7501,5.2
Allianz,No,2024-06-05,Perito D,Valencia,23,38,3662,4.0
Generali,Si,2025-03-13,Perito B,Zaragoza,48,29,4263,3.8
Linea Directa,No,2024-05-15,Perito A,Málaga,44,49,6055,6.1
Mutua,Si,2025-05-30,Perito C,Valencia,28,31,1724,1.7
Mapfre,Si,2024-02-23,Perito B,Zaragoza,22,39,4960,4.4
AXA,No,2025-01-19,Perito A,Madrid,45,49,232,5.3
AXA,Si,2024-10-11,Perito C,Barcelona,46,33,6398,5.3
Generali,No,2024-12-20,Perito A,Madrid,55,45,4225,6.5
Allianz,Si,2025-02-11,Perito D,Málaga,51,31,2766,3.9
Generali,Si,2024-04-27,Perito C,Zaragoza,20,37,3003,3.8
Linea Directa,Si,2024-08-31,Perito A,Barcelona,35,15,4096,3.7
Linea Directa,Si,2025-04-29,Perito C,Sevilla,30,24,3909,2.8
Generali,Si,2025-03-08,Perito A,Málaga,45,22,6355,4.4
Generali,Si,2024-12-27,Perito A,Sevilla,59,40,5847,3.9
Mutua,No,2024-03-25,Perito D,Sevilla,20,48,919,1.4
Linea Directa,No,2025-01-26,Perito B,Valencia,45,33,6898,6.2
Mutua,Si,2024-10-07,Perito C,Valencia,47,28,6716,3.4
Generali,No,2024-11-08,Perito D,Barcelona,28,22,4779,6.3
Allianz,No,2024-10-10,Perito C,Barcelona,41,15,1172,2.8
Mapfre,No,2025-01-16,Perito B,Zaragoza,27,39,3918,5.1
Linea Directa,No,2024-07-07,Perito D,Valencia,46,38,7595,5.9
AXA,No,2025-06-20,Perito B,Barcelona,58,34,6966,6.6
Mutua,Si,2024-09-28,Perito D,Zaragoza,38,44,4602,2.8
Linea Directa,Si,2025-02-08,Perito D,Madrid,44,19,4752,4.1
Mapfre,Si,2024-09-21,Perito D,Málaga,57,17,2407,2.3
Mutua,Si,2024-07-14,Perito D,Madrid,40,46,4626,4.5
Linea Directa,Si,2024-11-07,Perito A,Málaga,43,31,7119,4.7
Mutua,No,2024-06-19,Perito C,Zaragoza,43,19,4520,4.5
Mutua,No,2025-01-17,Perito A,Valencia,38,25,3230,4.9
Generali,Si,2024-04-29,Perito A,Madrid,21,18,7072,5.9
Generali,Si,2024-06-19,Perito A,Sevilla,33,33,3775,2.9
Mutua,No,2025-02-03,Perito D,Madrid,51,37,5775,4.6
Mutua,Si,2025-01-12,Perito D,Barcelona,51,31,3316,3.5
AXA,Si,2024-06-17,Perito B,Madrid,47,27,3485,2.4
Mapfre,No,2025-01-02,Perito C,Valencia,58,41,5378,4.6
Mapfre,Si,2025-02-09,Perito B,Valencia,59,15,843,2.5
Allianz,Si,2024-05-06,Perito B,Barcelona,59,16,4911,4.5
Allianz,Si,2024-12-30,Perito C,Málaga,32,32,394,2.6
Allianz,Si,2025-03-06,Perito C,Barcelona,31,47,4196,4.6
Generali,Si,2024-12-16,Perito B,Zaragoza,27,16,688,3.1
Generali,No,2024-07-02,Perito B,Málaga,34,18,2404,4.0
AXA,Si,2024-04-21,Perito B,Valencia,45,30,2857,4.9
Generali,Si,2025-02-10,Perito D,Valencia,31,18,5545,3.4
Allianz,No,2024-08-16,Perito C,Zaragoza,46,23,6755,6.0
Linea Directa,Si,2024-01-07,Perito C,Málaga,37,35,3476,3.0
Mutua,Si,2024-01-01,Perito A,Madrid,55,37,1302,4.0
Allianz,No,2025-03-12,Perito D,Madrid,46,16,5443,4.4
AXA,No,2025-05-16,Perito D,Barcelona,28,17,6814,5.7
Mutua,No,2025-06-13,Perito C,Valencia,58,37,1441,2.7
Generali,No,2024-02-14,Perito D,Madrid,20,40,715,4.9
Mutua,No,2025-04-06,Perito B,Valencia,26,21,5921,5.2
Linea Directa,Si,2024-09-29,Perito C,Barcelona,45,47,5423,5.4
AXA,No,2024-04-19,Perito C,Sevilla,26,18,592,1.5
Generali,No,2024-08-16,Perito D,Valencia,26,37,830,1.2
Mapfre,No,2025-03-27,Perito C,Sevilla,27,39,3916,4.0
Allianz,No,2025-05-07,Perito D,Valencia,35,40,2047,1.8
Linea Directa,Si,2025-02-02,Perito D,Málaga,22,42,2855,1.0
Linea Directa,No,2024-12-27,Perito D,Zaragoza,29,42,1179,3.7
Allianz,Si,2024-07-28,Perito B,Sevilla,26,35,4729,3.9
AXA,Si,2024-11-08,Perito D,Málaga,40,24,3602,1.9
AXA,No,2025-05-22,Perito D,Zaragoza,56,41,7510,5.1
Linea Directa,Si,2024-02-02,Perito A,Málaga,50,29,4071,5.7
Allianz,Si,2024-09-10,Perito A,Barcelona,42,31,6883,4.9
Mutua,Si,2024-01-23,Perito B,Barcelona,46,49,477,4.1
Mapfre,No,2024-05-09,Perito B,Madrid,41,19,432,3.7
Mapfre,No,2024-02-27,Perito D,Sevilla,58,30,1752,2.5
AXA,Si,2024-11-26,Perito A,Madrid,46,37,5890,4.2
AXA,No,2025-06-11,Perito B,Sevilla,23,23,5409,4.9
Mutua,No,2024-10-04,Perito C,Barcelona,43,47,7859,7.4
AXA,No,2024-11-04,Perito C,Barcelona,42,49,3470,5.5
Mapfre,Si,2024-12-02,Perito D,Zaragoza,38,38,2609,2.2
Allianz,No,2025-03-16,Perito A,Zaragoza,22,38,3712,4.1
Linea Directa,No,2024-12-01,Perito C,Barcelona,46,38,225,5.8
Mapfre,Si,2024-03-02,Perito A,Sevilla,22,33,7392,4.4
Mutua,No,2025-02-01,Perito B,Barcelona,47,39,5713,5.3
Allianz,Si,2025-03-06,Perito A,Madrid,36,45,6850,4.2
Allianz,No,2025-03-16,Perito D,Málaga,50,39,7668,6.8
Linea Directa,No,2024-02-02,Perito A,Zaragoza,29,41,7706,4.4
Mapfre,No,2025-02-15,Perito C,Sevilla,41,46,6610,6.2
Allianz,No,2024-11-13,Perito A,Málaga,49,25,660,4.3
Allianz,Si,2025-02-16,Perito A,Madrid,40,19,3964,4.3
AXA,No,2025-05-29,Perito A,Valencia,55,47,6799,6.0
Allianz,Si,2024-03-05,Perito B,Zaragoza,42,33,3631,3.7
Mutua,Si,2024-05-08,Perito D,Barcelona,57,30,5387,6.6
Allianz,No,2025-01-15,Perito C,Zaragoza,31,49,5302,6.5
AXA,No,2024-07-25,Perito C,Zaragoza,44,25,7206,6.1
Generali,No,2025-03-22,Perito A,Zaragoza,39,25,3683,5.0
Generali,No,2025-02-24,Perito A,Madrid,26,24,2194,5.9
Mutua,No,2024-03-19,Perito B,Valencia,48,48,690,3.5
Linea Directa,No,2024-09-15,Perito D,Sevilla,48,19,1272,3.3
Linea Directa,No,2024-07-25,Perito C,Madrid,32,37,6907,5.7
Mutua,No,2024-01-21,Perito D,Sevilla,22,39,3373,3.6
Allianz,No,2024-06-28,Perito C,Málaga,21,43,415,3.9
Allianz,Si,2024-02-08,Perito A,Málaga,35,27,7805,5.2
Generali,No,2024-03-13,Perito B,Sevilla,49,46,1923,4.1
Generali,No,2024-11-12,Perito B,Málaga,57,48,1792,3.1
Mapfre,Si,2025-06-15,Perito A,Málaga,25,26,2806,3.4
Generali,No,2024-03-28,Perito A,Barcelona,26,38,358,3.4
Generali,No,2025-05-14,Perito A,Sevilla,24,35,6832,6.6
Mutua,Si,2024-09-11,Perito D,Sevilla,26,43,4981,1.4
Mapfre,No,2024-11-13,Perito A,Valencia,53,37,3513,5.2
Linea Directa,Si,2025-05-03,Perito D,Zaragoza,51,47,3041,1.1
Mapfre,No,2025-02-18,Perito A,Barcelona,32,22,1976,4.2
Allianz,No,2024-11-30,Perito B,Madrid,49,27,2252,3.8
Allianz,No,2025-03-17,Perito D,Barcelona,44,19,7963,7.0
Mapfre,Si,2024-06-08,Perito B,Madrid,40,24,6139,3.8
Mapfre,Si,2024-05-28,Perito A,Sevilla,40,28,6704,4.5
Allianz,Si,2024-08-29,Perito A,Barcelona,47,38,6802,5.3
Mutua,Si,2025-01-27,Perito C,Valencia,39,25,2495,2.6
Mutua,No,2024-11-16,Perito D,Zaragoza,53,17,5885,5.2
Mutua,Si,2025-02-26,Perito D,Málaga,24,43,1896,2.0
Mutua,No,2025-04-25,Perito D,Madrid,37,44,3193,4.4
Allianz,No,2024-07-15,Perito D,Málaga,58,21,2669,2.5
AXA,No,2025-01-15,Perito B,Zaragoza,30,31,2146,2.8
Generali,No,2024-05-27,Perito D,Sevilla,36,34,4009,2.4
Generali,No,2024-10-28,Perito B,Sevilla,41,25,6358,4.8
Generali,Si,2025-04-03,Perito A,Sevilla,56,39,2983,5.0
Generali,No,2024-05-23,Perito B,Málaga,39,38,3844,4.5
Allianz,No,2025-02-16,Perito D,Zaragoza,25,16,5441,4.4
AXA,Si,2024-03-31,Perito B,Sevilla,53,41,6620,2.7
Allianz,No,2024-08-01,Perito D,Sevilla,33,33,5877,5.6
AXA,Si,2025-02-07,Perito B,Málaga,42,43,2700,4.5
Allianz,No,2025-02-17,Perito C,Sevilla,39,25,7757,4.7
Mapfre,Si,2024-10-24,Perito D,Zaragoza,32,33,7661,3.1
AXA,No,2024-04-14,Perito B,Madrid,51,42,3845,6.7
Generali,No,2024-10-08,Perito D,Barcelona,45,35,2845,4.8
AXA,Si,2024-08-15,Perito A,Madrid,33,40,6789,7.5
Linea Directa,No,2024-12-04,Perito B,Sevilla,55,36,6553,6.4
Mutua,No,2025-06-08,Perito B,Zaragoza,27,20,7957,3.7
AXA,Si,2025-03-04,Perito C,Zaragoza,59,25,7057,5.9
Linea Directa,Si,2024-11-08,Perito D,Sevilla,41,28,2549,2.5
Mutua,No,2024-04-11,Perito B,Sevilla,41,16,2132,3.7
Linea Directa,Si,2024-06-17,Perito C,Sevilla,35,34,3494,3.2
Mutua,No,2024-06-20,Perito C,Málaga,46,36,1957,3.6
Mapfre,Si,2024-01-10,Perito C,Zaragoza,29,18,6346,2.6
AXA,Si,2024-12-24,Perito D,Barcelona,44,43,5285,5.6
Linea Directa,Si,2025-04-28,Perito D,Málaga,50,38,5837,2.9
Mapfre,No,2024-02-10,Perito B,Málaga,40,15,1316,3.1
Generali,No,2024-11-11,Perito D,Zaragoza,46,38,2767,4.0
AXA,No,2025-04-21,Perito D,Sevilla,36,44,3699,5.5
Allianz,Si,2024-12-09,Perito A,Madrid,52,26,692,3.6
Allianz,No,2024-02-18,Perito D,Zaragoza,50,33,3506,3.9
Allianz,No,2024-06-14,Perito A,Madrid,45,18,819,6.2
Linea Directa,Si,2025-06-22,Perito B,Valencia,40,29,3432,3.7
Linea Directa,Si,2024-04-30,Perito C,Zaragoza,55,34,4023,3.8
Mutua,No,2025-06-10,Perito A,Barcelona,20,34,6674,3.8
Allianz,No,2025-04-19,Perito B,Zaragoza,23,35,2580,3.6
Generali,No,2024-12-09,Perito A,Valencia,23,24,6393,5.8
Linea Directa,No,2025-03-06,Perito D,Málaga,45,44,1746,3.2
AXA,No,2024-12-07,Perito B,Valencia,23,38,5158,5.6
Linea Directa,Si,2024-06-25,Perito C,Valencia,28,17,5987,2.8
AXA,No,2024-12-01,Perito A,Zaragoza,49,43,3763,3.7
Linea Directa,No,2024-02-06,Perito D,Valencia,23,22,1805,4.1
Mutua,No,2025-05-14,Perito B,Barcelona,24,43,3952,6.4
Mutua,Si,2024-10-29,Perito D,Zaragoza,42,24,6615,2.7
Mutua,Si,2025-03-10,Perito B,Madrid,35,19,4875,4.9
Generali,No,2024-06-03,Perito A,Madrid,41,25,2090,5.0
Linea Directa,No,2024-02-23,Perito B,Valencia,56,18,1475,2.8
AXA,No,2024-02-23,Perito A,Zaragoza,27,49,6903,4.6
Linea Directa,No,2025-05-28,Perito B,Barcelona,52,26,2943,4.1
Mapfre,Si,2025-06-06,Perito D,Madrid,57,35,6151,3.7
Mutua,No,2024-12-25,Perito D,Sevilla,35,30,7457,6.5
Allianz,No,2025-05-10,Perito A,Zaragoza,24,28,2693,4.9
Mapfre,No,2024-11-26,Perito C,Zaragoza,35,35,7360,5.7
Mapfre,Si,2024-07-04,Perito A,Madrid,26,41,5651,4.3
Mutua,Si,2024-09-03,Perito D,Madrid,20,15,5458,5.6
Allianz,Si,2025-05-14,Perito B,Barcelona,28,15,556,4.6
Mutua,Si,2024-06-19,Perito C,Barcelona,37,36,5920,5.2
Mutua,Si,2025-01-06,Perito D,Madrid,22,29,6617,4.8
Allianz,No,2024-05-22,Perito C,Sevilla,43,34,7386,5.6
Mapfre,Si,2024-07-28,Perito A,Sevilla,47,17,6302,5.3
Mapfre,No,2024-07-09,Perito D,Valencia,29,28,6654,3.3
Linea Directa,No,2024-07-13,Perito A,Valencia,28,23,1069,2.8
Allianz,No,2024-07-07,Perito D,Madrid,32,33,1085,3.1
Mapfre,Si,2024-04-05,Perito D,Madrid,54,48,2201,2.8
Generali,Si,2025-01-04,Perito A,Madrid,42,18,6497,6.0
Mutua,Si,2025-05-25,Perito D,Zaragoza,36,47,5709,4.4
Generali,No,2024-10-18,Perito C,Sevilla,26,16,1483,4.4
Generali,No,2024-01-29,Perito C,Málaga,35,41,819,1.7
Linea Directa,Si,2024-05-13,Perito A,Valencia,59,31,1082,4.8
Linea Directa,Si,2024-10-30,Perito B,Valencia,55,45,996,4.5
Linea Directa,Si,2024-07-10,Perito C,Málaga,39,20,3842,4.9
Generali,No,2024-08-24,Perito D,Madrid,43,45,6468,5.0
AXA,No,2024-04-27,Perito A,Valencia,24,17,3625,4.2
AXA,Si,2025-06-24,Perito B,Sevilla,25,17,1496,1.0
Generali,No,2024-01-24,Perito A,Málaga,47,47,4914,5.4
Mutua,No,2025-05-05,Perito C,Sevilla,24,27,6130,5.3
Generali,Si,2024-03-22,Perito D,Zaragoza,58,35,444,1.3
Generali,No,2024-07-22,Perito C,Madrid,57,30,3095,4.1
Linea Directa,No,2024-06-11,Perito A,Valencia,21,35,6793,6.0
Linea Directa,No,2025-05-15,Perito D,Sevilla,58,27,1129,2.7
Linea Directa,Si,2024-10-21,Perito B,Málaga,40,18,5566,4.2
AXA,No,2024-06-02,Perito C,Madrid,59,45,719,5.8
Generali,No,2025-01-07,Perito A,Valencia,56,23,3412,5.3
Mutua,Si,2024-12-06,Perito D,Valencia,37,47,2609,2.6
Mutua,Si,2025-04-10,Perito A,Madrid,31,38,207,3.8
Linea Directa,No,2025-02-17,Perito B,Madrid,36,39,2725,3.9
Linea Directa,No,2025-04-26,Perito B,Madrid,56,43,3623,5.2
Generali,No,2024-08-12,Perito C,Zaragoza,57,29,2219,4.1
Mutua,Si,2024-12-19,Perito B,Sevilla,34,32,4790,4.5
Generali,Si,2024-12-19,Perito B,Barcelona,26,34,5925,5.6
AXA,No,2024-08-31,Perito C,Zaragoza,33,19,7176,5.1
Generali,Si,2024-05-05,Perito A,Valencia,20,32,7794,6.5
Linea Directa,Si,2025-05-29,Perito C,Sevilla,57,15,5358,1.8
Mapfre,Si,2025-06-08,Perito C,Málaga,22,33,6936,4.9
AXA,Si,2024-06-14,Perito D,Valencia,56,37,4482,2.0
Mutua,Si,2024-01-18,Perito B,Zaragoza,50,40,3867,4.8
Mutua,Si,2024-07-26,Perito B,Barcelona,32,43,3871,5.3
Linea Directa,No,2024-01-31,Perito A,Málaga,37,48,3001,3.0
Linea Directa,No,2025-04-29,Perito B,Valencia,36,33,6173,4.1
AXA,No,2025-04-21,Perito A,Barcelona,36,32,6436,4.9
Linea Directa,Si,2024-04-08,Perito D,Madrid,30,16,285,3.4
Mapfre,No,2024-05-31,Perito A,Barcelona,39,41,3315,6.1
AXA,No,2025-06-20,Perito A,Valencia,29,20,4432,5.9
Linea Directa,Si,2024-10-02,Perito D,Barcelona,48,20,2668,1.0
Allianz,No,2024-05-21,Perito C,Zaragoza,53,20,6417,4.3
Mapfre,No,2025-05-20,Perito D,Valencia,36,45,3819,4.5
AXA,No,2025-05-05,Perito B,Valencia,32,44,1836,4.9
Allianz,No,2024-08-24,Perito B,Barcelona,58,35,3783,4.9
Generali,Si,2025-06-01,Perito D,Barcelona,46,32,7523,5.3
Mapfre,No,2025-01-29,Perito A,Zaragoza,45,37,4209,5.7
Generali,Si,2025-06-13,Perito D,Málaga,47,37,3526,4.2
Allianz,Si,2024-04-26,Perito B,Málaga,32,42,2418,1.3
Mutua,No,2024-06-29,Perito D,Sevilla,31,39,6047,4.3
Mutua,Si,2025-02-12,Perito A,Valencia,47,21,2417,1.8
Linea Directa,Si,2024-07-28,Perito B,Málaga,21,32,6083,4.5
Mutua,Si,2024-03-07,Perito C,Sevilla,56,34,5167,2.3
Generali,Si,2024-06-19,Perito D,Zaragoza,53,19,2569,2.4
Mapfre,No,2025-04-01,Perito D,Valencia,42,32,3838,3.9
Generali,No,2024-11-13,Perito D,Zaragoza,48,47,2703,2.6
Generali,Si,2024-12-14,Perito D,Sevilla,54,29,1143,2.9
Mutua,Si,2025-03-31,Perito B,Málaga,30,49,5922,4.2
Generali,Si,2024-10-20,Perito A,Sevilla,52,15,3037,3.6
Allianz,Si,2024-09-17,Perito C,Barcelona,30,35,2860,3.3
AXA,No,2025-06-15,Perito D,Zaragoza,28,22,7522,4.8
AXA,Si,2025-04-21,Perito B,Sevilla,33,21,3136,2.1
AXA,No,2025-03-03,Perito D,Zaragoza,28,44,4644,3.7
Linea Directa,Si,2024-07-26,Perito C,Madrid,58,49,7818,5.6
Mutua,Si,2024-10-30,Perito D,Madrid,22,16,4147,6.5
Mutua,Si,2024-05-06,Perito A,Sevilla,48,22,1876,3.0
AXA,No,2025-04-14,Perito D,Madrid,38,18,1396,3.3
Mapfre,No,2024-04-28,Perito D,Sevilla,55,35,4305,2.6
Linea Directa,No,2025-04-18,Perito D,Zaragoza,51,27,2987,4.1
AXA,Si,2024-05-17,Perito A,Sevilla,26,23,7632,4.0
Generali,No,2024-05-12,Perito B,Sevilla,47,43,1661,3.9
AXA,Si,2025-01-09,Perito A,Madrid,37,38,3518,6.1
AXA,Si,2025-05-12,Perito B,Valencia,24,30,866,3.0
Mapfre,No,2024-02-28,Perito A,Sevilla,42,26,6889,4.9
Mutua,Si,2024-08-01,Perito A,Sevilla,41,16,5818,4.7
Mutua,No,2025-01-31,Perito D,Barcelona,45,33,2376,5.6
Generali,Si,2024-03-19,Perito A,Barcelona,31,44,3943,5.2
AXA,Si,2024-08-23,Perito B,Málaga,59,30,800,2.1
Allianz,Si,2024-07-08,Perito B,Madrid,38,38,2852,4.8
Generali,Si,2024-01-11,Perito B,Valencia,20,27,4622,4.0
Mutua,Si,2025-02-06,Perito B,Sevilla,22,19,4024,3.5
Mapfre,No,2024-02-20,Perito A,Sevilla,46,37,4106,5.5
Mutua,Si,2024-06-15,Perito D,Madrid,37,45,1179,3.2
Mutua,Si,2025-05-29,Perito C,Málaga,49,31,2651,2.4
Mapfre,No,2025-03-25,Perito B,Málaga,21,17,828,3.5
AXA,No,2024-12-04,Perito A,Barcelona,24,40,1829,4.9
AXA,Si,2024-12-29,Perito D,Madrid,48,27,7978,6.3
Mutua,No,2024-05-11,Perito A,Málaga,52,36,3896,4.5
Generali,Si,2024-08-28,Perito B,Málaga,39,35,3630,2.9
Allianz,No,2024-02-06,Perito B,Valencia,49,43,3874,5.1
Generali,No,2025-03-24,Perito D,Barcelona,24,19,4129,4.6
Linea Directa,Si,2024-02-24,Perito A,Barcelona,40,28,2965,4.6
Generali,No,2024-09-07,Perito B,Barcelona,34,32,7384,6.1
Mutua,Si,2025-03-07,Perito B,Zaragoza,39,18,4569,2.7
Mutua,Si,2024-09-22,Perito C,Málaga,27,47,4980,3.4
Allianz,Si,2024-09-08,Perito C,Sevilla,50,34,315,1.5
Allianz,No,2024-11-13,Perito B,Zaragoza,31,27,5156,7.5
Allianz,Si,2024-03-12,Perito C,Málaga,40,18,2203,2.5
Mutua,No,2024-03-03,Perito C,Málaga,49,49,892,2.8
Mutua,Si,2024-04-13,Perito B,Madrid,46,22,3362,5.0
Generali,No,2024-04-19,Perito A,Barcelona,45,20,1305,5.7
Mutua,No,2025-05-10,Perito A,Barcelona,52,36,6667,5.8
Linea Directa,No,2024-04-27,Perito A,Valencia,45,20,3208,4.8
AXA,No,2024-01-10,Perito D,Barcelona,45,23,2361,4.0
AXA,Si,2025-01-15,Perito A,Málaga,55,30,6088,4.8
Allianz,Si,2025-05-27,Perito D,Madrid,59,47,7425,4.7
Mutua,Si,2024-07-01,Perito D,Valencia,20,32,353,1.0
Linea Directa,Si,2024-05-25,Perito C,Málaga,34,26,6196,4.6
AXA,No,2025-02-20,Perito D,Málaga,20,41,5723,4.9
Generali,Si,2024-01-08,Perito D,Zaragoza,30,15,3899,1.6
Mapfre,No,2024-12-26,Perito D,Valencia,21,29,5585,5.4
Generali,No,2024-04-13,Perito D,Zaragoza,20,41,4610,5.0
Mapfre,Si,2024-06-06,Perito C,Málaga,50,30,3986,4.5
Linea Directa,Si,2024-01-27,Perito B,Málaga,35,35,1264,1.0
Generali,Si,2024-10-22,Perito D,Zaragoza,41,15,4400,3.8
AXA,Si,2025-01-06,Perito B,Madrid,37,43,6220,4.2
Mutua,Si,2024-06-26,Perito A,Madrid,36,17,2113,3.0
Mapfre,No,2024-10-01,Perito A,Zaragoza,49,26,1416,3.5
Mutua,Si,2025-03-23,Perito B,Madrid,29,42,5720,4.7
Linea Directa,Si,2025-02-06,Perito B,Barcelona,54,45,7645,5.0
Mutua,Si,2025-05-07,Perito A,Valencia,40,45,2601,4.6
AXA,No,2025-03-11,Perito C,Madrid,35,47,7359,5.4
Linea Directa,Si,2024-12-07,Perito C,Málaga,25,47,1972,3.6
Allianz,No,2025-01-03,Perito D,Barcelona,22,25,2160,3.8
Allianz,No,2024-06-25,Perito C,Valencia,40,43,2980,4.1
Mapfre,No,2025-03-09,Perito C,Madrid,32,39,5899,5.7
AXA,Si,2024-12-29,Perito D,Madrid,37,27,5004,3.4
Mutua,No,2025-03-29,Perito D,Valencia,43,33,7623,4.2
Generali,No,2024-08-19,Perito C,Madrid,46,42,4946,4.3
Generali,No,2025-03-13,Perito B,Zaragoza,23,18,3071,2.6
Linea Directa,Si,2024-09-05,Perito D,Valencia,41,17,5242,3.1
Mapfre,No,2025-04-10,Perito B,Valencia,43,39,860,4.7
Mapfre,Si,2024-08-13,Perito A,Málaga,59,49,6442,3.5
Mapfre,No,2025-04-15,Perito D,Valencia,29,43,2835,3.6
AXA,No,2024-02-20,Perito B,Sevilla,21,43,2529,3.7
Generali,Si,2025-02-03,Perito D,Madrid,59,26,4154,5.2
Linea Directa,No,2025-06-06,Perito D,Málaga,25,49,2650,3.9
AXA,No,2025-05-11,Perito D,Barcelona,37,34,1332,3.3
Linea Directa,No,2025-02-25,Perito D,Sevilla,36,31,899,1.6
AXA,Si,2024-05-19,Perito B,Valencia,57,26,6542,2.3
Mutua,Si,2024-06-03,Perito B,Barcelona,42,24,7670,4.8
AXA,Si,2024-07-04,Perito B,Barcelona,49,32,2238,5.9
AXA,No,2025-01-17,Perito A,Barcelona,40,44,6670,6.1
Mutua,No,2024-11-20,Perito D,Barcelona,29,22,6497,3.8
Allianz,No,2024-04-30,Perito D,Málaga,32,27,4847,2.5
Mutua,Si,2024-12-06,Perito B,Málaga,31,45,4700,5.2
Mapfre,Si,2025-01-30,Perito B,Barcelona,28,20,4757,4.1
Allianz,Si,2024-05-20,Perito D,Sevilla,23,21,2379,2.7
Generali,No,2025-01-10,Perito D,Madrid,58,35,3038,4.8
Linea Directa,Si,2024-07-01,Perito A,Zaragoza,43,42,1073,2.2
AXA,Si,2025-01-20,Perito D,Madrid,53,35,283,2.1
Allianz,No,2025-02-09,Perito B,Málaga,58,35,1622,2.6
Generali,Si,2025-03-23,Perito A,Sevilla,24,38,7097,3.0
Mutua,No,2024-09-26,Perito C,Sevilla,34,41,2875,5.0
Mutua,No,2025-06-09,Perito C,Valencia,23,41,3380,4.9
Mapfre,Si,2024-09-26,Perito D,Málaga,58,27,4516,3.0
Mapfre,Si,2024-12-08,Perito B,Sevilla,27,43,4175,3.5
Allianz,No,2024-07-27,Perito D,Sevilla,43,42,6896,5.8
Linea Directa,Si,2024-05-05,Perito B,Madrid,47,43,1591,1.2
AXA,No,2025-01-02,Perito B,Sevilla,46,36,3418,4.7
Mutua,Si,2024-07-22,Perito B,Sevilla,20,44,4407,4.5
Allianz,Si,2024-11-07,Perito C,Barcelona,53,42,814,5.2
Allianz,No,2025-06-10,Perito D,Madrid,36,37,5877,6.4
Linea Directa,No,2025-03-18,Perito D,Madrid,56,47,3171,6.2
Allianz,Si,2024-10-26,Perito C,Barcelona,57,18,3765,4.0
Mapfre,Si,2024-05-14,Perito B,Madrid,45,17,3776,4.3
Linea Directa,No,2025-02-05,Perito A,Valencia,43,46,4770,4.3
Mutua,Si,2025-04-18,Perito A,Zaragoza,58,18,7179,4.3
Mapfre,Si,2024-05-22,Perito C,Valencia,40,15,6209,5.0
Mapfre,Si,2025-03-15,Perito A,Málaga,49,26,470,3.1
Linea Directa,No,2024-11-21,Perito B,Zaragoza,32,27,4266,4.9
Linea Directa,Si,2025-02-16,Perito B,Madrid,56,48,2668,2.4
Allianz,Si,2025-05-06,Perito D,Madrid,22,43,6216,5.1
Generali,Si,2024-12-30,Perito B,Valencia,51,23,7050,5.7
Generali,No,2025-02-17,Perito B,Málaga,54,45,1590,4.0
Generali,No,2025-02-04,Perito B,Málaga,38,21,7647,4.6
Allianz,Si,2025-04-17,Perito A,Valencia,33,27,3554,3.6
AXA,No,2024-12-20,Perito A,Valencia,41,16,4335,6.4
Mutua,No,2024-01-02,Perito C,Zaragoza,36,47,6278,5.4
Allianz,Si,2024-03-24,Perito C,Barcelona,23,21,6532,6.4
Allianz,Si,2024-07-10,Perito A,Málaga,59,32,7531,6.9
Mapfre,No,2024-01-14,Perito D,Málaga,38,22,5289,4.1
Generali,Si,2024-12-25,Perito D,Barcelona,56,26,6308,3.5
Linea Directa,Si,2025-03-09,Perito A,Valencia,21,44,3807,3.3
Allianz,Si,2024-10-17,Perito C,Barcelona,34,23,2783,5.9
AXA,Si,2024-09-18,Perito D,Barcelona,21,42,4273,4.8
Mutua,No,2025-02-25,Perito B,Sevilla,30,18,3275,4.3
AXA,No,2025-01-29,Perito D,Málaga,42,31,4106,5.0
Allianz,Si,2024-01-10,Perito D,Valencia,29,25,489,1.2
Allianz,Si,2024-11-28,Perito D,Sevilla,22,16,2680,2.1
Mapfre,No,2024-05-15,Perito C,Zaragoza,24,37,6814,4.6
AXA,Si,2025-05-03,Perito C,Sevilla,22,36,3452,5.3
Mapfre,Si,2024-07-25,Perito A,Sevilla,57,40,7615,5.2
Linea Directa,Si,2024-04-30,Perito D,Valencia,32,26,6971,3.7
AXA,No,2024-03-11,Perito C,Barcelona,38,46,478,4.4
Generali,Si,2025-05-28,Perito C,Valencia,59,23,3124,3.0
Linea Directa,Si,2025-06-10,Perito A,Málaga,54,19,780,1.9
Generali,Si,2024-08-09,Perito B,Zaragoza,43,40,5158,4.8
AXA,Si,2025-03-11,Perito B,Zaragoza,43,21,453,1.0
Mapfre,Si,2024-03-27,Perito D,Zaragoza,36,43,4476,3.2
Generali,No,2024-04-24,Perito B,Málaga,59,47,4976,5.3
Allianz,Si,2025-05-24,Perito A,Barcelona,29,38,1024,2.3
Mutua,No,2025-03-06,Perito C,Valencia,21,39,7876,6.1
Mapfre,No,2025-03-07,Perito B,Barcelona,42,45,4032,4.9
Linea Directa,Si,2025-03-14,Perito D,Barcelona,25,43,899,1.2
Linea Directa,Si,2024-10-31,Perito D,Valencia,21,19,6909,4.0
AXA,Si,2024-03-31,Perito C,Málaga,40,25,5645,4.8
Linea Directa,Si,2024-09-08,Perito D,Valencia,54,46,1580,5.1
Mutua,Si,2024-09-27,Perito A,Zaragoza,48,22,4096,3.5
Mutua,Si,2024-09-11,Perito B,Málaga,26,34,1873,3.1
Allianz,Si,2024-01-10,Perito D,Madrid,48,48,2927,4.4
Linea Directa,Si,2025-04-02,Perito B,Madrid,56,22,6734,5.4
Mapfre,Si,2024-10-04,Perito C,Madrid,42,16,5934,5.7
Mutua,Si,2024-02-15,Perito B,Zaragoza,52,35,6253,3.7
Mapfre,No,2024-01-05,Perito A,Sevilla,27,29,3356,4.4
Allianz,Si,2024-08-14,Perito C,Málaga,31,20,3588,1.9
AXA,Si,2024-08-27,Perito D,Málaga,29,19,4507,2.6
Mutua,Si,2025-02-12,Perito C,Valencia,34,17,5834,2.3
Mutua,No,2024-09-06,Perito B,Málaga,43,30,583,1.6
Mutua,No,2025-02-07,Perito B,Valencia,45,49,6010,5.9
Linea Directa,No,2024-10-25,Perito B,Sevilla,58,23,541,1.9
Mapfre,Si,2025-04-14,Perito B,Valencia,22,49,6134,5.0
Mutua,No,2025-04-08,Perito C,Madrid,21,33,2187,4.6
Mapfre,Si,2024-09-03,Perito C,Valencia,25,48,4259,3.3
Linea Directa,Si,2024-12-30,Perito B,Valencia,40,24,5139,3.0
Generali,No,2024-06-21,Perito D,Valencia,28,24,3309,3.6
Generali,Si,2025-05-14,Perito C,Málaga,29,34,4282,5.0
Mapfre,No,2024-01-17,Perito A,Barcelona,55,15,5830,5.7
Linea Directa,No,2024-10-09,Perito C,Barcelona,22,20,4715,5.2
Generali,No,2025-02-07,Perito A,Zaragoza,43,16,2998,5.3
Allianz,Si,2025-05-18,Perito D,Barcelona,41,47,3440,2.5
Allianz,Si,2025-04-02,Perito A,Zaragoza,33,17,2188,2.0
Generali,Si,2024-09-12,Perito A,Málaga,46,27,6228,4.5
AXA,Si,2025-05-22,Perito D,Madrid,52,49,3614,4.9
Mapfre,No,2025-02-12,Perito B,Barcelona,41,29,2049,4.6
Generali,Si,2024-05-06,Perito C,Barcelona,48,36,505,2.9
Mapfre,No,2025-01-19,Perito D,Sevilla,38,18,3813,3.7
Linea Directa,Si,2024-09-15,Perito A,Zaragoza,38,31,2949,3.4
Generali,No,2025-02-13,Perito B,Zaragoza,25,19,5164,4.1
Allianz,No,2025-06-21,Perito C,Sevilla,38,35,6880,6.2
Linea Directa,Si,2024-11-15,Perito D,Madrid,32,38,1335,3.2
AXA,No,2024-11-22,Perito C,Valencia,45,45,5730,4.4
Mapfre,Si,2024-02-25,Perito B,Valencia,41,44,405,2.2
AXA,Si,2025-05-04,Perito C,Sevilla,40,21,7552,4.2
Allianz,No,2024-11-29,Perito B,Sevilla,55,21,7749,4.2
Mutua,Si,2024-11-03,Perito D,Madrid,21,41,4791,6.3
Mutua,No,2024-06-05,Perito B,Madrid,49,38,3650,5.3
Mapfre,Si,2025-03-26,Perito D,Málaga,46,33,7414,3.0
Linea Directa,No,2025-06-22,Perito B,Valencia,26,48,6205,3.9
Allianz,No,2024-11-19,Perito C,Málaga,39,36,4011,2.9
Mapfre,Si,2024-08-23,Perito B,Barcelona,50,41,3822,3.5
Linea Directa,Si,2024-05-02,Perito B,Zaragoza,42,20,3799,2.1
Mapfre,No,2025-04-10,Perito C,Zaragoza,32,24,2751,3.7
Mapfre,Si,2024-01-04,Perito A,Madrid,36,45,5341,6.9
AXA,No,2024-02-24,Perito B,Valencia,23,39,4508,3.8
Generali,Si,2024-02-17,Perito D,Valencia,33,16,509,4.9
Allianz,No,2024-09-25,Perito B,Málaga,39,24,2908,4.6
AXA,Si,2024-05-21,Perito A,Sevilla,32,24,2191,5.4
Linea Directa,No,2025-05-31,Perito D,Sevilla,22,40,7096,3.6
Generali,Si,2024-01-19,Perito C,Madrid,45,19,471,2.5
Mapfre,Si,2024-08-21,Perito C,Zaragoza,45,36,3842,2.6
Mutua,No,2024-03-26,Perito C,Sevilla,37,18,4286,4.4
AXA,No,2024-03-26,Perito D,Barcelona,51,48,2022,4.9
Allianz,No,2025-04-08,Perito B,Valencia,33,21,7281,3.9
Allianz,No,2025-03-24,Perito D,Sevilla,22,31,3473,4.5
Generali,No,2025-04-09,Perito D,Madrid,20,25,6375,4.9
AXA,No,2024-12-01,Perito A,Barcelona,45,22,4738,7.9
Mapfre,Si,2025-02-17,Perito D,Zaragoza,43,42,6505,4.0
Generali,Si,2024-10-11,Perito C,Zaragoza,54,47,7110,5.6
Linea Directa,No,2024-10-13,Perito D,Málaga,33,39,4549,3.6
Allianz,Si,2024-02-28,Perito A,Málaga,22,35,720,3.3
Linea Directa,No,2024-02-07,Perito D,Barcelona,32,26,1176,3.4
AXA,Si,2024-11-17,Perito D,Madrid,33,40,3922,4.4
Mutua,No,2024-05-29,Perito C,Málaga,40,43,3751,4.5
Linea Directa,No,2024-01-13,Perito D,Valencia,45,49,4305,5.5
Mapfre,Si,2025-01-09,Perito B,Zaragoza,22,43,2973,3.9
Allianz,No,2025-01-19,Perito C,Zaragoza,59,38,2752,4.4
AXA,Si,2024-05-09,Perito A,Valencia,23,29,3032,3.7
Mutua,Si,2024-04-30,Perito A,Zaragoza,55,20,4107,3.9
Allianz,Si,2024-06-14,Perito A,Zaragoza,20,46,5879,3.0
Mutua,Si,2024-04-03,Perito D,Zaragoza,59,48,6779,2.6
Allianz,Si,2025-02-17,Perito B,Madrid,52,34,5430,3.9
Generali,Si,2024-10-23,Perito C,Madrid,26,26,352,4.8
Generali,Si,2024-06-18,Perito B,Valencia,30,49,5954,3.5
Generali,Si,2024-04-02,Perito B,Madrid,46,31,3164,3.6
AXA,Si,2025-04-13,Perito A,Barcelona,33,41,3116,5.1
Generali,Si,2025-03-15,Perito A,Madrid,41,31,7469,5.1
AXA,No,2024-03-07,Perito B,Zaragoza,35,25,3000,5.4
Mapfre,Si,2024-09-29,Perito B,Valencia,31,16,6152,1.5
Generali,Si,2025-03-31,Perito C,Sevilla,29,16,5510,5.1
AXA,No,2024-05-22,Perito A,Madrid,43,43,1952,7.0
Allianz,No,2024-11-29,Perito A,Málaga,37,38,2810,4.8
AXA,No,2024-06-13,Perito D,Barcelona,41,38,4075,4.2
Linea Directa,No,2025-03-11,Perito A,Barcelona,28,30,1304,5.9
AXA,Si,2024-07-14,Perito C,Barcelona,36,45,2736,3.2
Linea Directa,Si,2024-12-10,Perito D,Málaga,57,23,5190,5.3
Allianz,Si,2024-04-10,Perito C,Málaga,59,41,5407,4.4
AXA,No,2024-08-25,Perito A,Barcelona,32,28,7561,6.1
Allianz,No,2024-02-26,Perito A,Barcelona,56,39,4399,6.8
Linea Directa,Si,2024-07-22,Perito B,Barcelona,25,36,4054,3.3
Mutua,No,2024-06-02,Perito B,Madrid,40,49,7463,5.7
Generali,Si,2025-03-25,Perito C,Zaragoza,55,47,3694,4.0
Linea Directa,No,2024-06-24,Perito D,Málaga,26,41,2114,2.5
Mapfre,No,2024-02-01,Perito A,Valencia,55,40,7565,6.1
AXA,Si,2024-12-31,Perito B,Zaragoza,44,33,3272,3.7
Allianz,Si,2024-04-26,Perito B,Madrid,30,40,1206,2.7
Generali,Si,2024-10-24,Perito A,Valencia,33,20,606,2.2
AXA,No,2025-05-23,Perito A,Madrid,48,17,5697,8.1
Generali,No,2024-06-14,Perito D,Madrid,29,20,366,4.3
Mutua,Si,2024-06-21,Perito B,Valencia,24,42,708,2.2
AXA,Si,2025-03-12,Perito D,Barcelona,27,17,1861,3.0
Allianz,Si,2024-07-01,Perito D,Zaragoza,24,27,6656,2.5
Mutua,No,2024-06-27,Perito A,Valencia,43,27,3864,5.3
AXA,No,2024-10-03,Perito D,Sevilla,59,27,3689,3.8
Generali,Si,2024-06-06,Perito A,Málaga,45,15,5058,5.1
Mutua,Si,2024-02-04,Perito C,Sevilla,25,45,880,1.0
Allianz,Si,2025-02-05,Perito D,Zaragoza,35,31,2724,2.2
AXA,No,2025-05-24,Perito B,Madrid,55,23,2320,4.7
Generali,No,2025-01-02,Perito B,Valencia,31,27,5460,5.2
Generali,Si,2024-12-08,Perito C,Barcelona,30,28,4877,4.9
Linea Directa,No,2025-03-25,Perito C,Zaragoza,22,25,4557,5.0
Mutua,Si,2025-04-17,Perito D,Barcelona,56,39,1563,2.8
AXA,Si,2024-03-05,Perito B,Sevilla,25,45,1531,1.3
Linea Directa,Si,2024-02-06,Perito B,Sevilla,38,28,2492,1.4
Generali,No,2024-11-13,Perito A,Madrid,37,21,1738,5.0
Mutua,Si,2024-12-19,Perito A,Málaga,35,38,3608,6.7
Mapfre,Si,2024-02-26,Perito B,Madrid,42,17,7942,6.2
Generali,No,2024-06-21,Perito A,Zaragoza,56,40,760,6.3
Mutua,Si,2025-04-20,Perito A,Barcelona,28,40,1299,4.6
Mapfre,Si,2025-04-15,Perito A,Zaragoza,22,15,2103,2.1
Mutua,Si,2024-12-09,Perito C,Valencia,27,29,374,2.0
Generali,Si,2024-10-28,Perito B,Sevilla,57,25,2356,5.3
Mapfre,No,2024-07-17,Perito B,Barcelona,23,21,2430,5.6
Mutua,No,2025-06-20,Perito B,Madrid,31,26,4487,6.2
AXA,Si,2025-03-17,Perito A,Málaga,50,17,4360,3.3
Mapfre,No,2024-02-19,Perito D,Valencia,44,40,4120,3.9
Mutua,No,2024-01-20,Perito D,Málaga,35,44,7306,3.9
AXA,No,2025-06-20,Perito A,Madrid,33,46,1697,4.6
Mapfre,No,2024-02-02,Perito C,Madrid,32,32,4054,5.5
Mutua,No,2025-02-06,Perito C,Barcelona,26,15,3371,4.5
Generali,No,2025-01-08,Perito B,Valencia,31,35,1767,4.5
Mapfre,No,2024-03-21,Perito D,Zaragoza,56,42,7207,4.3
Mapfre,No,2024-10-08,Perito C,Madrid,23,30,1351,4.8
AXA,Si,2024-08-16,Perito D,Barcelona,21,42,7819,6.1
Linea Directa,Si,2024-08-06,Perito D,Madrid,54,36,6233,6.7
Linea Directa,Si,2025-05-09,Perito C,Barcelona,22,33,568,3.6
Mutua,Si,2025-01-19,Perito A,Málaga,23,15,5146,3.2
Generali,Si,2024-04-20,Perito B,Barcelona,57,45,242,3.1
AXA,Si,2024-07-16,Perito B,Zaragoza,31,48,2107,4.7
Mapfre,Si,2024-09-25,Perito C,Málaga,38,20,3690,4.2
Linea Directa,Si,2024-11-29,Perito A,Sevilla,29,42,2735,3.6
AXA,No,2024-09-12,Perito C,Madrid,20,17,4373,6.0
AXA,Si,2024-01-21,Perito C,Sevilla,36,45,3073,3.3
AXA,Si,2025-01-04,Perito D,Valencia,35,30,2024,1.0
Mapfre,No,2024-02-07,Perito D,Sevilla,28,31,1493,3.2
Allianz,No,2024-02-23,Perito B,Barcelona,28,41,4969,5.0
AXA,Si,2025-02-16,Perito D,Barcelona,28,38,4996,3.6
Allianz,Si,2025-05-22,Perito D,Valencia,31,34,5054,2.9
Linea Directa,Si,2024-12-23,Perito A,Valencia,34,46,6219,2.5
Generali,No,2024-11-10,Perito C,Madrid,21,49,7071,6.2
Linea Directa,Si,2024-12-22,Perito C,Barcelona,30,27,3586,2.5
Generali,No,2024-03-11,Perito A,Valencia,30,34,3172,5.4
Generali,Si,2024-01-13,Perito D,Zaragoza,27,16,4122,1.0
Linea Directa,No,2024-04-03,Perito D,Sevilla,51,18,5197,2.5
Mutua,No,2025-02-15,Perito C,Barcelona,25,41,7232,4.5
Mapfre,No,2024-09-21,Perito B,Zaragoza,39,39,1192,3.7
Allianz,Si,2024-02-08,Perito C,Valencia,58,18,5487,3.8
Mutua,Si,2024-01-10,Perito B,Madrid,54,46,2586,5.6
Allianz,No,2024-10-19,Perito D,Zaragoza,27,31,2440,3.7
Mapfre,No,2024-01-20,Perito B,Málaga,53,15,1676,1.8
AXA,No,2024-10-04,Perito B,Barcelona,38,47,6626,5.4
Linea Directa,Si,2025-05-03,Perito B,Barcelona,26,44,3607,4.4
Mutua,No,2024-07-13,Perito B,Barcelona,50,19,589,4.5
Mapfre,Si,2024-10-05,Perito B,Barcelona,37,26,1199,1.6
Linea Directa,Si,2025-04-14,Perito C,Málaga,59,46,4820,4.5
Mutua,No,2024-01-08,Perito A,Málaga,33,31,7607,5.2
Generali,No,2025-03-17,Perito D,Zaragoza,58,46,2055,2.3
Mutua,Si,2025-03-21,Perito C,Zaragoza,55,38,5802,5.0
AXA,Si,2025-01-22,Perito A,Madrid,36,26,858,3.8
AXA,Si,2024-10-15,Perito C,Barcelona,56,45,2963,4.3
Allianz,No,2024-09-05,Perito A,Valencia,28,33,3863,5.3
Mutua,Si,2025-01-24,Perito C,Sevilla,39,43,5186,2.2
Generali,Si,2025-01-31,Perito D,Barcelona,47,35,7922,5.4
AXA,No,2025-04-15,Perito D,Zaragoza,39,40,1681,5.0
Allianz,Si,2025-05-02,Perito B,Málaga,55,42,7456,4.3
Generali,No,2024-03-17,Perito A,Madrid,46,31,3931,6.2
Generali,No,2024-03-20,Perito C,Barcelona,27,23,7462,9.0
Generali,No,2024-12-12,Perito B,Madrid,51,35,651,5.8
Mapfre,No,2024-02-18,Perito C,Valencia,20,48,2675,3.5
AXA,No,2025-02-10,Perito D,Valencia,36,25,3422,4.1
Mapfre,No,2024-03-12,Perito D,Valencia,28,34,1737,3.8
Mapfre,No,2024-11-04,Perito A,Valencia,39,30,7743,8.2
AXA,No,2025-04-28,Perito C,Sevilla,51,43,3293,3.2
Mutua,No,2024-08-13,Perito C,Madrid,21,15,1082,7.4
Linea Directa,Si,2024-02-03,Perito B,Barcelona,51,32,4608,4.8
Allianz,No,2025-04-27,Perito D,Sevilla,28,36,4268,3.6
Linea Directa,Si,2024-08-11,Perito B,Barcelona,49,22,5135,5.3
Linea Directa,Si,2025-03-08,Perito B,Málaga,39,21,2766,2.6
Linea Directa,No,2024-03-09,Perito A,Zaragoza,57,39,3477,4.3
Linea Directa,No,2024-11-22,Perito B,Sevilla,20,44,574,2.6
AXA,No,2024-02-01,Perito A,Zaragoza,24,48,4746,4.5
Linea Directa,Si,2024-01-20,Perito D,Sevilla,54,25,3897,1.1
Allianz,No,2024-10-18,Perito B,Zaragoza,55,29,3262,2.5
Mutua,Si,2024-12-15,Perito B,Zaragoza,20,49,4890,2.8
AXA,Si,2024-04-13,Perito B,Málaga,33,37,3450,3.4
Linea Directa,Si,2024-11-02,Perito B,Zaragoza,28,35,5529,3.1
Generali,No,2024-01-18,Perito D,Sevilla,49,42,4795,6.2
AXA,No,2024-07-13,Perito A,Zaragoza,43,27,4759,5.7
Mutua,Si,2024-02-29,Perito D,Madrid,23,48,7491,4.3
Linea Directa,Si,2024-04-10,Perito A,Zaragoza,33,20,312,4.4
Mapfre,Si,2025-02-16,Perito A,Valencia,44,18,5331,4.1
AXA,Si,2024-06-17,Perito B,Zaragoza,23,19,3397,2.9
Generali,No,2024-03-10,Perito B,Barcelona,44,20,7932,7.3
AXA,No,2024-02-13,Perito B,Málaga,29,35,2578,3.8
Mapfre,Si,2024-07-20,Perito A,Valencia,54,42,2124,3.3
AXA,Si,2025-02-15,Perito C,Sevilla,26,17,7650,5.2
Generali,Si,2024-05-19,Perito C,Madrid,32,37,339,2.0
Mutua,No,2025-02-07,Perito C,Zaragoza,23,22,1624,3.4
Generali,No,2024-11-01,Perito D,Zaragoza,55,33,3149,2.6
Mutua,Si,2024-07-21,Perito A,Sevilla,33,25,3368,4.0
Generali,No,2024-11-01,Perito C,Málaga,37,24,716,1.8
Allianz,No,2025-05-24,Perito A,Sevilla,27,42,2816,6.0
AXA,Si,2024-07-14,Perito A,Madrid,51,34,6243,5.0
AXA,No,2024-02-07,Perito D,Zaragoza,46,42,7189,4.6
Mapfre,No,2025-05-13,Perito B,Sevilla,56,43,7436,5.4
Allianz,No,2024-07-26,Perito B,Sevilla,42,22,6461,4.2
Mapfre,No,2024-08-04,Perito D,Zaragoza,26,33,1087,3.1
AXA,No,2024-03-25,Perito D,Sevilla,31,35,7426,6.1
Mapfre,No,2024-02-25,Perito A,Zaragoza,44,32,3304,4.3
Mutua,Si,2024-01-10,Perito C,Sevilla,22,23,5637,3.5
Allianz,Si,2025-01-24,Perito A,Madrid,45,18,249,4.2
Generali,Si,2024-02-08,Perito A,Barcelona,23,39,4151,5.5
Mutua,No,2024-06-14,Perito C,Valencia,55,48,3760,4.4
Linea Directa,No,2025-05-11,Perito B,Málaga,34,23,218,4.3
Generali,No,2024-08-05,Perito A,Barcelona,51,23,5021,6.6
Mapfre,Si,2024-05-17,Perito B,Madrid,48,32,6540,7.0
AXA,Si,2025-01-28,Perito B,Málaga,29,25,1673,2.3
Mutua,No,2024-04-20,Perito B,Málaga,40,27,4261,3.3
Allianz,No,2024-10-21,Perito A,Zaragoza,35,23,2806,5.8
Generali,No,2025-04-03,Perito C,Zaragoza,38,30,651,1.5
Linea Directa,No,2025-05-10,Perito C,Sevilla,48,18,6632,4.4
Mutua,No,2025-04-28,Perito B,Valencia,37,48,5460,3.8
AXA,Si,2024-06-27,Perito B,Zaragoza,35,21,5403,3.9
Allianz,Si,2024-07-01,Perito C,Valencia,20,29,3965,3.2
Allianz,No,2025-03-23,Perito D,Madrid,21,25,2638,5.6
Generali,Si,2024-03-05,Perito D,Zaragoza,34,46,7958,4.2
Mutua,No,2025-02-24,Perito B,Barcelona,58,41,4510,4.9
Mutua,Si,2024-09-08,Perito C,Sevilla,47,44,1749,2.3
Allianz,No,2024-11-15,Perito D,Valencia,20,31,6558,3.7
Mapfre,No,2024-01-05,Perito C,Sevilla,24,33,3674,4.9
Allianz,No,2024-06-16,Perito A,Barcelona,41,21,327,6.1
AXA,No,2024-12-06,Perito B,Málaga,55,35,6141,5.3
Mutua,Si,2025-02-06,Perito D,Barcelona,32,42,7844,5.1
Generali,No,2024-05-28,Perito B,Málaga,20,17,5055,5.2
Mutua,No,2024-11-27,Perito A,Barcelona,35,28,6747,6.3
Allianz,No,2024-04-02,Perito C,Sevilla,41,16,7396,5.3
AXA,No,2024-01-22,Perito B,Barcelona,51,43,6111,5.9
Mapfre,Si,2024-09-24,Perito D,Zaragoza,35,32,6681,4.4
Mutua,Si,2025-06-22,Perito A,Valencia,34,38,7174,4.5
Allianz,Si,2025-06-01,Perito D,Valencia,31,26,2961,1.0
Linea Directa,No,2024-01-18,Perito C,Madrid,20,46,4656,4.4
Allianz,Si,2025-06-04,Perito D,Zaragoza,36,32,4864,5.4
Allianz,No,2024-06-21,Perito D,Valencia,47,27,1615,2.9
AXA,Si,2024-10-21,Perito D,Valencia,26,18,6561,4.2
Allianz,Si,2024-05-30,Perito A,Málaga,28,37,5893,4.4
Allianz,No,2025-04-26,Perito D,Zaragoza,41,24,5988,4.4
Allianz,Si,2024-05-17,Perito D,Sevilla,45,19,401,1.0
Mutua,No,2024-09-26,Perito A,Sevilla,31,28,6360,7.3
Allianz,Si,2024-09-11,Perito A,Málaga,26,48,2569,2.6
AXA,No,2025-03-14,Perito A,Valencia,34,42,717,3.0
Linea Directa,No,2024-05-30,Perito C,Barcelona,57,22,7937,7.0
Mutua,No,2024-07-14,Perito A,Málaga,40,30,5644,6.5
Linea Directa,No,2024-05-02,Perito C,Sevilla,33,45,5731,4.6
Allianz,Si,2025-03-18,Perito A,Madrid,21,21,1541,2.1
Mapfre,No,2025-06-19,Perito A,Sevilla,27,17,4976,3.3
Linea Directa,Si,2025-01-14,Perito B,Barcelona,25,43,2188,5.3
AXA,No,2024-07-06,Perito B,Sevilla,56,18,7449,5.6
Mapfre,No,2024-01-07,Perito B,Málaga,56,23,3745,5.6
AXA,No,2024-01-16,Perito B,Madrid,52,31,5787,6.2
Mapfre,No,2024-01-27,Perito A,Sevilla,25,34,4720,4.2
Allianz,Si,2024-03-08,Perito A,Málaga,45,28,6264,5.0
Mapfre,Si,2024-12-29,Perito C,Málaga,58,43,4002,3.6
Linea Directa,No,2024-01-05,Perito A,Málaga,56,27,6008,6.0
Mapfre,Si,2024-02-21,Perito C,Madrid,33,31,3475,4.2
AXA,Si,2024-03-11,Perito D,Málaga,56,18,3854,2.3
Allianz,No,2024-08-22,Perito D,Madrid,27,34,7362,7.1
AXA,Si,2024-04-25,Perito A,Zaragoza,58,25,2634,3.3
Allianz,No,2025-05-02,Perito D,Barcelona,32,36,5073,5.4
Linea Directa,No,2025-04-12,Perito A,Barcelona,32,22,6441,5.7
Generali,Si,2024-10-17,Perito C,Barcelona,59,42,7712,4.5
Mutua,Si,2024-03-16,Perito B,Zaragoza,47,44,6122,3.2
Linea Directa,No,2025-04-09,Perito D,Málaga,37,47,407,1.6
Linea Directa,No,2024-10-04,Perito A,Madrid,38,47,5833,4.3
Mutua,No,2024-02-19,Perito B,Zaragoza,57,41,5955,4.4
AXA,Si,2025-04-23,Perito C,Barcelona,51,34,2833,5.5
Linea Directa,No,2024-01-25,Perito A,Valencia,41,47,6509,5.2
Allianz,No,2024-07-12,Perito D,Barcelona,21,39,4317,3.7
Mapfre,No,2024-05-23,Perito C,Málaga,32,33,353,3.8
Linea Directa,No,2025-05-24,Perito A,Zaragoza,42,35,6258,5.5
Mutua,No,2024-06-06,Perito D,Valencia,44,47,7806,4.7
Linea Directa,Si,2024-01-06,Perito C,Zaragoza,47,17,3566,2.0
AXA,Si,2024-11-18,Perito C,Sevilla,30,28,4514,3.5
AXA,Si,2024-09-05,Perito B,Valencia,52,29,4964,3.7
AXA,Si,2025-04-23,Perito B,Sevilla,43,47,1718,2.9
Allianz,Si,2025-02-10,Perito B,Valencia,21,36,6573,4.3
Linea Directa,No,2024-10-06,Perito A,Madrid,49,15,6363,6.5
AXA,Si,2024-10-03,Perito C,Valencia,36,45,2800,2.9
Generali,No,2025-05-27,Perito B,Barcelona,59,49,5245,5.6
Mapfre,Si,2024-05-03,Perito D,Sevilla,53,34,2395,1.0
AXA,Si,2024-01-26,Perito A,Sevilla,57,46,7475,7.0
Allianz,No,2024-02-16,Perito B,Zaragoza,41,26,4698,5.2
Mapfre,Si,2024-10-20,Perito A,Barcelona,24,30,4891,5.3
Mapfre,Si,2024-02-18,Perito C,Madrid,59,22,3754,4.0
Mutua,No,2024-01-12,Perito D,Valencia,35,28,2614,3.2
AXA,Si,2025-05-04,Perito C,Madrid,32,32,5733,5.2
AXA,Si,2024-03-21,Perito D,Barcelona,45,44,7676,6.5
Linea Directa,Si,2024-09-23,Perito C,Valencia,50,47,3049,2.3
Allianz,No,2024-09-13,Perito A,Barcelona,58,48,7261,7.2
Generali,Si,2024-12-26,Perito C,Sevilla,42,48,5453,2.2
Linea Directa,Si,2025-02-17,Perito D,Sevilla,31,21,1942,3.0
Generali,No,2024-11-19,Perito A,Sevilla,33,20,1506,4.3
Mutua,Si,2024-03-29,Perito A,Málaga,37,20,4049,3.7
Generali,No,2025-05-27,Perito D,Málaga,46,36,4368,1.8
Allianz,No,2024-04-19,Perito D,Sevilla,47,22,4776,3.5
Mutua,No,2024-01-04,Perito A,Málaga,37,29,7719,5.1
AXA,No,2025-01-22,Perito D,Málaga,35,40,4855,3.2
Generali,Si,2024-10-22,Perito C,Zaragoza,35,17,7693,2.7
Allianz,Si,2024-11-16,Perito C,Barcelona,32,24,5040,4.3
Allianz,No,2024-02-28,Perito C,Zaragoza,48,17,5762,6.7
AXA,Si,2024-03-19,Perito A,Valencia,28,44,4395,4.7
Allianz,Si,2025-03-27,Perito C,Sevilla,45,36,5378,3.8
Mutua,Si,2025-02-04,Perito A,Zaragoza,47,17,2755,4.0
Mutua,No,2025-03-17,Perito D,Zaragoza,32,15,2505,5.5
Linea Directa,Si,2025-05-24,Perito C,Málaga,55,47,4708,2.6
Mapfre,No,2024-07-29,Perito A,Barcelona,28,33,7819,6.3
AXA,No,2024-12-13,Perito B,Barcelona,33,48,1288,3.9
Allianz,Si,2024-10-08,Perito C,Zaragoza,31,45,2842,1.5
Generali,Si,2024-05-23,Perito C,Valencia,51,38,1377,2.8
Linea Directa,No,2024-01-29,Perito A,Barcelona,57,26,6304,6.3
Mutua,No,2024-01-21,Perito A,Madrid,22,27,6609,7.3
AXA,No,2025-02-10,Perito D,Madrid,35,30,5116,6.0
AXA,Si,2025-04-09,Perito A,Sevilla,39,30,7446,6.3
Mutua,No,2024-01-22,Perito D,Zaragoza,51,34,7682,5.8
Mapfre,Si,2024-08-04,Perito B,Valencia,42,41,4957,3.3
AXA,Si,2024-01-10,Perito D,Zaragoza,36,27,3194,2.1
Allianz,Si,2024-07-14,Perito C,Madrid,35,18,759,2.3
Generali,Si,2025-03-11,Perito A,Valencia,57,46,3164,3.6
Generali,No,2024-12-26,Perito B,Sevilla,27,48,7234,5.8
Mutua,No,2024-02-24,Perito B,Barcelona,38,31,1471,3.0
AXA,No,2025-05-05,Perito A,Barcelona,49,38,2013,6.3
Generali,No,2024-07-08,Perito C,Barcelona,53,43,3115,5.1
AXA,No,2024-01-25,Perito A,Madrid,33,42,809,4.4
Mutua,No,2024-05-19,Perito A,Valencia,41,36,2661,3.4
Mapfre,No,2025-03-12,Perito A,Madrid,36,42,4320,7.3
Generali,Si,2024-03-13,Perito D,Málaga,34,39,6324,4.1
Allianz,No,2025-03-08,Perito B,Valencia,51,17,483,4.0
Linea Directa,Si,2024-05-19,Perito B,Sevilla,32,27,5768,3.8
Mutua,Si,2025-03-19,Perito C,Madrid,40,45,3128,5.7
Linea Directa,No,2024-09-14,Perito B,Barcelona,59,27,4596,6.4
Mapfre,No,2024-04-28,Perito A,Barcelona,52,32,1291,6.3
Allianz,No,2024-09-01,Perito B,Barcelona,46,48,5326,6.9
Linea Directa,No,2025-01-14,Perito C,Madrid,54,31,1016,3.7
Allianz,Si,2024-07-13,Perito D,Madrid,35,35,7504,5.2
Generali,Si,2025-02-20,Perito D,Barcelona,47,33,7531,6.3
AXA,Si,2025-03-15,Perito A,Barcelona,53,26,282,4.1
Mutua,Si,2024-12-24,Perito A,Barcelona,20,42,2120,3.2
Allianz,No,2025-04-24,Perito B,Málaga,50,25,3691,4.3
Generali,Si,2025-01-09,Perito B,Madrid,55,42,3344,4.9
Mapfre,Si,2024-05-08,Perito C,Barcelona,52,49,7604,4.1
Allianz,No,2025-05-23,Perito A,Sevilla,52,29,2293,3.3
Mapfre,No,2024-12-02,Perito C,Barcelona,58,30,4913,4.2
Mutua,No,2024-03-07,Perito D,Madrid,37,21,7271,6.4
Generali,Si,2025-02-14,Perito B,Sevilla,42,17,6605,5.8
Mapfre,No,2025-02-04,Perito A,Zaragoza,42,45,375,1.6
AXA,No,2025-04-21,Perito B,Zaragoza,34,26,5485,5.0
Linea Directa,Si,2024-12-04,Perito A,Zaragoza,45,22,2904,2.8
Mapfre,No,2024-09-15,Perito D,Madrid,49,39,5137,6.9
Mapfre,Si,2024-04-21,Perito C,Madrid,44,49,569,3.4
Generali,No,2024-07-08,Perito A,Madrid,35,26,2018,6.0
Generali,No,2024-07-09,Perito B,Valencia,58,35,2301,5.2
Allianz,No,2024-04-18,Perito A,Sevilla,33,40,4985,5.3
Linea Directa,No,2025-01-16,Perito C,Málaga,36,16,3690,2.4
Mapfre,Si,2025-05-03,Perito D,Málaga,31,28,1979,2.0
Mapfre,Si,2025-02-16,Perito B,Valencia,48,18,7874,4.8
Generali,Si,2024-03-02,Perito D,Madrid,51,31,1564,1.8
AXA,No,2025-04-14,Perito D,Málaga,43,19,7494,3.1
Generali,Si,2024-08-14,Perito C,Sevilla,32,38,5728,2.5
AXA,Si,2024-08-12,Perito A,Barcelona,39,21,4662,6.4
Linea Directa,No,2024-01-13,Perito A,Sevilla,34,37,3542,3.5
Generali,Si,2025-04-28,Perito A,Madrid,23,31,4939,8.0
Linea Directa,Si,2025-04-30,Perito A,Sevilla,53,26,3876,5.2
Mutua,Si,2024-06-14,Perito B,Zaragoza,47,25,2626,3.8
Mapfre,No,2025-06-19,Perito D,Madrid,21,25,272,2.0
Linea Directa,Si,2024-09-07,Perito A,Sevilla,49,48,3162,5.0
AXA,No,2024-07-12,Perito D,Valencia,45,43,5567,3.9
Mutua,No,2024-02-24,Perito B,Sevilla,45,41,1059,1.5
AXA,Si,2024-04-15,Perito B,Zaragoza,39,36,4056,3.6
Allianz,Si,2024-04-23,Perito B,Málaga,47,16,4338,3.9
Allianz,Si,2025-05-05,Perito D,Barcelona,39,44,2624,2.6
Mapfre,No,2025-05-14,Perito A,Valencia,30,21,1264,3.3
Mutua,Si,2025-02-13,Perito D,Sevilla,29,26,2417,2.1
Mutua,No,2024-12-16,Perito A,Madrid,42,17,4217,5.7
Allianz,Si,2024-10-24,Perito C,Valencia,56,31,2459,3.6
Mapfre,No,2024-10-23,Perito A,Málaga,38,46,5812,5.2
Linea Directa,Si,2024-11-11,Perito A,Barcelona,37,22,3951,6.5
Allianz,No,2024-10-26,Perito A,Zaragoza,46,37,2286,4.6
Mutua,No,2024-10-05,Perito B,Barcelona,25,44,568,2.5
AXA,No,2024-11-02,Perito C,Sevilla,29,29,3004,5.2
Mutua,Si,2025-05-26,Perito A,Zaragoza,21,24,350,1.8
Mapfre,No,2024-04-23,Perito C,Málaga,43,29,1334,4.6
Mutua,No,2025-03-07,Perito D,Málaga,57,44,5799,4.8
Generali,No,2024-04-13,Perito D,Barcelona,47,40,5755,4.6
Mutua,Si,2024-08-24,Perito B,Barcelona,47,28,5366,4.4
Generali,No,2024-09-20,Perito D,Málaga,58,17,5319,4.7
Allianz,No,2024-08-17,Perito C,Barcelona,21,40,5894,6.2
Linea Directa,Si,2025-01-29,Perito C,Madrid,24,28,2984,4.9
Generali,No,2025-01-16,Perito C,Barcelona,30,45,6336,6.5
Mutua,Si,2024-11-11,Perito C,Madrid,29,28,5685,4.9
Linea Directa,Si,2024-01-22,Perito C,Zaragoza,21,24,4364,3.6
Linea Directa,Si,2024-09-29,Perito B,Barcelona,34,23,2546,3.7
Mutua,Si,2024-10-20,Perito A,Valencia,58,32,5239,4.8
Mutua,No,2024-04-24,Perito D,Valencia,56,26,5097,4.6
Mapfre,Si,2024-07-26,Perito C,Zaragoza,26,17,6639,4.5
Allianz,No,2024-11-07,Perito D,Zaragoza,39,32,2450,5.6
Generali,Si,2024-09-09,Perito B,Valencia,53,21,260,2.5
AXA,No,2024-03-21,Perito B,Zaragoza,54,45,5241,6.0
Generali,No,2025-05-05,Perito A,Madrid,53,15,3210,4.9
Mutua,No,2025-03-17,Perito B,Madrid,41,45,4101,5.4
AXA,No,2025-06-15,Perito A,Sevilla,50,27,1537,1.9
AXA,No,2024-12-29,Perito C,Sevilla,42,43,1384,3.6
Generali,Si,2024-12-15,Perito B,Barcelona,38,17,4626,3.9
Generali,No,2024-01-22,Perito D,Madrid,23,43,1751,3.4
Generali,No,2024-01-09,Perito B,Valencia,43,49,4633,4.8
Generali,No,2024-02-21,Perito B,Valencia,39,29,1829,3.2
Allianz,Si,2024-08-13,Perito C,Valencia,58,35,1527,1.0
Mapfre,Si,2024-10-26,Perito A,Barcelona,47,33,1726,3.9
Mapfre,Si,2025-05-30,Perito A,Madrid,58,42,1873,7.7
Generali,Si,2024-10-24,Perito B,Zaragoza,36,18,1561,2.9
Mapfre,Si,2025-02-06,Perito D,Barcelona,38,27,1773,3.4
Generali,Si,2024-05-31,Perito B,Zaragoza,54,29,2886,1.8
Generali,No,2024-10-21,Perito D,Málaga,51,46,4570,2.8
Generali,Si,2024-05-06,Perito C,Málaga,58,17,5483,2.9
Linea Directa,No,2025-04-30,Perito C,Sevilla,54,44,7810,5.9
Allianz,No,2024-10-08,Perito A,Zaragoza,49,34,2566,3.1
Mutua,No,2024-03-26,Perito D,Madrid,36,16,6932,7.2
Mapfre,No,2024-07-10,Perito B,Zaragoza,48,39,6847,4.1
Mapfre,No,2024-05-10,Perito B,Zaragoza,25,25,3957,5.1
Allianz,No,2024-01-29,Perito B,Valencia,36,15,2634,4.1
Allianz,Si,2024-07-02,Perito B,Madrid,36,24,2193,5.2
Generali,No,2024-04-25,Perito C,Zaragoza,33,31,1069,2.3
Generali,Si,2024-04-02,Perito D,Zaragoza,43,44,7176,7.0
Linea Directa,No,2024-04-17,Perito C,Zaragoza,56,49,1214,3.6
Linea Directa,No,2025-04-07,Perito D,Sevilla,59,33,2111,4.4
Mutua,No,2024-05-27,Perito A,Valencia,58,48,802,4.2
Mapfre,No,2025-06-15,Perito D,Barcelona,51,46,4021,3.8
Allianz,Si,2024-12-16,Perito B,Valencia,55,26,6095,3.3
Mutua,Si,2024-02-04,Perito C,Zaragoza,56,31,890,2.3
Mapfre,Si,2024-05-29,Perito B,Zaragoza,33,20,693,1.5
Mutua,Si,2024-12-07,Perito D,Málaga,46,27,689,1.9
Mutua,No,2025-03-31,Perito D,Barcelona,38,36,7064,6.7
Generali,No,2025-05-09,Perito A,Zaragoza,50,25,7440,7.3
Mutua,Si,2025-04-28,Perito D,Valencia,28,21,2756,4.1
Generali,No,2024-05-21,Perito D,Barcelona,57,35,4685,5.0
Mapfre,No,2025-01-25,Perito B,Málaga,36,15,7986,5.2
Linea Directa,Si,2024-06-10,Perito D,Málaga,38,44,494,1.0
Mapfre,Si,2024-04-05,Perito D,Madrid,23,33,5688,2.0
Generali,No,2024-08-19,Perito C,Zaragoza,30,43,4227,4.3
Linea Directa,Si,2024-12-16,Perito C,Málaga,41,49,3043,4.3
AXA,No,2024-12-01,Perito A,Málaga,23,34,3112,4.7
Linea Directa,No,2025-05-31,Perito A,Málaga,36,15,1917,4.6
Mutua,No,2025-01-02,Perito B,Zaragoza,27,37,2796,2.9
Mapfre,No,2024-08-15,Perito B,Sevilla,53,45,4944,4.2
Mutua,No,2024-06-10,Perito C,Málaga,30,49,2073,4.9
Linea Directa,No,2024-09-15,Perito C,Madrid,50,36,4863,6.1
AXA,No,2024-03-09,Perito C,Barcelona,30,21,3458,4.7
Mutua,Si,2024-12-28,Perito A,Sevilla,57,47,7196,5.6
AXA,Si,2024-11-24,Perito A,Barcelona,40,21,3017,4.6
Allianz,Si,2024-06-17,Perito D,Barcelona,49,41,644,3.8
AXA,Si,2025-06-13,Perito A,Madrid,29,16,3841,5.3
Mapfre,Si,2024-05-13,Perito D,Sevilla,45,31,4658,2.7
Linea Directa,No,2024-03-06,Perito B,Zaragoza,46,15,6466,4.9
Generali,No,2025-01-22,Perito A,Valencia,27,44,5507,4.0
Generali,Si,2024-08-15,Perito B,Málaga,58,36,941,1.0
Mutua,No,2025-02-17,Perito D,Barcelona,27,42,2241,3.8
Linea Directa,Si,2024-01-31,Perito B,Barcelona,27,47,879,4.6
Allianz,No,2024-01-19,Perito B,Madrid,53,40,2667,5.3
Mutua,No,2025-06-19,Perito A,Zaragoza,35,49,3897,4.5
AXA,No,2025-01-03,Perito D,Madrid,32,25,7619,6.7
Generali,Si,2025-01-28,Perito D,Madrid,42,21,5938,5.6
AXA,No,2025-05-06,Perito C,Sevilla,31,42,5868,4.3
Generali,Si,2024-02-16,Perito A,Zaragoza,46,39,1558,2.4
Generali,No,2025-05-09,Perito A,Málaga,41,45,6435,8.8
Generali,Si,2025-01-01,Perito D,Sevilla,51,17,7897,3.2
Linea Directa,Si,2024-08-30,Perito A,Madrid,46,47,262,3.0
Mapfre,Si,2024-06-10,Perito B,Madrid,21,48,2759,3.6
Linea Directa,No,2024-05-08,Perito C,Zaragoza,52,35,5458,3.8
AXA,No,2024-03-04,Perito D,Zaragoza,45,33,3969,1.9
Linea Directa,No,2024-05-17,Perito A,Barcelona,47,35,7552,7.1
Mutua,No,2024-04-14,Perito A,Sevilla,38,28,5524,4.7
Allianz,Si,2024-12-11,Perito B,Sevilla,24,24,7115,4.8
Mutua,No,2024-09-25,Perito A,Zaragoza,52,21,7581,5.2
Linea Directa,Si,2024-01-01,Perito A,Málaga,39,43,4551,5.3
AXA,Si,2025-05-05,Perito B,Sevilla,49,22,334,2.1
Allianz,No,2024-10-19,Perito A,Zaragoza,27,27,3844,3.9
Mutua,Si,2024-09-19,Perito C,Málaga,57,33,5170,3.0
Allianz,No,2025-01-30,Perito B,Valencia,36,25,5117,4.5
AXA,No,2024-07-29,Perito D,Zaragoza,20,16,2335,4.6
Generali,No,2025-01-10,Perito C,Málaga,22,20,7331,4.9
AXA,Si,2024-01-18,Perito A,Madrid,45,43,3478,3.0
Mapfre,No,2024-07-26,Perito B,Valencia,50,19,7496,7.2
Allianz,Si,2024-01-13,Perito B,Barcelona,27,44,1022,1.5
AXA,No,2025-03-25,Perito A,Barcelona,27,41,3274,7.9
Generali,No,2025-01-28,Perito D,Barcelona,54,32,5269,3.4
Generali,No,2024-04-11,Perito C,Madrid,58,30,3181,4.7
AXA,Si,2024-11-04,Perito A,Zaragoza,47,19,6073,4.1
Mutua,Si,2024-10-25,Perito D,Barcelona,23,23,320,3.5
AXA,Si,2024-06-04,Perito B,Málaga,35,48,7752,5.3
Generali,No,2024-05-25,Perito B,Zaragoza,32,48,1837,5.6
AXA,No,2025-06-13,Perito B,Madrid,39,45,7405,4.9
Mapfre,Si,2024-06-24,Perito A,Sevilla,24,34,5660,2.7
Mutua,No,2024-07-30,Perito D,Madrid,56,31,5303,6.3
AXA,No,2024-04-01,Perito A,Madrid,39,34,1124,7.1
Generali,No,2025-02-05,Perito A,Sevilla,43,42,844,5.0
AXA,No,2025-02-08,Perito C,Málaga,55,35,2232,4.5
AXA,Si,2024-12-25,Perito C,Valencia,53,33,2961,4.2
Allianz,Si,2024-02-03,Perito C,Sevilla,53,17,7203,3.1
AXA,Si,2024-06-25,Perito D,Madrid,38,44,2268,3.0
Mapfre,Si,2024-03-30,Perito B,Barcelona,36,19,441,3.2
Generali,No,2024-07-22,Perito C,Sevilla,24,20,6798,5.2
Linea Directa,Si,2025-06-01,Perito B,Sevilla,44,17,7306,5.0
Allianz,Si,2025-05-15,Perito D,Valencia,37,38,2868,2.4
Linea Directa,No,2024-01-19,Perito C,Madrid,27,15,6646,5.8
AXA,Si,2024-08-21,Perito C,Barcelona,46,29,5915,3.8
Mutua,No,2024-11-19,Perito B,Barcelona,34,32,7962,6.5
Mapfre,No,2024-02-22,Perito A,Valencia,32,37,1002,2.5
Mapfre,Si,2024-12-27,Perito D,Zaragoza,35,43,5259,3.2
Mapfre,Si,2024-05-19,Perito D,Barcelona,41,36,4364,4.3
Allianz,Si,2024-07-15,Perito C,Málaga,39,38,5448,3.2
AXA,No,2024-07-25,Perito D,Sevilla,32,27,395,3.4
Mapfre,No,2024-03-29,Perito B,Sevilla,39,47,2387,4.8
AXA,Si,2024-04-09,Perito A,Barcelona,21,36,3715,4.2
Mutua,No,2024-05-26,Perito A,Barcelona,54,49,2530,5.0
AXA,Si,2024-05-26,Perito D,Barcelona,38,31,2559,4.1
Linea Directa,No,2025-01-10,Perito A,Sevilla,56,36,5041,4.2
AXA,Si,2024-09-05,Perito B,Barcelona,25,19,3806,3.2
AXA,No,2024-11-21,Perito C,Málaga,33,39,5984,4.6
Generali,No,2024-08-29,Perito C,Málaga,23,20,476,3.1
Linea Directa,Si,2024-05-18,Perito D,Sevilla,41,31,260,1.0
Allianz,No,2024-12-10,Perito D,Zaragoza,58,45,3590,4.3
AXA,Si,2024-07-02,Perito D,Madrid,55,31,2113,1.8
Mapfre,No,2025-05-09,Perito C,Madrid,53,47,6395,6.6
Generali,Si,2024-11-03,Perito D,Madrid,46,18,4127,3.3
AXA,Si,2024-10-04,Perito A,Málaga,26,28,6496,6.3
Generali,Si,2025-05-06,Perito C,Valencia,22,27,6068,4.9
Allianz,No,2024-10-01,Perito B,Madrid,52,41,5630,6.0
Generali,Si,2024-05-24,Perito D,Valencia,21,38,6133,3.5
Mapfre,No,2025-02-19,Perito C,Sevilla,35,41,2791,3.4
AXA,Si,2024-08-05,Perito D,Málaga,44,22,766,1.0
Mapfre,No,2024-04-18,Perito C,Zaragoza,34,35,4135,4.5
Mutua,Si,2024-11-02,Perito C,Madrid,43,25,7756,6.7
Generali,No,2025-03-21,Perito C,Málaga,34,45,1771,2.6
Generali,No,2025-06-06,Perito B,Sevilla,50,41,4917,3.8
Generali,No,2024-10-27,Perito C,Málaga,33,41,6321,5.2
Linea Directa,Si,2024-02-17,Perito A,Barcelona,33,22,1400,2.7
Allianz,Si,2025-06-04,Perito D,Madrid,25,47,7729,4.3
Linea Directa,No,2024-10-08,Perito D,Málaga,33,26,4609,3.6
Mapfre,No,2024-12-16,Perito D,Zaragoza,36,49,3054,3.6
Mutua,No,2024-01-04,Perito C,Málaga,37,48,3095,6.1
Allianz,Si,2024-05-21,Perito D,Málaga,39,30,6440,3.6
Allianz,Si,2024-07-04,Perito A,Sevilla,36,16,7224,5.3
AXA,No,2025-05-25,Perito A,Madrid,35,26,1436,4.9
Mutua,Si,2024-08-04,Perito A,Zaragoza,59,41,7172,5.2
Generali,Si,2025-01-11,Perito B,Madrid,58,31,336,3.3
Linea Directa,Si,2024-02-26,Perito A,Barcelona,51,34,1229,4.9
Generali,Si,2024-05-17,Perito A,Barcelona,28,35,7354,7.6
AXA,Si,2025-03-14,Perito D,Málaga,46,44,2356,2.1
Linea Directa,No,2024-03-02,Perito C,Madrid,52,34,2794,4.6
Generali,No,2025-04-15,Perito D,Madrid,29,22,7406,8.3
Mapfre,Si,2025-02-28,Perito B,Málaga,36,32,861,4.0
Generali,No,2024-12-05,Perito B,Valencia,55,32,2672,4.2
Linea Directa,Si,2024-05-11,Perito B,Madrid,36,32,2877,5.2
Mapfre,No,2024-12-29,Perito A,Málaga,37,16,2508,6.0
AXA,Si,2025-03-22,Perito A,Málaga,42,26,7793,4.9
AXA,Si,2024-12-13,Perito A,Valencia,53,46,286,3.6
Mapfre,Si,2025-02-15,Perito C,Barcelona,27,22,2712,4.1
Linea Directa,No,2024-04-22,Perito D,Zaragoza,32,24,6419,4.8
Linea Directa,No,2024-11-05,Perito A,Málaga,42,25,6814,6.6
Generali,No,2025-01-08,Perito B,Madrid,39,28,6757,8.0
AXA,Si,2025-03-21,Perito C,Barcelona,41,40,7168,6.0
AXA,Si,2024-12-13,Perito C,Barcelona,42,44,3142,5.0
Mapfre,No,2025-02-24,Perito B,Barcelona,54,18,2973,5.9
AXA,No,2024-11-13,Perito A,Málaga,22,25,2704,5.7
Generali,Si,2024-07-27,Perito C,Madrid,53,38,5604,5.5
AXA,Si,2024-07-03,Perito B,Zaragoza,52,36,3510,3.4
Mapfre,Si,2024-08-20,Perito A,Valencia,36,17,1900,2.8
Generali,No,2024-02-18,Perito C,Sevilla,38,16,3870,5.0
Mutua,Si,2025-04-29,Perito C,Sevilla,49,26,2900,2.6
Mapfre,Si,2025-03-22,Perito D,Barcelona,42,35,7015,5.0
Mutua,Si,2024-04-20,Perito D,Sevilla,34,19,3829,1.8
AXA,Si,2025-06-11,Perito C,Sevilla,33,21,7739,6.7
Generali,No,2024-09-11,Perito C,Málaga,21,18,4790,3.5
AXA,Si,2024-06-14,Perito C,Valencia,58,36,1847,3.2
Generali,No,2024-05-09,Perito D,Sevilla,37,43,6238,3.8
Allianz,Si,2024-12-17,Perito A,Zaragoza,25,23,5364,3.0
AXA,No,2024-06-21,Perito D,Zaragoza,51,40,5720,4.9
AXA,No,2025-03-23,Perito B,Valencia,40,26,3518,5.7
AXA,No,2024-03-27,Perito C,Sevilla,59,15,3887,3.6
Linea Directa,No,2025-01-26,Perito B,Zaragoza,47,22,796,3.9
Mapfre,Si,2024-10-08,Perito B,Barcelona,46,47,4745,6.4
Linea Directa,No,2024-01-01,Perito B,Barcelona,21,18,684,6.6
Generali,No,2025-04-21,Perito D,Zaragoza,52,28,845,2.6
Generali,Si,2025-04-30,Perito D,Valencia,35,43,6963,3.8
Generali,No,2024-02-29,Perito A,Valencia,58,28,3289,4.8
Mapfre,No,2024-12-19,Perito B,Valencia,41,23,5925,5.8
Generali,Si,2025-06-04,Perito B,Valencia,32,23,4957,3.5
Linea Directa,No,2025-05-12,Perito D,Madrid,21,40,5053,5.9
Linea Directa,Si,2025-04-20,Perito B,Barcelona,33,31,4584,4.5
AXA,No,2024-11-08,Perito D,Sevilla,57,18,7781,4.4
Mutua,No,2024-04-25,Perito C,Madrid,47,17,920,4.8
Allianz,No,2024-01-16,Perito C,Valencia,26,43,4933,4.1
Generali,Si,2024-10-18,Perito B,Sevilla,37,39,6578,3.3
Mapfre,No,2024-06-24,Perito A,Barcelona,55,35,6759,6.8
Mapfre,Si,2024-04-13,Perito D,Valencia,55,26,7281,3.2
Generali,No,2025-06-13,Perito C,Málaga,23,15,698,2.9
Mutua,No,2024-01-09,Perito C,Valencia,49,15,7317,6.5
Linea Directa,No,2024-10-05,Perito B,Sevilla,43,21,4929,4.1
Generali,No,2024-01-14,Perito D,Barcelona,39,24,1873,3.0
Mapfre,Si,2025-03-27,Perito B,Valencia,50,29,6326,4.8
Allianz,Si,2025-05-19,Perito D,Barcelona,43,25,3267,4.8
Mutua,Si,2024-11-22,Perito A,Madrid,26,37,314,3.2
Generali,No,2024-12-30,Perito D,Málaga,45,27,3179,5.0
Allianz,Si,2025-04-26,Perito C,Zaragoza,32,41,4969,4.3
Generali,Si,2024-05-05,Perito B,Zaragoza,27,31,1936,4.2
Mutua,No,2024-08-05,Perito D,Madrid,24,27,5553,4.5
Mapfre,Si,2024-03-22,Perito C,Zaragoza,32,26,3811,1.5
Linea Directa,No,2024-09-22,Perito B,Málaga,48,43,7378,6.0
Linea Directa,No,2024-05-14,Perito B,Madrid,39,35,2453,4.9
Mutua,Si,2024-08-05,Perito A,Barcelona,33,34,2494,4.6
AXA,Si,2024-04-18,Perito C,Barcelona,51,34,3830,4.8
Linea Directa,No,2024-10-23,Perito D,Madrid,46,45,7101,7.5
Generali,No,2024-05-21,Perito C,Sevilla,44,22,7494,4.9
Allianz,No,2025-06-18,Perito B,Madrid,23,38,346,5.9
Allianz,No,2025-03-08,Perito A,Valencia,40,25,6461,5.2
Linea Directa,Si,2025-03-09,Perito D,Sevilla,37,47,4182,3.4
Mutua,No,2024-07-02,Perito A,Barcelona,58,29,3653,6.2
Mutua,Si,2024-10-20,Perito A,Madrid,34,18,4707,4.3
Mutua,No,2025-04-11,Perito C,Sevilla,57,15,5983,5.5
Allianz,Si,2025-02-28,Perito B,Valencia,43,46,7951,3.7
Mapfre,No,2024-11-19,Perito B,Málaga,27,25,2610,2.0
Allianz,No,2024-10-06,Perito D,Barcelona,47,44,5828,6.4
Mapfre,Si,2024-01-12,Perito A,Sevilla,40,33,336,3.7
Mutua,No,2024-04-01,Perito A,Zaragoza,35,48,7542,4.6
AXA,Si,2024-10-23,Perito A,Sevilla,35,21,3560,3.5
Allianz,No,2024-02-29,Perito C,Zaragoza,54,34,3205,3.0
Mutua,No,2024-04-06,Perito B,Sevilla,36,26,3752,4.9
Allianz,No,2024-02-17,Perito A,Madrid,28,46,218,5.7
Mutua,Si,2025-02-05,Perito A,Barcelona,54,16,2442,3.4
Allianz,No,2024-04-30,Perito B,Barcelona,48,36,6673,4.1
Generali,Si,2025-02-28,Perito D,Madrid,58,38,6255,5.1
Allianz,No,2025-05-28,Perito C,Madrid,37,45,6518,6.8
Generali,Si,2024-02-21,Perito C,Zaragoza,31,18,5297,2.9
Mapfre,Si,2024-04-03,Perito C,Zaragoza,38,38,648,1.7
Allianz,No,2024-10-07,Perito B,Zaragoza,41,31,2148,2.9
Mapfre,No,2024-10-13,Perito C,Madrid,34,33,1145,4.4
AXA,No,2024-11-13,Perito A,Valencia,20,48,5673,6.2
Linea Directa,No,2024-05-16,Perito C,Sevilla,21,47,5818,5.4
Linea Directa,Si,2024-11-26,Perito B,Valencia,27,20,4436,4.0
Generali,Si,2025-05-05,Perito C,Barcelona,41,27,7101,4.1
Allianz,No,2024-07-17,Perito D,Madrid,44,23,2120,3.6
Linea Directa,Si,2025-01-12,Perito D,Sevilla,21,49,3177,3.7
Mapfre,No,2024-06-27,Perito B,Zaragoza,28,48,4388,3.3
Linea Directa,No,2024-11-20,Perito B,Málaga,28,30,4215,3.6
Linea Directa,No,2025-03-10,Perito D,Sevilla,32,32,438,3.3
Mutua,No,2024-02-04,Perito C,Málaga,25,32,404,1.3
Linea Directa,No,2024-04-25,Perito A,Sevilla,49,46,2807,3.4
Mapfre,Si,2024-01-24,Perito B,Madrid,34,21,5752,5.7
Linea Directa,No,2024-05-29,Perito D,Málaga,34,37,4540,2.5
Allianz,Si,2025-01-26,Perito C,Málaga,26,37,5127,2.9
Linea Directa,No,2024-09-23,Perito B,Barcelona,30,32,3588,5.8
AXA,No,2024-06-16,Perito C,Sevilla,59,21,3172,2.9
Linea Directa,No,2024-06-21,Perito A,Valencia,57,38,4590,5.9
Generali,No,2025-04-23,Perito B,Zaragoza,59,28,2887,4.2
Mutua,Si,2025-02-18,Perito A,Valencia,21,19,5151,4.0
Mapfre,Si,2024-11-22,Perito A,Barcelona,58,36,7649,4.2
Linea Directa,No,2024-10-03,Perito A,Barcelona,29,36,6360,6.6
Linea Directa,No,2024-11-06,Perito D,Barcelona,36,24,4366,3.4
Allianz,No,2024-09-05,Perito A,Madrid,26,40,5588,4.6
Allianz,No,2025-06-06,Perito A,Madrid,59,29,1548,5.4
Generali,Si,2025-03-07,Perito C,Madrid,58,15,4600,4.8
Mutua,Si,2024-11-15,Perito D,Madrid,23,28,7818,3.1
Mapfre,No,2025-04-13,Perito D,Barcelona,54,45,5326,5.0
Mapfre,Si,2024-10-18,Perito D,Barcelona,55,42,5633,4.8
Mapfre,Si,2024-03-17,Perito D,Madrid,50,48,1016,3.1
Generali,No,2024-02-26,Perito A,Madrid,44,49,5422,6.5
Generali,Si,2025-06-02,Perito C,Málaga,32,37,1020,2.1
Linea Directa,No,2025-06-10,Perito A,Sevilla,37,33,392,4.7
Mutua,Si,2024-02-16,Perito A,Málaga,40,32,1976,3.3
Mapfre,Si,2025-03-01,Perito D,Sevilla,20,29,3845,3.9
Mapfre,No,2024-08-31,Perito D,Madrid,55,15,4824,5.2
Linea Directa,Si,2025-01-14,Perito B,Madrid,27,39,6514,4.0
Mutua,Si,2024-06-27,Perito C,Zaragoza,40,40,7904,4.8
Mutua,Si,2024-09-13,Perito D,Madrid,40,49,450,1.3
Mutua,Si,2025-04-18,Perito D,Málaga,46,29,1988,2.6
Allianz,Si,2024-07-29,Perito A,Barcelona,38,18,7754,8.0
Mutua,No,2024-06-10,Perito A,Sevilla,42,29,7574,6.1
AXA,No,2024-12-22,Perito A,Zaragoza,54,15,6884,5.7
Generali,Si,2025-06-02,Perito D,Málaga,59,36,3900,3.7
Mutua,No,2025-05-06,Perito C,Zaragoza,24,25,6322,5.4
Allianz,Si,2024-12-10,Perito D,Madrid,27,40,2663,5.8
AXA,Si,2025-05-07,Perito D,Barcelona,30,41,7137,4.8
Allianz,No,2024-01-25,Perito C,Málaga,35,27,5699,5.2
Allianz,Si,2025-05-01,Perito D,Sevilla,58,21,1367,3.0
Linea Directa,No,2025-03-13,Perito D,Zaragoza,43,22,6368,3.2
Allianz,Si,2025-01-12,Perito C,Zaragoza,40,37,4093,4.1
Allianz,Si,2024-06-20,Perito D,Zaragoza,42,40,7011,3.4
Mapfre,No,2024-08-19,Perito B,Madrid,57,41,1296,4.1
Generali,Si,2025-05-22,Perito B,Sevilla,27,23,2879,3.7
Linea Directa,No,2024-11-10,Perito A,Zaragoza,26,27,2047,3.5
Linea Directa,No,2024-06-29,Perito D,Madrid,21,21,4104,4.6
Mapfre,Si,2024-03-31,Perito C,Madrid,49,25,7460,5.3
AXA,Si,2025-03-18,Perito C,Valencia,32,24,704,2.1
Mapfre,No,2024-06-20,Perito B,Sevilla,42,47,1821,2.9
Linea Directa,Si,2025-03-17,Perito A,Barcelona,48,17,6679,6.3
AXA,Si,2024-09-02,Perito D,Madrid,57,43,2672,2.2
Linea Directa,No,2024-03-29,Perito C,Barcelona,56,30,2746,3.0
Mutua,Si,2025-05-13,Perito C,Málaga,39,30,1587,2.2
AXA,Si,2024-01-20,Perito D,Madrid,52,21,3194,4.1
Linea Directa,No,2024-10-16,Perito A,Zaragoza,48,29,6973,6.4
Mapfre,Si,2024-02-02,Perito B,Madrid,34,20,4016,4.6
Linea Directa,Si,2024-04-22,Perito D,Zaragoza,42,32,5518,3.0
Mapfre,Si,2025-01-11,Perito D,Madrid,22,33,917,3.2
AXA,Si,2025-05-29,Perito D,Zaragoza,56,16,3684,2.6
Mapfre,Si,2025-03-28,Perito B,Barcelona,48,17,4634,4.5
AXA,Si,2024-09-02,Perito C,Valencia,27,39,858,1.0
Allianz,No,2024-02-22,Perito D,Sevilla,41,42,5257,3.8
Generali,Si,2025-01-31,Perito D,Madrid,48,42,4208,1.9
AXA,Si,2024-01-28,Perito D,Sevilla,21,46,4724,5.2
Allianz,Si,2025-04-06,Perito D,Zaragoza,20,37,5194,4.1
Allianz,No,2024-11-26,Perito A,Sevilla,39,16,4434,6.2
Allianz,Si,2024-02-08,Perito A,Zaragoza,40,24,3964,3.3
Allianz,No,2025-01-03,Perito A,Sevilla,56,20,3189,4.5
AXA,No,2024-09-03,Perito C,Zaragoza,27,22,4837,3.3
Mapfre,No,2025-03-07,Perito D,Barcelona,46,29,2304,3.1
Allianz,No,2024-04-10,Perito D,Zaragoza,54,43,1455,2.7
Mutua,No,2024-05-29,Perito D,Sevilla,25,42,7001,4.3
Allianz,Si,2025-03-15,Perito D,Málaga,38,36,2682,2.8
Mapfre,Si,2024-03-10,Perito B,Zaragoza,37,48,583,2.6
Mapfre,Si,2025-04-15,Perito B,Barcelona,20,34,2807,3.5
Generali,Si,2025-03-17,Perito B,Barcelona,44,47,393,4.0
Generali,No,2025-06-06,Perito D,Málaga,46,29,4007,2.7
Allianz,No,2024-12-25,Perito B,Valencia,26,21,3919,3.1
Allianz,No,2024-09-19,Perito B,Valencia,48,38,2781,4.4
Linea Directa,No,2025-05-18,Perito C,Zaragoza,50,40,2765,4.5
Linea Directa,No,2025-04-01,Perito C,Madrid,55,24,2963,5.8
Generali,No,2024-04-28,Perito B,Valencia,38,29,2998,2.6
Allianz,Si,2025-02-01,Perito B,Madrid,25,38,6528,4.3
Linea Directa,Si,2025-04-01,Perito C,Sevilla,44,25,6191,4.4
Mutua,Si,2024-06-14,Perito B,Madrid,50,35,2539,4.2
AXA,Si,2024-06-06,Perito D,Valencia,28,29,3606,4.6
Generali,No,2024-02-14,Perito B,Madrid,39,29,931,3.3
Generali,No,2024-08-29,Perito D,Barcelona,29,28,6459,7.8
Mapfre,No,2025-03-14,Perito B,Valencia,56,35,3072,4.5
Allianz,Si,2024-06-28,Perito A,Madrid,46,34,3320,5.8
Generali,Si,2024-09-02,Perito B,Valencia,32,47,4980,4.3
Generali,Si,2024-02-27,Perito A,Málaga,21,17,4377,3.2
Linea Directa,Si,2025-05-08,Perito B,Valencia,40,37,7177,3.8
Mutua,Si,2024-04-21,Perito B,Málaga,52,37,6676,4.2
Allianz,Si,2024-09-06,Perito D,Madrid,43,41,2804,1.9
AXA,No,2025-04-30,Perito C,Málaga,53,49,2582,2.2
Mutua,Si,2024-09-16,Perito C,Valencia,28,39,731,1.6
AXA,Si,2024-06-29,Perito D,Barcelona,21,46,6279,5.3
Mapfre,Si,2024-09-05,Perito C,Málaga,49,36,4516,2.8
Generali,No,2025-04-26,Perito A,Valencia,41,22,834,3.7
Linea Directa,Si,2025-03-21,Perito A,Barcelona,30,32,1969,4.0
Mutua,Si,2024-07-11,Perito B,Sevilla,36,42,4004,4.3
AXA,No,2024-05-21,Perito A,Zaragoza,55,42,2570,4.8
Allianz,Si,2025-05-24,Perito C,Málaga,32,25,6170,4.9
Mapfre,Si,2024-02-26,Perito A,Málaga,26,26,202,3.7
Mapfre,No,2024-03-26,Perito B,Madrid,35,16,6013,5.0
Generali,No,2024-09-22,Perito A,Sevilla,52,18,405,1.6
Generali,Si,2024-06-19,Perito C,Madrid,20,48,6151,4.6
AXA,No,2024-08-17,Perito D,Madrid,30,37,4335,6.1
AXA,No,2024-06-03,Perito B,Valencia,25,27,6402,5.8
Mapfre,Si,2025-05-30,Perito D,Madrid,39,21,7294,4.6
AXA,No,2024-11-03,Perito A,Málaga,54,46,2821,6.4
Generali,No,2024-04-16,Perito B,Madrid,56,37,4939,6.4
Mapfre,Si,2025-06-11,Perito B,Barcelona,45,22,5826,4.3
Mapfre,No,2024-09-13,Perito A,Málaga,31,48,7939,7.3
Allianz,Si,2025-01-19,Perito B,Zaragoza,49,43,6203,2.5
Allianz,No,2025-01-02,Perito A,Valencia,47,37,3090,4.9
AXA,No,2025-04-14,Perito D,Madrid,46,43,3393,4.1
AXA,Si,2025-04-29,Perito D,Barcelona,38,19,7846,5.0
Generali,No,2025-04-28,Perito C,Zaragoza,24,25,2866,4.6
Generali,No,2025-04-11,Perito C,Barcelona,24,28,6439,7.1
Allianz,No,2025-02-21,Perito A,Málaga,46,16,7781,6.2
Mapfre,No,2024-11-15,Perito A,Madrid,47,49,3506,5.4
Mutua,No,2025-05-10,Perito D,Barcelona,45,49,1097,2.1
Linea Directa,Si,2024-09-05,Perito B,Madrid,46,42,1285,1.9
Linea Directa,No,2025-04-24,Perito A,Málaga,40,22,1479,1.4
Mutua,Si,2024-04-12,Perito B,Sevilla,20,46,6904,4.5
AXA,No,2024-10-14,Perito C,Barcelona,47,18,7248,7.3
Linea Directa,No,2024-12-25,Perito D,Valencia,34,21,6691,2.3
Linea Directa,Si,2024-07-25,Perito A,Madrid,36,41,870,4.8
Mutua,No,2024-08-01,Perito C,Zaragoza,45,31,7491,6.9
Mutua,No,2025-03-18,Perito A,Málaga,39,24,1705,4.3
Allianz,No,2024-02-08,Perito C,Málaga,44,18,6660,6.8
Mapfre,No,2025-05-02,Perito D,Zaragoza,32,37,3775,3.7
Generali,Si,2025-01-23,Perito A,Valencia,52,28,5014,2.9
Allianz,Si,2024-01-27,Perito A,Sevilla,44,19,5367,4.0
Linea Directa,No,2024-10-28,Perito B,Madrid,27,16,7776,8.2
Generali,Si,2025-05-11,Perito B,Sevilla,24,38,2155,2.1
Allianz,Si,2024-06-06,Perito A,Málaga,25,32,5455,4.7
Allianz,No,2024-01-12,Perito D,Barcelona,42,41,7568,6.6
Mutua,No,2025-01-29,Perito B,Sevilla,49,38,449,4.3
Generali,Si,2024-04-16,Perito A,Barcelona,33,43,6657,3.9
Allianz,Si,2024-08-31,Perito A,Valencia,42,25,2092,4.6
Mutua,Si,2024-06-30,Perito C,Málaga,30,32,3639,2.3
AXA,Si,2024-08-23,Perito D,Barcelona,50,18,7796,6.6
Generali,Si,2025-02-01,Perito B,Madrid,25,47,2053,3.3
Allianz,Si,2024-09-22,Perito B,Málaga,30,28,3054,2.7
Linea Directa,No,2025-01-23,Perito C,Valencia,32,46,1703,4.3
AXA,No,2025-05-19,Perito A,Madrid,31,18,3585,7.0
Mutua,Si,2024-07-04,Perito B,Málaga,21,34,3771,2.8
Allianz,No,2024-08-29,Perito A,Sevilla,54,35,3992,4.5
Linea Directa,No,2024-01-02,Perito B,Zaragoza,55,17,3626,3.6
Mutua,Si,2024-06-18,Perito B,Málaga,36,39,6828,3.7
Mutua,Si,2025-01-12,Perito A,Madrid,47,18,5530,5.8
Linea Directa,Si,2024-12-08,Perito A,Barcelona,47,25,243,3.5
Mutua,No,2024-09-02,Perito B,Barcelona,41,30,3812,6.5
Generali,Si,2024-03-15,Perito C,Málaga,57,20,2818,2.2
AXA,No,2024-07-14,Perito C,Málaga,26,45,4878,5.4
AXA,No,2024-10-09,Perito C,Valencia,34,27,3363,4.8
Mapfre,Si,2024-05-26,Perito C,Sevilla,51,37,1488,2.2
Allianz,No,2025-06-04,Perito C,Valencia,30,18,3142,3.8
Mutua,Si,2024-10-12,Perito A,Zaragoza,43,47,419,3.1
Allianz,Si,2025-03-12,Perito B,Valencia,22,43,2125,2.0
AXA,No,2024-05-03,Perito C,Barcelona,49,33,3172,4.7
AXA,Si,2025-01-11,Perito D,Barcelona,25,34,3713,2.4
Mutua,Si,2024-01-25,Perito B,Madrid,21,46,2648,3.0
Generali,Si,2025-03-27,Perito D,Zaragoza,33,30,3671,1.7
Linea Directa,Si,2024-03-28,Perito A,Zaragoza,37,19,2974,2.6
Mutua,Si,2024-04-26,Perito B,Valencia,50,26,1190,1.0
Mutua,Si,2025-05-17,Perito A,Madrid,32,35,3146,2.9
Mapfre,No,2024-01-20,Perito D,Málaga,45,28,2012,4.0
Linea Directa,Si,2024-03-28,Perito B,Madrid,31,36,7943,5.5
Generali,No,2024-07-16,Perito B,Barcelona,37,44,5153,7.0
Allianz,Si,2025-03-15,Perito A,Valencia,28,37,1003,3.9
Linea Directa,Si,2025-04-15,Perito B,Barcelona,40,19,689,2.8
Generali,No,2025-06-06,Perito D,Málaga,59,43,3756,2.8
Mutua,No,2025-03-09,Perito A,Sevilla,43,44,6076,5.7
Mutua,Si,2024-03-15,Perito D,Zaragoza,53,32,1693,1.6
Mutua,Si,2024-02-28,Perito B,Valencia,27,15,3845,3.9
Mutua,No,2024-02-10,Perito D,Barcelona,52,31,7281,3.9
Mutua,No,2025-05-09,Perito B,Sevilla,42,17,3091,4.4
Linea Directa,No,2024-02-11,Perito D,Málaga,32,21,1905,4.7
Linea Directa,No,2024-05-30,Perito D,Sevilla,33,41,3716,3.3
Linea Directa,Si,2024-04-25,Perito C,Barcelona,33,42,3540,4.8
Generali,No,2024-06-28,Perito B,Barcelona,35,45,6610,5.0
Mutua,Si,2024-03-08,Perito C,Málaga,57,29,253,1.5
AXA,No,2024-06-30,Perito C,Málaga,58,22,2775,3.0
Linea Directa,Si,2025-03-22,Perito A,Sevilla,45,20,3791,5.3
AXA,No,2024-09-22,Perito A,Sevilla,45,42,815,5.7
Mapfre,Si,2024-08-01,Perito D,Zaragoza,20,18,5378,2.8
Allianz,No,2024-04-18,Perito B,Zaragoza,51,44,6144,6.3
Linea Directa,No,2024-08-31,Perito A,Barcelona,34,31,7407,7.6
AXA,No,2024-07-22,Perito C,Málaga,40,48,7604,5.2
Mapfre,No,2025-02-25,Perito B,Madrid,37,20,1154,6.0
Generali,Si,2025-03-26,Perito D,Málaga,49,49,2633,1.8
Allianz,No,2024-02-25,Perito D,Valencia,32,30,1829,2.5
Mutua,No,2024-02-23,Perito A,Valencia,43,16,2981,3.5
Linea Directa,No,2024-06-05,Perito A,Málaga,49,22,7059,6.7
Linea Directa,Si,2025-02-12,Perito A,Sevilla,21,29,849,1.8
Mutua,Si,2025-03-05,Perito D,Valencia,38,41,2547,2.2
Generali,No,2025-01-03,Perito C,Zaragoza,44,30,4690,4.2
Allianz,Si,2024-10-28,Perito A,Barcelona,33,15,3478,4.1
Linea Directa,Si,2024-05-01,Perito D,Barcelona,25,24,5655,4.2
AXA,Si,2024-11-10,Perito B,Barcelona,31,21,2840,3.5
Allianz,No,2024-05-27,Perito D,Zaragoza,39,24,4001,5.4
Mapfre,Si,2024-02-03,Perito B,Málaga,42,26,2761,3.4
Linea Directa,Si,2024-10-22,Perito B,Valencia,49,31,3449,3.2
Generali,No,2024-07-05,Perito C,Sevilla,49,26,6739,4.8
AXA,No,2025-01-07,Perito A,Zaragoza,57,29,570,2.4
Allianz,No,2024-02-03,Perito B,Zaragoza,49,46,1057,2.7
Allianz,Si,2024-11-10,Perito A,Barcelona,49,46,5086,5.2
AXA,No,2024-10-13,Perito D,Zaragoza,55,40,4953,4.1
Mapfre,Si,2025-01-30,Perito A,Zaragoza,53,28,7685,5.2
Mapfre,Si,2024-04-05,Perito D,Sevilla,35,40,7079,5.3
Allianz,No,2024-01-03,Perito B,Zaragoza,43,19,5688,4.4
Mutua,No,2024-11-20,Perito C,Barcelona,33,18,583,5.6
AXA,No,2025-03-31,Perito B,Zaragoza,45,42,6405,4.9
Linea Directa,No,2025-01-29,Perito D,Málaga,27,15,4077,4.1
Mapfre,No,2025-04-06,Perito B,Barcelona,33,27,2752,4.8
Linea Directa,No,2024-06-12,Perito C,Málaga,50,17,4534,5.8
Mapfre,Si,2025-01-04,Perito A,Valencia,21,39,4490,3.2
Mapfre,No,2025-01-24,Perito D,Valencia,23,30,2925,4.3
Generali,Si,2025-04-01,Perito A,Sevilla,20,35,4234,5.7
Linea Directa,Si,2025-05-20,Perito C,Zaragoza,39,27,3493,3.1
Mutua,Si,2025-02-27,Perito B,Barcelona,33,22,6404,2.2
Mapfre,Si,2024-07-20,Perito C,Valencia,59,33,5448,2.7
Mutua,Si,2024-04-26,Perito D,Zaragoza,44,30,7333,3.5
Allianz,Si,2024-09-29,Perito D,Madrid,44,26,7028,5.2
Allianz,No,2025-04-17,Perito B,Madrid,22,34,6311,7.4
Generali,Si,2024-07-04,Perito D,Sevilla,24,32,4451,2.9
Mutua,Si,2024-05-31,Perito C,Zaragoza,57,26,4188,3.0
AXA,Si,2024-04-11,Perito D,Valencia,45,39,7745,4.7
Generali,No,2024-06-22,Perito A,Málaga,59,25,7989,6.0
Mapfre,Si,2024-07-06,Perito C,Zaragoza,57,36,1122,2.4
Allianz,Si,2024-12-26,Perito C,Madrid,57,48,3115,3.6
Allianz,No,2024-12-21,Perito D,Zaragoza,23,27,3150,5.2
AXA,No,2024-09-09,Perito B,Valencia,26,26,5905,5.2
Generali,No,2024-06-25,Perito B,Málaga,49,42,3246,5.3
Mutua,Si,2024-06-06,Perito B,Barcelona,49,41,7804,6.0
Allianz,No,2024-09-02,Perito D,Zaragoza,38,27,1174,4.0
Mapfre,No,2024-06-11,Perito D,Valencia,58,41,1430,3.8
AXA,No,2024-07-15,Perito D,Barcelona,54,45,2635,5.2
AXA,Si,2024-04-24,Perito C,Madrid,59,16,7847,6.1
Linea Directa,No,2024-05-29,Perito C,Barcelona,52,32,2014,3.1
AXA,Si,2024-07-22,Perito D,Madrid,52,40,3134,2.0
Mapfre,Si,2024-06-10,Perito B,Sevilla,33,45,5133,2.7
AXA,No,2024-01-04,Perito A,Sevilla,57,36,6303,6.8
Mutua,Si,2024-10-11,Perito B,Madrid,29,33,1563,4.2
Linea Directa,Si,2025-06-10,Perito C,Málaga,47,28,4140,3.0
Mutua,Si,2024-03-31,Perito C,Sevilla,33,28,6683,5.7
Generali,No,2024-07-20,Perito B,Málaga,55,43,403,4.1
Generali,Si,2025-01-30,Perito B,Málaga,57,31,360,2.6
Mutua,No,2024-11-02,Perito C,Málaga,35,23,7907,6.4
Mapfre,Si,2024-05-28,Perito C,Valencia,40,15,4687,4.2
Linea Directa,No,2024-10-01,Perito D,Zaragoza,47,18,968,1.6
Generali,Si,2024-12-06,Perito A,Valencia,52,21,3948,3.9
AXA,Si,2024-01-31,Perito D,Zaragoza,25,25,6918,4.4
Mutua,No,2025-01-16,Perito D,Zaragoza,34,28,2781,3.4
Allianz,Si,2024-02-08,Perito B,Málaga,22,33,1293,1.7
Mapfre,No,2024-11-23,Perito B,Madrid,54,17,7236,4.7
Mapfre,No,2024-08-14,Perito A,Zaragoza,33,22,4700,4.3
Mutua,Si,2024-06-18,Perito D,Sevilla,21,43,807,2.7
Allianz,No,2024-08-17,Perito D,Barcelona,48,23,5910,6.0
Mapfre,Si,2025-02-26,Perito C,Valencia,23,33,1740,1.0
Linea Directa,No,2024-07-07,Perito C,Valencia,45,26,3075,4.8
Generali,No,2024-10-15,Perito A,Barcelona,31,41,3391,4.3
Linea Directa,No,2025-02-13,Perito B,Málaga,21,39,2037,3.5
Allianz,Si,2025-04-15,Perito C,Zaragoza,36,31,889,3.1
Linea Directa,Si,2024-09-03,Perito A,Barcelona,54,47,3959,4.5
AXA,Si,2024-11-03,Perito D,Málaga,29,28,3149,1.2
Generali,Si,2024-08-15,Perito A,Valencia,41,42,5536,1.7
Allianz,No,2024-08-10,Perito A,Barcelona,40,32,2303,4.3
Mutua,Si,2024-09-19,Perito C,Zaragoza,34,47,565,1.8
Mapfre,Si,2024-02-23,Perito C,Madrid,54,29,6018,5.4
Generali,No,2024-07-10,Perito D,Sevilla,40,25,3775,3.2
Mutua,Si,2024-07-23,Perito D,Sevilla,40,29,4750,2.6
Allianz,Si,2025-01-09,Perito D,Sevilla,40,44,4399,2.4
AXA,No,2024-11-07,Perito A,Barcelona,51,29,4372,5.2
Mapfre,Si,2024-08-11,Perito A,Zaragoza,24,37,4525,5.9
Mapfre,Si,2024-11-21,Perito C,Málaga,58,29,6233,4.3
Generali,Si,2024-10-19,Perito D,Zaragoza,28,43,7625,3.1
Mutua,Si,2024-11-20,Perito C,Zaragoza,37,25,7631,2.4
Allianz,Si,2024-01-29,Perito D,Valencia,40,32,2578,2.5
Allianz,No,2025-05-01,Perito D,Sevilla,27,45,1405,4.4
Mutua,Si,2024-07-15,Perito C,Barcelona,53,23,5188,5.2
Mapfre,Si,2024-01-17,Perito C,Sevilla,29,36,4039,5.9
Mutua,Si,2024-01-09,Perito C,Zaragoza,43,25,5869,3.4
Linea Directa,Si,2024-03-07,Perito D,Málaga,59,31,2935,3.0
Allianz,Si,2024-06-22,Perito A,Madrid,43,47,6370,4.1
Mutua,Si,2025-02-24,Perito C,Madrid,51,25,3547,2.4
Mapfre,Si,2025-01-27,Perito C,Zaragoza,52,22,1875,2.4
Generali,Si,2024-10-29,Perito A,Valencia,57,18,498,3.8
Linea Directa,No,2024-09-20,Perito A,Madrid,53,33,1156,6.6
Mapfre,Si,2024-11-30,Perito B,Madrid,30,38,7142,5.4
AXA,Si,2024-06-09,Perito C,Barcelona,50,32,1314,2.5
AXA,Si,2025-01-25,Perito B,Barcelona,37,47,6823,3.1
Mutua,No,2024-07-30,Perito B,Valencia,42,24,6916,4.7
Mapfre,Si,2025-01-22,Perito A,Zaragoza,41,28,2705,3.3
Mapfre,No,2024-06-03,Perito D,Valencia,37,21,1674,2.5
Allianz,Si,2024-11-29,Perito D,Zaragoza,59,26,4660,1.2
Generali,Si,2024-01-24,Perito A,Barcelona,58,36,7202,5.9
Linea Directa,Si,2025-06-18,Perito B,Madrid,39,41,5994,4.6
Mapfre,Si,2025-03-02,Perito B,Zaragoza,32,25,4646,4.0
Linea Directa,No,2025-02-14,Perito B,Málaga,20,27,3926,3.5
Mutua,No,2024-04-03,Perito B,Madrid,23,46,3671,4.8
Allianz,Si,2024-12-09,Perito C,Madrid,43,22,6596,5.2
Linea Directa,Si,2024-03-18,Perito B,Málaga,55,21,3028,3.4
Linea Directa,Si,2024-10-27,Perito A,Valencia,55,31,6200,4.1
Linea Directa,Si,2025-04-10,Perito B,Barcelona,21,36,3050,3.2
Linea Directa,No,2025-06-19,Perito B,Valencia,47,48,5307,3.6
Linea Directa,Si,2025-02-27,Perito A,Valencia,45,34,2706,3.5
Allianz,No,2024-11-03,Perito B,Valencia,42,22,3970,3.9
Mutua,No,2024-08-26,Perito D,Barcelona,34,36,3164,6.2
Linea Directa,No,2025-01-02,Perito A,Valencia,55,41,4794,4.9
Linea Directa,Si,2024-06-16,Perito C,Valencia,46,48,1149,2.5
Mutua,Si,2024-04-04,Perito C,Sevilla,25,35,6290,5.0
Mapfre,No,2024-08-07,Perito A,Madrid,54,29,6342,7.6
Mapfre,No,2024-04-28,Perito C,Sevilla,58,19,4803,4.1
Allianz,No,2024-10-18,Perito C,Barcelona,57,31,5623,7.7
Allianz,Si,2024-05-13,Perito C,Zaragoza,54,22,6844,6.4
Generali,Si,2024-04-30,Perito A,Zaragoza,55,33,3050,3.1
Allianz,No,2024-12-30,Perito B,Málaga,29,19,6941,5.3
Mutua,Si,2025-01-03,Perito C,Zaragoza,49,37,365,2.4
Linea Directa,Si,2025-04-11,Perito D,Málaga,57,33,3686,1.9
Mutua,Si,2024-02-28,Perito B,Zaragoza,48,28,2709,2.8
Generali,No,2025-05-10,Perito B,Sevilla,58,24,1119,2.3
AXA,Si,2024-04-13,Perito C,Sevilla,23,45,313,2.0
AXA,Si,2024-10-21,Perito C,Sevilla,24,27,3704,3.0
Mutua,No,2024-04-11,Perito B,Madrid,23,36,1191,4.7
AXA,No,2024-06-03,Perito C,Barcelona,55,24,7723,7.1
AXA,Si,2024-05-16,Perito A,Zaragoza,35,45,6247,4.5
Generali,No,2024-09-16,Perito A,Zaragoza,44,49,6550,6.9
Linea Directa,No,2024-02-29,Perito C,Zaragoza,33,27,4039,3.4
Allianz,Si,2025-06-24,Perito B,Valencia,30,44,1458,2.1
Allianz,No,2024-06-13,Perito C,Sevilla,48,48,7809,4.9
AXA,No,2024-05-05,Perito D,Madrid,53,49,3626,6.2
Mapfre,Si,2024-05-01,Perito A,Málaga,41,18,714,2.5
Generali,Si,2024-05-12,Perito B,Málaga,33,18,5527,3.6
Linea Directa,Si,2025-01-01,Perito D,Málaga,43,20,5004,4.4
Linea Directa,No,2024-12-05,Perito C,Sevilla,58,42,3396,2.6
AXA,Si,2024-02-16,Perito A,Málaga,45,44,6481,3.6
Mapfre,No,2024-10-12,Perito D,Málaga,55,41,4634,3.9
Mapfre,Si,2024-02-15,Perito B,Málaga,58,19,2784,2.3
Linea Directa,Si,2024-09-24,Perito A,Valencia,35,49,267,3.5
Generali,No,2025-01-09,Perito C,Málaga,57,29,1796,2.2
Allianz,No,2024-03-31,Perito C,Madrid,51,33,5860,6.5
Linea Directa,Si,2024-04-02,Perito A,Sevilla,25,44,4678,3.1
Linea Directa,No,2024-06-24,Perito D,Zaragoza,53,46,218,2.8
Mutua,Si,2024-12-20,Perito A,Valencia,27,43,2930,4.4
Mapfre,No,2025-03-12,Perito A,Valencia,49,20,3721,6.6
Mutua,Si,2025-01-26,Perito A,Sevilla,46,40,6417,3.1
Mutua,Si,2024-04-09,Perito D,Málaga,26,41,772,1.9
Generali,No,2024-09-26,Perito A,Zaragoza,46,49,7282,6.9
Linea Directa,Si,2024-11-13,Perito B,Zaragoza,44,42,5595,3.9
Allianz,Si,2024-11-18,Perito C,Málaga,34,19,7415,4.9
Generali,No,2024-11-07,Perito D,Barcelona,44,30,2458,3.6
Mapfre,No,2024-05-12,Perito B,Málaga,41,32,3102,3.7
Allianz,Si,2024-01-25,Perito A,Zaragoza,37,27,6239,3.8
Linea Directa,No,2024-10-19,Perito B,Madrid,31,39,850,4.9
AXA,Si,2025-04-10,Perito D,Málaga,42,24,5941,5.3
Allianz,Si,2025-01-19,Perito C,Sevilla,58,43,5289,3.9
Generali,No,2024-08-24,Perito D,Málaga,44,24,7038,4.9
Generali,Si,2025-03-15,Perito A,Sevilla,29,20,2787,1.3
Mutua,Si,2024-01-07,Perito A,Valencia,49,30,3462,3.6
Linea Directa,Si,2024-08-09,Perito C,Barcelona,29,39,1538,4.1
AXA,Si,2025-03-28,Perito D,Valencia,53,18,5196,1.6
Linea Directa,Si,2024-06-19,Perito D,Sevilla,32,48,3834,2.9
Allianz,No,2024-08-17,Perito D,Barcelona,48,33,5980,5.5
AXA,No,2024-01-03,Perito B,Valencia,57,47,3027,2.0
Linea Directa,Si,2024-11-18,Perito C,Málaga,28,18,5881,4.4
Mutua,No,2024-11-10,Perito D,Zaragoza,32,48,6219,4.1
AXA,No,2025-04-05,Perito C,Zaragoza,56,26,6077,5.2
AXA,No,2024-01-08,Perito B,Málaga,33,45,5432,5.1
Allianz,No,2024-11-07,Perito D,Barcelona,56,30,2417,3.5
AXA,Si,2024-11-17,Perito B,Valencia,28,16,3739,3.6
Mutua,No,2024-09-18,Perito A,Madrid,27,16,6240,6.1
Mapfre,No,2025-06-04,Perito A,Madrid,58,20,1237,5.1
Mapfre,No,2025-01-09,Perito A,Madrid,59,37,6034,5.9
Generali,No,2024-09-22,Perito C,Valencia,22,30,4583,5.6
Mapfre,No,2024-09-17,Perito D,Zaragoza,59,33,4178,4.6
Allianz,No,2025-06-14,Perito D,Valencia,52,38,6532,4.3
Generali,Si,2024-09-23,Perito B,Valencia,51,41,3161,3.8
Mapfre,No,2025-01-22,Perito B,Sevilla,26,21,3426,3.7
Mapfre,No,2024-12-18,Perito A,Zaragoza,38,44,5886,5.7
Generali,No,2024-03-17,Perito C,Madrid,53,28,7037,5.5
Allianz,No,2024-12-02,Perito C,Madrid,33,29,6041,7.0
Generali,Si,2024-02-02,Perito B,Madrid,38,26,7231,5.3
Allianz,Si,2024-11-18,Perito B,Zaragoza,45,43,6814,3.6
Allianz,No,2024-02-21,Perito D,Sevilla,36,37,1298,3.2
Linea Directa,No,2024-03-17,Perito D,Sevilla,47,27,2524,1.6
Mutua,No,2024-06-26,Perito B,Valencia,38,23,1139,2.4
Mapfre,No,2025-04-10,Perito D,Zaragoza,46,38,3916,3.5
Linea Directa,Si,2025-04-15,Perito B,Zaragoza,38,44,3614,3.3
Mapfre,No,2025-01-19,Perito C,Madrid,52,15,1648,4.7
Linea Directa,Si,2025-04-27,Perito A,Madrid,26,24,770,3.2
AXA,Si,2024-12-04,Perito B,Zaragoza,48,29,7878,5.2
Generali,No,2024-08-17,Perito B,Málaga,24,23,3104,2.8
Linea Directa,No,2024-09-11,Perito D,Zaragoza,49,27,5296,4.0
Mutua,Si,2024-09-13,Perito B,Málaga,27,37,5501,4.9
Mapfre,No,2025-04-25,Perito C,Málaga,31,47,2705,4.5
AXA,Si,2024-02-24,Perito A,Sevilla,32,23,1117,4.1
Mutua,No,2025-03-09,Perito D,Valencia,45,17,2074,5.4
Allianz,No,2024-06-10,Perito C,Barcelona,37,44,5128,5.1
Mapfre,No,2025-04-22,Perito A,Madrid,39,23,7431,7.3
Linea Directa,No,2024-05-17,Perito D,Málaga,35,39,7182,4.1
Generali,Si,2025-06-21,Perito C,Madrid,56,38,7627,4.4
Mutua,No,2024-09-12,Perito B,Madrid,22,46,6536,6.6
AXA,No,2024-07-29,Perito D,Madrid,46,21,1878,4.2
Generali,No,2024-02-13,Perito B,Zaragoza,34,39,815,2.9
Allianz,Si,2024-03-09,Perito D,Valencia,53,34,4701,3.6
Generali,No,2025-03-06,Perito A,Madrid,41,31,1949,4.8
AXA,Si,2025-05-06,Perito D,Valencia,59,40,4025,1.3
Allianz,Si,2024-01-18,Perito D,Barcelona,42,33,7286,5.6
AXA,No,2025-02-20,Perito C,Barcelona,23,17,7064,5.7
Mapfre,Si,2024-05-07,Perito D,Sevilla,42,42,4388,3.7
AXA,No,2024-08-17,Perito A,Madrid,28,36,2677,5.8
Generali,No,2025-02-22,Perito C,Málaga,43,33,4949,2.0
Mapfre,No,2024-09-24,Perito B,Sevilla,40,30,3705,3.9
Mapfre,Si,2024-05-18,Perito D,Zaragoza,35,20,3675,1.8
Mutua,Si,2025-03-15,Perito A,Sevilla,44,45,4729,5.0
Generali,Si,2024-08-10,Perito A,Barcelona,45,48,1335,3.4
Generali,No,2025-06-07,Perito D,Málaga,28,45,4200,4.7
Allianz,No,2024-03-21,Perito D,Madrid,34,25,574,3.8
AXA,Si,2024-07-16,Perito B,Madrid,58,20,7426,4.9
Linea Directa,Si,2025-03-23,Perito B,Barcelona,52,41,5362,5.3
AXA,No,2024-01-19,Perito B,Zaragoza,20,21,406,4.0
Generali,Si,2025-02-08,Perito B,Valencia,24,46,5075,2.5
AXA,No,2024-01-04,Perito B,Barcelona,28,22,1519,3.0
Generali,No,2025-05-11,Perito B,Málaga,25,47,1341,3.4
Mapfre,Si,2024-05-02,Perito C,Valencia,47,29,4827,3.2
AXA,No,2025-03-03,Perito C,Málaga,45,41,7589,6.0
AXA,No,2024-04-25,Perito A,Madrid,47,44,6509,7.5
Generali,Si,2024-03-29,Perito C,Valencia,59,36,2890,1.3
Generali,Si,2025-01-04,Perito D,Málaga,34,43,7523,3.6
Allianz,Si,2024-11-07,Perito D,Madrid,25,44,3455,2.1
AXA,No,2024-08-20,Perito D,Málaga,46,16,289,1.2
Mutua,No,2024-06-18,Perito A,Valencia,57,29,5413,3.6
Generali,Si,2024-10-25,Perito C,Madrid,23,41,4308,4.1
Mutua,No,2025-06-17,Perito D,Málaga,30,21,3220,2.0
Mapfre,Si,2024-09-21,Perito C,Sevilla,40,41,2057,2.0
Mapfre,No,2025-03-30,Perito D,Valencia,49,35,1004,2.0
Mutua,No,2025-06-02,Perito B,Valencia,37,27,1144,3.0
Linea Directa,No,2024-09-25,Perito C,Valencia,54,31,2989,4.0
Mapfre,No,2024-12-25,Perito C,Zaragoza,22,25,6153,5.0
Mutua,No,2024-03-29,Perito D,Madrid,31,24,4075,3.6
Allianz,Si,2024-03-28,Perito C,Valencia,46,47,7805,4.6
Allianz,Si,2025-06-01,Perito B,Málaga,49,28,7905,4.2
Mapfre,No,2024-05-09,Perito D,Sevilla,40,22,1810,3.6
Mutua,Si,2024-01-21,Perito B,Málaga,57,47,3123,2.4
Mutua,Si,2024-11-10,Perito D,Málaga,40,21,6255,4.2
Mutua,No,2024-06-15,Perito C,Valencia,57,48,4082,3.4
Linea Directa,No,2025-03-01,Perito D,Sevilla,59,21,3421,2.7
Mapfre,No,2024-03-14,Perito A,Sevilla,34,21,7003,5.7
Linea Directa,Si,2024-01-03,Perito D,Sevilla,37,21,7375,2.2
Mutua,Si,2024-05-02,Perito C,Sevilla,48,34,5348,2.9
Generali,Si,2025-06-06,Perito B,Barcelona,57,32,4591,5.7
Mutua,No,2025-05-24,Perito B,Sevilla,40,28,7329,6.1
Generali,No,2024-11-10,Perito A,Valencia,36,28,5221,4.9
Allianz,No,2025-02-19,Perito D,Zaragoza,37,35,4935,6.5
Generali,No,2025-03-19,Perito D,Sevilla,56,41,2587,3.2
Allianz,No,2024-05-21,Perito B,Málaga,57,40,4923,4.8
Mapfre,Si,2024-05-16,Perito B,Barcelona,31,41,6782,6.7
Linea Directa,Si,2024-12-05,Perito C,Málaga,30,38,5463,4.1
Linea Directa,Si,2024-12-03,Perito A,Valencia,39,19,1141,2.6
Allianz,No,2025-02-12,Perito B,Valencia,28,42,5125,5.4
Allianz,No,2024-11-13,Perito D,Zaragoza,20,46,6066,5.1
Mutua,Si,2024-03-14,Perito B,Zaragoza,22,38,2766,2.2
AXA,Si,2024-12-11,Perito C,Sevilla,40,20,1175,2.2
Allianz,No,2024-06-27,Perito D,Zaragoza,42,24,7412,5.1
Generali,Si,2025-06-19,Perito C,Valencia,28,17,1154,2.5
Mapfre,No,2024-03-07,Perito C,Barcelona,38,21,1462,3.6
Linea Directa,Si,2024-02-15,Perito C,Zaragoza,38,43,5247,4.0
Generali,Si,2024-12-29,Perito A,Málaga,42,48,1143,2.5
Linea Directa,Si,2024-02-17,Perito D,Valencia,46,21,2402,2.8
Mapfre,Si,2025-04-19,Perito D,Zaragoza,46,31,5500,4.2
Generali,No,2024-08-25,Perito C,Zaragoza,58,27,7582,4.7
Linea Directa,No,2025-01-19,Perito A,Valencia,55,35,6431,5.3
Allianz,No,2024-05-25,Perito B,Barcelona,31,45,3527,5.4
AXA,Si,2024-01-12,Perito D,Madrid,46,23,5830,5.2
Allianz,No,2025-05-03,Perito B,Madrid,53,27,5392,5.2
Linea Directa,Si,2024-03-26,Perito D,Barcelona,52,31,7274,5.0
Mutua,No,2025-02-16,Perito C,Valencia,47,22,4474,6.1
Generali,Si,2025-06-13,Perito D,Barcelona,50,23,2459,4.1
AXA,No,2024-01-07,Perito C,Barcelona,51,23,2028,4.4
Generali,No,2024-06-02,Perito D,Madrid,39,44,1457,5.9
Mutua,Si,2024-07-01,Perito C,Sevilla,59,21,664,2.7
Mutua,No,2024-04-24,Perito B,Zaragoza,54,31,6070,6.8
Mutua,Si,2025-04-23,Perito B,Valencia,50,19,3494,4.3
Linea Directa,Si,2024-07-16,Perito B,Málaga,50,31,6974,7.2
Allianz,Si,2024-10-24,Perito D,Barcelona,57,15,7168,6.4
Linea Directa,No,2025-01-04,Perito A,Madrid,41,30,7631,6.6
Allianz,No,2024-09-12,Perito B,Sevilla,28,31,1430,4.3
AXA,No,2025-03-03,Perito D,Valencia,28,44,2854,2.6
Mutua,No,2024-05-13,Perito C,Barcelona,34,45,1084,5.3
Allianz,No,2024-09-08,Perito A,Madrid,32,49,4005,7.5
Mapfre,Si,2024-04-03,Perito A,Barcelona,41,22,6709,4.9
Mapfre,No,2024-05-25,Perito A,Málaga,35,44,6619,6.4
Allianz,No,2024-10-21,Perito B,Valencia,51,35,6723,5.9
AXA,No,2024-03-04,Perito B,Zaragoza,21,29,5628,5.5
Generali,Si,2025-05-29,Perito B,Valencia,45,48,5950,2.8
Linea Directa,Si,2025-03-02,Perito B,Valencia,33,41,7635,4.1
Mutua,Si,2025-06-14,Perito C,Valencia,57,16,5240,4.1
Allianz,Si,2024-08-01,Perito D,Madrid,53,24,4056,3.5
AXA,No,2024-03-22,Perito A,Málaga,27,19,3335,3.6
Linea Directa,Si,2025-06-11,Perito D,Barcelona,55,41,7153,5.8
Generali,No,2024-12-05,Perito A,Madrid,40,18,7717,6.4
AXA,No,2025-02-02,Perito A,Sevilla,47,27,1124,3.8
Generali,No,2024-03-21,Perito A,Valencia,25,31,6234,7.8
Mapfre,Si,2024-02-13,Perito A,Valencia,39,35,4789,5.1
Linea Directa,No,2024-06-09,Perito C,Barcelona,50,37,1746,4.6
Linea Directa,Si,2025-01-11,Perito C,Valencia,52,47,7465,4.9
Generali,Si,2024-08-07,Perito A,Valencia,26,29,6265,4.9
Mapfre,Si,2024-08-15,Perito A,Barcelona,27,28,1294,2.5
Mutua,Si,2024-09-05,Perito B,Málaga,28,23,2611,3.2
Allianz,Si,2025-04-09,Perito A,Madrid,21,44,2817,5.6
Mapfre,Si,2024-02-09,Perito D,Málaga,36,43,6121,3.5
AXA,Si,2024-12-17,Perito C,Barcelona,56,37,962,4.1
Generali,No,2024-09-27,Perito D,Zaragoza,36,48,2523,3.9
Linea Directa,Si,2024-04-08,Perito B,Zaragoza,57,21,4345,4.1
AXA,No,2024-03-11,Perito C,Zaragoza,54,23,7725,4.5
Linea Directa,Si,2025-01-10,Perito B,Valencia,58,18,2975,3.4
Mapfre,No,2024-01-28,Perito B,Valencia,49,16,5201,6.5
Linea Directa,No,2024-08-18,Perito D,Málaga,25,41,7271,4.9
Linea Directa,No,2024-01-20,Perito A,Sevilla,23,47,4859,4.9
Linea Directa,No,2024-12-11,Perito C,Madrid,56,46,5078,6.5
Linea Directa,Si,2025-04-23,Perito C,Valencia,54,41,6828,5.2
AXA,No,2024-09-08,Perito A,Barcelona,28,42,3355,6.8
Generali,Si,2024-10-19,Perito D,Málaga,25,17,4170,2.8
Allianz,Si,2025-03-19,Perito B,Madrid,32,22,2240,4.3
AXA,Si,2025-05-21,Perito D,Zaragoza,41,36,6127,5.5
Mutua,No,2024-09-28,Perito B,Sevilla,47,28,783,2.5
Generali,Si,2024-04-20,Perito C,Zaragoza,49,29,5615,2.5
Generali,No,2024-03-25,Perito A,Zaragoza,55,18,4531,5.8
Mutua,Si,2025-04-17,Perito A,Valencia,21,32,2303,3.7
Mapfre,No,2025-01-19,Perito C,Málaga,55,15,2142,3.3
Mutua,Si,2024-03-28,Perito B,Valencia,27,26,4655,2.9
Mapfre,No,2025-06-04,Perito D,Málaga,28,31,6226,4.5
Allianz,No,2024-09-15,Perito B,Sevilla,20,33,309,4.1
Mapfre,Si,2025-06-21,Perito A,Barcelona,32,21,391,4.6
Allianz,Si,2024-01-20,Perito D,Barcelona,34,23,1103,3.1
Allianz,No,2024-11-10,Perito D,Madrid,51,22,5412,4.8
Linea Directa,No,2024-01-26,Perito B,Valencia,53,39,1061,1.0
Linea Directa,No,2025-01-13,Perito B,Valencia,50,21,6911,5.8
Mutua,No,2025-02-23,Perito B,Valencia,33,22,1283,4.1
Allianz,No,2024-11-25,Perito D,Barcelona,33,38,849,3.6
Mapfre,No,2024-02-16,Perito C,Madrid,48,31,4334,7.8
AXA,Si,2024-09-16,Perito D,Barcelona,38,26,3811,3.0
Linea Directa,Si,2024-12-10,Perito A,Zaragoza,46,45,7416,6.5
Generali,No,2024-09-01,Perito C,Málaga,28,26,7787,6.4
Generali,Si,2024-05-25,Perito C,Valencia,56,16,836,2.1
Mapfre,No,2025-06-14,Perito B,Málaga,56,26,1236,1.8
Linea Directa,Si,2024-03-18,Perito D,Zaragoza,47,41,4331,4.3
AXA,No,2024-03-19,Perito A,Sevilla,43,21,2348,4.3
Allianz,No,2024-06-24,Perito D,Málaga,47,27,4065,5.7
Linea Directa,Si,2024-03-19,Perito B,Málaga,55,15,3357,3.2
Mapfre,Si,2024-10-23,Perito D,Málaga,37,49,3787,4.2
Allianz,Si,2024-05-26,Perito A,Barcelona,44,44,3494,3.2
Linea Directa,No,2024-06-02,Perito B,Málaga,54,45,5657,3.5
Mutua,Si,2024-12-02,Perito D,Zaragoza,23,31,6279,3.2
AXA,No,2024-03-28,Perito A,Valencia,33,22,4461,2.8
Generali,Si,2024-03-04,Perito A,Madrid,58,17,2630,4.7
Mapfre,Si,2024-09-07,Perito B,Sevilla,45,24,2079,1.9
Generali,Si,2024-11-28,Perito B,Valencia,27,48,4166,4.1
Allianz,No,2024-02-27,Perito C,Madrid,43,36,7743,4.6
Allianz,No,2024-02-08,Perito C,Valencia,35,18,7838,6.8
Mutua,Si,2025-05-23,Perito A,Málaga,39,46,7133,5.0
Allianz,No,2024-08-11,Perito B,Sevilla,34,43,3913,5.2
Allianz,No,2025-01-12,Perito B,Valencia,26,25,4326,4.3
Generali,Si,2024-06-05,Perito D,Sevilla,36,27,7742,2.4
Generali,Si,2024-02-23,Perito D,Barcelona,41,18,4306,5.3
Mapfre,Si,2024-04-21,Perito D,Barcelona,41,16,2211,4.0
Mapfre,Si,2024-01-22,Perito D,Málaga,31,48,3573,3.7
Allianz,No,2024-02-08,Perito C,Málaga,37,36,2343,3.9
Linea Directa,Si,2024-05-18,Perito D,Barcelona,34,19,7557,6.9
AXA,No,2024-07-10,Perito B,Valencia,56,23,2700,6.4
Mapfre,Si,2025-01-20,Perito A,Madrid,35,34,6535,7.1
Allianz,Si,2025-03-04,Perito A,Madrid,24,35,4781,3.7
Linea Directa,Si,2025-03-21,Perito A,Barcelona,21,31,1489,4.2
Linea Directa,Si,2024-09-06,Perito C,Madrid,47,26,1647,2.9
Generali,Si,2024-01-15,Perito A,Valencia,46,42,3399,2.3
Linea Directa,Si,2024-05-24,Perito C,Madrid,50,32,6581,5.1
Mutua,No,2024-01-10,Perito C,Zaragoza,55,17,2143,4.9
Generali,No,2024-07-05,Perito A,Madrid,20,19,7722,6.6
Generali,No,2024-11-28,Perito C,Zaragoza,48,28,6259,4.5
Mutua,No,2025-01-24,Perito D,Barcelona,20,40,3383,4.3
Generali,No,2024-07-11,Perito D,Sevilla,27,33,6147,6.6
Mapfre,No,2025-02-20,Perito D,Sevilla,35,31,5765,4.9
Generali,No,2024-09-13,Perito C,Valencia,47,18,5662,4.2
Mutua,Si,2024-09-06,Perito D,Sevilla,41,49,3416,4.4
Allianz,No,2024-11-13,Perito A,Málaga,37,38,3336,4.7
Allianz,Si,2024-10-15,Perito A,Barcelona,41,27,3518,3.8
Allianz,No,2025-06-16,Perito C,Zaragoza,31,47,2982,3.5
Mutua,No,2025-05-24,Perito C,Zaragoza,38,29,1190,2.6
Mutua,Si,2025-01-19,Perito D,Sevilla,44,29,7857,4.0
Mapfre,Si,2025-05-24,Perito B,Madrid,24,45,5120,4.6
Mutua,Si,2024-04-22,Perito A,Sevilla,53,42,5758,4.6
Linea Directa,Si,2024-10-14,Perito B,Barcelona,58,24,2353,3.3
Allianz,Si,2024-02-06,Perito D,Madrid,29,21,6524,5.3
Mutua,No,2024-02-05,Perito C,Madrid,26,47,6527,7.8
AXA,Si,2025-04-27,Perito D,Zaragoza,56,21,425,1.1
Generali,Si,2024-11-08,Perito B,Barcelona,34,19,976,4.6
Mapfre,Si,2025-04-03,Perito D,Valencia,43,40,3037,2.7
Allianz,No,2024-01-07,Perito C,Valencia,45,30,5408,4.7
Linea Directa,Si,2024-12-15,Perito B,Barcelona,45,22,887,4.0
Linea Directa,Si,2024-07-16,Perito D,Zaragoza,45,36,729,2.2
Allianz,Si,2024-02-27,Perito C,Barcelona,29,48,3642,4.9
Linea Directa,No,2024-06-02,Perito D,Barcelona,36,42,5267,4.6
AXA,Si,2025-01-15,Perito D,Madrid,33,21,5231,3.2
Mapfre,No,2024-05-27,Perito C,Madrid,21,42,5718,3.8
Generali,No,2024-05-18,Perito C,Barcelona,32,16,2353,5.2
Mapfre,Si,2024-11-17,Perito D,Zaragoza,46,23,1494,1.1
Mapfre,No,2024-01-25,Perito A,Madrid,28,20,6294,6.0
Allianz,No,2025-03-11,Perito D,Málaga,26,15,7174,4.8
Mutua,No,2025-05-25,Perito C,Barcelona,29,17,1726,3.3
Generali,No,2025-03-10,Perito A,Madrid,28,24,4974,7.6
Mapfre,No,2024-11-11,Perito C,Valencia,41,37,7892,5.4
AXA,No,2024-08-16,Perito D,Barcelona,42,47,3096,5.1
Allianz,Si,2024-05-14,Perito B,Barcelona,26,23,3303,5.0
Mutua,No,2024-10-18,Perito C,Barcelona,28,27,2640,3.1
Mutua,No,2024-08-10,Perito C,Sevilla,46,42,4335,4.1
Allianz,Si,2025-06-11,Perito B,Barcelona,43,21,7003,6.2
Mapfre,No,2024-10-25,Perito C,Valencia,48,40,7585,4.5
Linea Directa,Si,2025-02-17,Perito C,Madrid,36,30,4002,4.7
Allianz,Si,2024-07-11,Perito C,Barcelona,39,40,7324,4.6
Linea Directa,No,2024-06-02,Perito B,Zaragoza,26,46,5401,5.2
Mutua,No,2025-01-14,Perito D,Málaga,59,15,1044,2.3
Mutua,No,2025-04-04,Perito C,Zaragoza,26,35,6039,5.1
AXA,Si,2024-09-07,Perito A,Zaragoza,47,27,6544,6.0
AXA,No,2024-05-10,Perito D,Madrid,38,40,646,4.4
Mutua,Si,2025-02-16,Perito D,Valencia,39,23,4115,2.2
AXA,No,2025-06-09,Perito A,Sevilla,58,37,7795,6.6
AXA,No,2024-11-28,Perito A,Valencia,59,15,3309,5.0
AXA,No,2024-07-04,Perito A,Zaragoza,26,16,1434,5.2
Mutua,Si,2024-10-03,Perito B,Sevilla,25,42,6787,4.4
Mapfre,Si,2024-10-14,Perito C,Madrid,44,45,5646,4.9
Mapfre,No,2025-05-29,Perito D,Sevilla,32,19,7104,5.7
Generali,Si,2025-06-14,Perito A,Madrid,58,39,426,4.5
AXA,No,2024-06-23,Perito C,Valencia,59,22,4343,7.8
Mapfre,Si,2024-07-26,Perito C,Zaragoza,41,48,7385,6.0
Generali,Si,2024-08-08,Perito B,Valencia,36,46,3159,3.1
Allianz,No,2025-05-21,Perito D,Sevilla,41,25,5758,4.3
AXA,No,2025-05-03,Perito C,Málaga,53,39,2030,2.9
Mapfre,Si,2024-10-05,Perito A,Zaragoza,27,17,3979,2.3
Mapfre,Si,2024-11-29,Perito A,Zaragoza,37,46,386,2.8
Linea Directa,Si,2025-03-07,Perito B,Valencia,43,49,6688,2.1
Mapfre,No,2025-06-12,Perito A,Sevilla,21,46,6567,7.7
Linea Directa,No,2024-02-25,Perito A,Barcelona,21,48,3077,4.7
Generali,Si,2024-10-08,Perito B,Madrid,46,19,2735,5.2
Linea Directa,No,2025-04-09,Perito B,Barcelona,33,42,2132,4.6
Allianz,Si,2025-03-23,Perito A,Barcelona,58,42,3124,5.1
AXA,No,2025-04-10,Perito D,Barcelona,31,22,1048,2.6
Mapfre,No,2025-05-19,Perito D,Sevilla,51,41,2232,3.8
Mutua,Si,2024-04-30,Perito B,Valencia,47,30,1452,2.6
AXA,No,2024-08-04,Perito D,Zaragoza,47,32,5709,6.4
Mutua,Si,2025-04-27,Perito D,Barcelona,44,39,5274,3.0
Generali,No,2024-06-14,Perito D,Sevilla,23,15,5908,3.2
Mapfre,Si,2025-01-21,Perito B,Valencia,45,22,5312,2.8
AXA,No,2024-07-17,Perito D,Madrid,55,35,6531,3.7
AXA,No,2024-12-28,Perito A,Valencia,22,48,2081,3.4
Mapfre,No,2025-06-04,Perito A,Valencia,20,38,469,2.7
Allianz,Si,2024-06-12,Perito B,Barcelona,36,40,1830,3.6
Generali,Si,2024-11-21,Perito D,Sevilla,26,28,4605,3.1
Mapfre,No,2024-02-04,Perito C,Zaragoza,24,43,3403,2.7
Linea Directa,No,2024-05-14,Perito C,Málaga,38,44,6339,6.3
AXA,Si,2024-12-12,Perito A,Madrid,58,17,1774,4.7
Allianz,Si,2024-04-13,Perito A,Sevilla,53,21,5391,5.2
AXA,No,2024-10-12,Perito C,Zaragoza,54,25,3092,5.2
Mutua,No,2024-12-08,Perito B,Barcelona,35,46,1895,3.7
AXA,Si,2025-05-09,Perito D,Sevilla,59,26,3458,2.1
Generali,Si,2024-08-25,Perito C,Zaragoza,58,29,6829,4.7
Mapfre,Si,2024-08-10,Perito D,Málaga,46,38,3462,4.0
AXA,No,2025-02-27,Perito C,Madrid,57,15,1645,4.9
Linea Directa,No,2025-04-06,Perito A,Valencia,44,32,6463,5.7
Mutua,Si,2024-01-08,Perito D,Zaragoza,45,21,419,1.0
Mutua,Si,2025-04-27,Perito B,Madrid,33,16,252,1.8
Mapfre,No,2025-03-24,Perito D,Málaga,33,45,1957,4.3
Mutua,No,2025-05-03,Perito D,Madrid,33,47,5770,5.1
Mapfre,No,2024-11-26,Perito C,Zaragoza,44,44,7779,5.7
Generali,No,2024-10-24,Perito B,Madrid,55,45,1866,6.3
Mapfre,Si,2024-08-29,Perito A,Barcelona,23,48,5556,5.0
Allianz,No,2024-09-09,Perito D,Valencia,34,21,7101,5.0
Mutua,No,2025-05-13,Perito D,Málaga,51,39,2985,3.1
Mutua,No,2024-04-12,Perito C,Barcelona,37,30,919,3.0
Linea Directa,Si,2025-05-31,Perito A,Madrid,33,36,605,4.1
AXA,Si,2025-03-06,Perito C,Madrid,20,41,6951,3.4
Allianz,Si,2024-03-07,Perito B,Sevilla,39,31,7364,5.9
AXA,No,2024-05-03,Perito A,Barcelona,29,18,6765,4.7
Mapfre,No,2024-07-24,Perito B,Málaga,29,49,7055,5.1
Generali,No,2024-03-15,Perito C,Málaga,43,36,2494,3.3
Linea Directa,No,2025-06-18,Perito A,Málaga,53,49,271,4.7
Mutua,Si,2024-01-30,Perito B,Zaragoza,47,29,6149,3.4
Generali,No,2024-03-09,Perito B,Zaragoza,46,35,6528,3.6
Mapfre,Si,2024-02-22,Perito C,Zaragoza,59,27,2253,1.5
Mapfre,No,2024-11-20,Perito A,Málaga,20,25,1429,1.9
Allianz,No,2024-12-28,Perito B,Madrid,52,41,1767,5.5
AXA,No,2024-05-13,Perito D,Zaragoza,23,45,3882,5.7
Mutua,No,2024-12-31,Perito A,Madrid,26,46,3153,6.8
Mutua,No,2024-12-18,Perito A,Barcelona,28,44,4682,6.1
Generali,No,2024-11-04,Perito D,Valencia,35,32,6087,4.9
Allianz,Si,2025-04-17,Perito A,Málaga,24,30,898,2.5
Linea Directa,Si,2024-10-10,Perito A,Madrid,53,49,7443,5.5
Mapfre,Si,2024-09-21,Perito D,Barcelona,42,23,5496,4.9
Allianz,Si,2024-08-26,Perito C,Málaga,44,24,1026,1.1
Mutua,Si,2024-03-12,Perito B,Valencia,32,26,6118,4.6
Linea Directa,No,2024-03-09,Perito D,Málaga,43,22,548,2.7
AXA,No,2024-07-27,Perito A,Zaragoza,30,17,5574,6.1
Generali,Si,2025-01-25,Perito B,Sevilla,36,33,4108,3.9
Mapfre,No,2024-02-17,Perito B,Málaga,56,25,507,2.0
Mapfre,No,2024-12-13,Perito B,Sevilla,32,22,3616,5.0
Mapfre,No,2024-12-08,Perito C,Valencia,46,40,5446,6.4
AXA,No,2025-05-27,Perito A,Sevilla,39,37,6256,6.4
Mutua,Si,2024-03-13,Perito A,Valencia,52,24,2534,2.5
Mutua,No,2025-05-01,Perito B,Barcelona,51,32,5061,6.6
Allianz,Si,2024-06-07,Perito B,Sevilla,27,26,5020,4.2
Linea Directa,Si,2024-04-18,Perito C,Zaragoza,48,40,3009,1.2
Allianz,No,2024-05-30,Perito C,Málaga,59,25,5915,4.8
Mutua,No,2024-04-06,Perito B,Málaga,38,24,3758,5.1
Mapfre,No,2025-02-16,Perito A,Barcelona,25,17,4678,6.0
AXA,Si,2024-09-19,Perito D,Madrid,58,21,3677,4.3
Mutua,No,2024-02-08,Perito C,Zaragoza,40,18,6731,4.7
AXA,Si,2024-05-19,Perito A,Zaragoza,41,22,4820,4.4
Generali,No,2024-03-31,Perito C,Valencia,29,27,7924,6.9
Mapfre,Si,2025-04-20,Perito A,Zaragoza,29,26,2886,4.0
Generali,Si,2025-03-09,Perito B,Madrid,48,49,3185,4.3
Mutua,Si,2025-04-24,Perito C,Madrid,35,16,7993,5.8
Allianz,Si,2024-07-12,Perito D,Barcelona,20,29,475,2.6
Mutua,Si,2024-10-09,Perito B,Barcelona,36,48,2747,3.2
Generali,Si,2024-02-26,Perito C,Sevilla,49,40,2964,2.7
AXA,Si,2024-11-03,Perito B,Zaragoza,45,19,536,2.4
Linea Directa,No,2024-05-20,Perito D,Sevilla,38,39,2173,1.3
Linea Directa,Si,2025-02-01,Perito C,Sevilla,40,48,3179,4.3
Mutua,No,2025-05-24,Perito C,Sevilla,36,18,4776,4.1
Allianz,No,2024-01-24,Perito C,Sevilla,59,48,4168,3.2
Generali,No,2024-05-23,Perito A,Málaga,40,41,1110,5.9
Mutua,Si,2024-08-28,Perito A,Barcelona,59,43,2196,4.4
Generali,Si,2024-07-18,Perito C,Valencia,38,19,7640,5.6
Generali,No,2024-07-29,Perito B,Valencia,26,32,3329,3.4
Mapfre,Si,2024-04-16,Perito B,Valencia,36,18,5647,5.0
Linea Directa,Si,2024-09-09,Perito C,Valencia,20,15,6329,4.8
Linea Directa,No,2024-04-13,Perito D,Valencia,56,34,6050,4.2
AXA,No,2024-06-03,Perito D,Málaga,25,20,4404,2.3
Mapfre,No,2024-10-18,Perito D,Barcelona,45,34,7646,7.1
Linea Directa,No,2024-11-18,Perito A,Zaragoza,21,34,3957,4.6
Generali,No,2025-05-31,Perito A,Sevilla,51,41,527,4.9
Allianz,No,2024-12-23,Perito A,Sevilla,24,40,1999,3.8
Allianz,No,2024-03-20,Perito A,Sevilla,56,46,514,3.6
Mapfre,Si,2024-10-26,Perito B,Barcelona,50,24,3745,4.6
Allianz,Si,2024-01-16,Perito C,Barcelona,31,32,1334,5.4
Generali,Si,2024-06-29,Perito C,Zaragoza,54,26,2946,2.2
Mutua,No,2024-05-10,Perito C,Málaga,49,24,5076,4.3
Generali,Si,2024-03-13,Perito B,Málaga,25,38,7596,4.0
Linea Directa,No,2024-08-02,Perito D,Zaragoza,34,38,1720,2.4
Mutua,No,2024-04-15,Perito D,Sevilla,34,39,355,2.6
Allianz,No,2024-07-02,Perito A,Zaragoza,35,22,5792,6.5
AXA,Si,2024-04-16,Perito A,Barcelona,39,28,1924,3.8
AXA,No,2024-01-15,Perito B,Sevilla,32,45,3543,6.1
Generali,No,2024-06-04,Perito B,Málaga,50,38,1086,4.7
Generali,No,2025-03-07,Perito D,Zaragoza,53,30,3273,3.5
Allianz,Si,2024-08-06,Perito C,Sevilla,48,34,3005,2.3
AXA,Si,2024-07-11,Perito C,Málaga,22,29,921,3.0
AXA,No,2024-03-28,Perito B,Madrid,28,28,7878,8.1
Generali,No,2024-02-02,Perito B,Valencia,30,26,1112,4.4
Linea Directa,No,2024-06-07,Perito B,Madrid,30,48,3557,4.5
AXA,Si,2024-08-26,Perito A,Zaragoza,44,22,1070,2.7
Generali,No,2024-05-06,Perito C,Sevilla,41,33,4308,3.0
Mapfre,No,2024-03-03,Perito B,Sevilla,28,19,6951,4.0
AXA,Si,2025-04-03,Perito B,Barcelona,39,41,697,4.2
Mutua,Si,2024-07-08,Perito A,Valencia,40,27,1956,3.7
Allianz,Si,2024-07-07,Perito B,Málaga,29,46,6581,5.8
Generali,Si,2024-01-19,Perito C,Sevilla,41,45,1317,1.3
AXA,Si,2024-11-13,Perito A,Málaga,48,16,3609,5.1
AXA,Si,2024-05-22,Perito B,Málaga,28,21,3028,4.3
Linea Directa,No,2024-10-18,Perito C,Málaga,24,25,5490,6.9
Generali,Si,2025-04-08,Perito C,Madrid,59,25,6300,6.0
Mutua,Si,2024-01-20,Perito A,Málaga,30,37,6949,2.3
AXA,No,2025-03-26,Perito C,Barcelona,20,45,7004,6.9
Mapfre,No,2024-06-26,Perito A,Madrid,20,22,1847,3.3
Allianz,No,2024-11-19,Perito C,Madrid,58,46,5886,3.8
Generali,Si,2024-01-04,Perito B,Sevilla,24,35,7192,4.7
AXA,Si,2024-06-07,Perito A,Valencia,41,45,3183,4.4
Linea Directa,Si,2025-01-06,Perito C,Valencia,45,15,5786,2.2
Linea Directa,Si,2024-04-02,Perito A,Zaragoza,25,27,6971,2.6
Allianz,Si,2024-09-18,Perito C,Sevilla,51,25,342,1.7
Generali,No,2025-05-12,Perito A,Valencia,30,43,5520,5.9
Generali,No,2024-11-27,Perito B,Málaga,29,18,7547,5.5
Generali,Si,2025-05-03,Perito A,Barcelona,58,29,2961,4.1
Mutua,Si,2024-10-13,Perito A,Málaga,53,17,3635,2.5
Mapfre,No,2024-09-08,Perito B,Valencia,50,43,6822,4.9
Linea Directa,Si,2024-11-12,Perito C,Valencia,31,35,4860,4.6
Generali,No,2024-09-22,Perito D,Barcelona,35,16,6814,6.0
Mutua,No,2024-02-12,Perito B,Madrid,57,20,2631,5.2
Generali,No,2025-05-23,Perito A,Madrid,22,45,6011,8.3
Generali,No,2024-08-10,Perito B,Barcelona,21,38,7269,8.4
Mutua,No,2024-04-11,Perito B,Madrid,24,31,4712,7.5
Mapfre,No,2024-12-18,Perito A,Valencia,30,19,2048,6.9
Allianz,No,2024-08-24,Perito A,Madrid,44,16,6651,5.9
Linea Directa,No,2025-04-11,Perito D,Valencia,54,26,2896,2.3
AXA,Si,2024-01-24,Perito B,Sevilla,54,19,1917,3.2
Generali,No,2024-05-29,Perito A,Málaga,41,34,5686,5.1
Mapfre,No,2025-03-24,Perito C,Madrid,56,22,3272,5.1
Linea Directa,No,2024-08-22,Perito C,Sevilla,41,15,1267,1.4
AXA,No,2024-10-15,Perito C,Zaragoza,30,20,2986,4.3
Generali,No,2024-01-05,Perito C,Madrid,51,25,6162,5.6
AXA,Si,2024-06-15,Perito B,Sevilla,54,17,5417,3.4
Mutua,No,2024-11-19,Perito B,Barcelona,50,45,3991,5.2
Linea Directa,Si,2025-05-18,Perito D,Sevilla,27,42,1488,1.0
Mapfre,No,2024-04-02,Perito B,Valencia,39,19,4071,3.7
Mapfre,No,2024-10-11,Perito A,Barcelona,53,40,2006,6.6
Linea Directa,Si,2024-01-17,Perito D,Barcelona,23,30,6483,5.0
Allianz,Si,2024-01-19,Perito B,Valencia,37,45,1704,4.0
Allianz,No,2024-03-15,Perito B,Madrid,23,42,3508,4.0
AXA,No,2025-02-09,Perito A,Barcelona,39,21,7317,7.2
Mutua,Si,2024-01-02,Perito A,Madrid,28,23,5312,4.2
AXA,Si,2024-02-06,Perito A,Málaga,35,49,5248,6.4
Generali,No,2025-04-30,Perito C,Sevilla,45,41,3151,2.9
Mapfre,Si,2025-03-07,Perito B,Sevilla,57,26,271,3.1
AXA,Si,2024-12-30,Perito B,Valencia,44,39,1890,2.2
AXA,Si,2025-05-06,Perito B,Valencia,23,43,7557,5.7
Linea Directa,Si,2025-04-12,Perito D,Zaragoza,57,45,5587,2.0
Mapfre,Si,2025-01-20,Perito D,Sevilla,38,48,1544,1.5
Mapfre,No,2025-01-19,Perito D,Málaga,33,47,6450,5.3
Allianz,No,2025-02-03,Perito D,Valencia,40,41,3503,3.6
Allianz,No,2024-03-05,Perito D,Málaga,34,16,3313,3.8
Mapfre,No,2024-07-16,Perito A,Zaragoza,22,28,1082,3.4
AXA,No,2024-04-11,Perito D,Valencia,56,27,4434,3.8
Generali,No,2025-03-29,Perito B,Barcelona,35,38,2862,4.7
AXA,Si,2025-01-13,Perito C,Zaragoza,33,19,7206,3.7
Generali,Si,2024-03-25,Perito B,Madrid,28,48,6616,7.2
Mapfre,Si,2024-07-18,Perito B,Sevilla,26,37,1704,4.2
Linea Directa,No,2025-01-21,Perito A,Madrid,33,33,2663,6.8
Generali,Si,2024-10-30,Perito C,Zaragoza,25,44,2753,3.6
Allianz,Si,2024-06-11,Perito B,Sevilla,40,30,932,3.3
Linea Directa,Si,2024-11-05,Perito A,Zaragoza,34,48,1948,2.5
Mapfre,Si,2025-05-13,Perito C,Valencia,27,25,4124,2.3
Mutua,Si,2025-02-22,Perito C,Madrid,53,28,623,4.5
Generali,No,2025-01-09,Perito A,Zaragoza,59,29,3678,5.2
Generali,No,2024-02-12,Perito D,Zaragoza,20,49,1791,4.4
Linea Directa,Si,2025-01-29,Perito A,Málaga,51,21,4685,4.5
Mutua,Si,2025-04-20,Perito A,Zaragoza,24,43,4637,3.3
Mutua,No,2024-08-31,Perito D,Valencia,49,36,5241,3.1
Mapfre,No,2025-01-29,Perito A,Zaragoza,41,37,4909,5.7
Linea Directa,Si,2024-08-31,Perito A,Barcelona,39,38,692,4.6
AXA,Si,2024-05-05,Perito A,Madrid,35,49,391,4.2
Mutua,No,2025-05-29,Perito B,Madrid,26,24,698,3.3
Generali,No,2024-06-30,Perito A,Barcelona,26,22,5117,6.5
Mutua,Si,2025-04-29,Perito A,Sevilla,21,26,6031,4.8
Mapfre,Si,2024-06-16,Perito C,Valencia,33,43,1456,1.9
Mapfre,No,2024-07-14,Perito C,Barcelona,50,43,2168,6.1
Generali,Si,2025-04-23,Perito C,Zaragoza,33,37,4522,3.4
Generali,No,2024-08-27,Perito A,Málaga,24,40,5690,7.0
Generali,Si,2024-01-30,Perito D,Valencia,30,46,2386,2.7
AXA,Si,2025-04-04,Perito A,Barcelona,59,20,7199,5.8
Generali,No,2025-02-01,Perito B,Barcelona,24,22,1016,4.5
Linea Directa,Si,2024-11-27,Perito B,Madrid,48,31,3420,2.1
Mapfre,Si,2025-05-09,Perito B,Madrid,30,26,7482,5.5
Mapfre,No,2025-05-06,Perito B,Madrid,24,36,1673,2.3
Mutua,No,2024-03-18,Perito A,Valencia,51,28,1286,3.5
Generali,No,2024-04-17,Perito C,Zaragoza,55,48,4399,4.9
AXA,Si,2025-04-07,Perito A,Sevilla,34,33,2074,2.9
Linea Directa,No,2024-02-07,Perito A,Valencia,38,20,1070,5.4
Allianz,No,2024-12-23,Perito A,Madrid,41,32,4963,6.2
Mutua,No,2025-06-12,Perito A,Madrid,53,29,2242,6.0
Linea Directa,No,2025-05-18,Perito D,Valencia,36,23,472,2.6
AXA,Si,2024-07-12,Perito C,Zaragoza,31,20,1229,2.9
Generali,No,2024-08-18,Perito C,Zaragoza,44,16,3418,3.9
AXA,Si,2024-11-07,Perito B,Barcelona,36,30,6527,5.9
Allianz,Si,2025-05-06,Perito A,Barcelona,29,15,4269,6.2
Linea Directa,No,2025-03-28,Perito B,Madrid,47,44,1251,4.6
AXA,No,2025-02-10,Perito C,Madrid,37,47,4233,6.9
Allianz,No,2024-11-14,Perito C,Sevilla,37,15,1773,3.4
Allianz,Si,2024-07-26,Perito B,Zaragoza,51,30,3390,4.5
Linea Directa,No,2025-02-22,Perito C,Barcelona,33,31,4588,6.4
Allianz,No,2024-02-03,Perito C,Sevilla,35,32,7738,5.4
Linea Directa,No,2025-06-19,Perito D,Madrid,37,36,7611,6.8
AXA,Si,2024-05-18,Perito A,Zaragoza,35,36,7947,5.9
Generali,No,2025-03-25,Perito A,Madrid,36,49,3997,6.8
Mapfre,Si,2024-03-12,Perito C,Sevilla,26,45,3489,1.1
Mapfre,Si,2024-10-08,Perito C,Sevilla,31,41,6520,3.1
AXA,Si,2024-12-02,Perito D,Madrid,53,18,7666,4.8
Generali,No,2024-07-14,Perito B,Málaga,29,19,3947,4.6
Mapfre,No,2024-06-16,Perito D,Madrid,24,39,2305,4.9
Allianz,Si,2024-11-27,Perito D,Barcelona,40,45,5588,4.0
AXA,No,2024-10-15,Perito B,Zaragoza,22,28,507,4.0
AXA,Si,2025-02-10,Perito C,Zaragoza,38,44,7937,2.5
Mutua,No,2024-11-03,Perito A,Madrid,54,26,3559,4.3
Mutua,No,2024-10-04,Perito D,Valencia,25,41,5272,3.8
Mutua,No,2024-02-25,Perito D,Madrid,33,38,3376,6.7
Linea Directa,Si,2024-06-23,Perito A,Málaga,23,44,1451,3.9
Generali,No,2024-10-24,Perito D,Barcelona,37,32,5566,5.0
AXA,Si,2024-03-30,Perito B,Madrid,48,28,2947,5.7
Mutua,No,2025-05-31,Perito A,Sevilla,54,33,1717,3.1
AXA,No,2025-03-18,Perito A,Barcelona,57,36,6426,5.9
Allianz,No,2024-12-11,Perito B,Barcelona,35,40,5505,6.1
Mutua,No,2024-11-18,Perito B,Málaga,39,21,6595,5.3
AXA,Si,2024-11-03,Perito A,Zaragoza,43,42,1578,3.4
Generali,Si,2025-02-26,Perito B,Sevilla,54,19,6069,3.7
Linea Directa,No,2024-08-26,Perito D,Valencia,38,32,6015,5.2
Generali,Si,2024-12-07,Perito C,Madrid,23,28,6338,5.2
Generali,Si,2024-11-20,Perito D,Valencia,52,37,5091,4.4
Mutua,Si,2024-07-22,Perito B,Zaragoza,21,28,5192,4.5
Generali,No,2024-01-03,Perito D,Sevilla,32,46,2161,2.6
Linea Directa,No,2024-09-11,Perito C,Barcelona,49,19,4505,4.3
Mapfre,No,2024-10-25,Perito C,Málaga,53,36,3063,5.1
Linea Directa,No,2024-06-15,Perito C,Málaga,49,42,2856,2.9
Allianz,Si,2024-05-19,Perito B,Barcelona,43,26,2694,5.0
Linea Directa,Si,2025-04-17,Perito B,Málaga,52,32,6803,4.0
AXA,No,2024-02-04,Perito B,Valencia,29,45,5263,5.4
Mapfre,No,2024-08-02,Perito C,Zaragoza,37,27,4767,4.0
Mutua,No,2024-07-14,Perito B,Barcelona,38,34,6713,6.7
AXA,Si,2025-04-28,Perito A,Madrid,26,21,7243,7.1
Linea Directa,No,2024-05-24,Perito D,Madrid,38,37,4205,4.5
AXA,No,2025-03-24,Perito D,Sevilla,43,48,3763,2.9
Generali,No,2024-04-03,Perito A,Zaragoza,34,46,1122,3.1
AXA,Si,2025-05-21,Perito B,Zaragoza,42,35,4432,1.1
AXA,No,2024-07-03,Perito D,Barcelona,23,20,4662,4.2
Linea Directa,Si,2025-02-03,Perito C,Zaragoza,57,30,3159,4.3
Allianz,No,2025-02-01,Perito D,Valencia,23,49,383,1.0
Linea Directa,No,2024-01-31,Perito D,Zaragoza,24,34,7955,4.6
Mutua,No,2024-04-07,Perito D,Barcelona,42,25,3558,4.8
Mapfre,Si,2024-10-21,Perito B,Barcelona,59,46,6815,5.4
Generali,No,2025-02-13,Perito A,Valencia,56,28,1598,3.2
Allianz,Si,2025-02-02,Perito D,Málaga,30,38,6997,5.1
Mapfre,No,2024-03-02,Perito C,Valencia,30,45,2996,4.8
Mapfre,Si,2024-05-31,Perito D,Barcelona,32,31,736,1.8
Allianz,No,2025-05-23,Perito B,Barcelona,33,39,7878,6.5
Generali,No,2024-07-28,Perito B,Barcelona,27,23,7145,5.8
Mutua,Si,2025-04-09,Perito C,Barcelona,44,36,5898,5.5
Allianz,Si,2024-04-13,Perito D,Sevilla,37,49,1473,3.5
Allianz,No,2024-12-22,Perito D,Málaga,37,31,3167,4.1
Allianz,No,2024-11-14,Perito C,Barcelona,29,42,6853,7.9
Generali,No,2024-04-03,Perito A,Sevilla,26,15,6973,5.7
Allianz,Si,2025-04-07,Perito B,Zaragoza,33,23,3249,1.5
Allianz,No,2024-02-29,Perito A,Barcelona,34,27,1296,4.2
AXA,Si,2024-04-05,Perito A,Málaga,35,46,1505,3.7
AXA,Si,2024-07-07,Perito D,Málaga,21,42,1115,1.8
AXA,Si,2024-11-21,Perito C,Valencia,49,45,7727,4.7
AXA,No,2024-01-13,Perito B,Sevilla,49,22,3281,3.7
Allianz,No,2024-06-16,Perito A,Zaragoza,37,22,7578,5.5
AXA,No,2024-06-18,Perito A,Málaga,50,48,4447,6.1
Mapfre,No,2024-08-27,Perito D,Madrid,32,37,1228,5.8
Mutua,Si,2025-03-27,Perito D,Barcelona,39,24,5514,3.9
AXA,No,2024-07-27,Perito D,Málaga,54,39,2177,2.6
Generali,Si,2024-08-03,Perito C,Zaragoza,42,47,3554,4.0
Mutua,Si,2024-11-29,Perito B,Zaragoza,52,18,2711,4.5
Linea Directa,Si,2024-09-05,Perito B,Sevilla,57,21,7480,5.6
Linea Directa,No,2024-03-08,Perito D,Sevilla,54,47,470,4.6
Mapfre,No,2024-11-06,Perito A,Sevilla,55,16,1386,5.1
Mutua,No,2025-02-14,Perito D,Valencia,39,46,4755,4.9
Mutua,Si,2025-03-23,Perito D,Zaragoza,22,19,4400,4.2
Mapfre,Si,2025-03-18,Perito C,Barcelona,27,31,3964,4.8
Linea Directa,No,2024-05-06,Perito D,Madrid,59,26,7923,6.3
AXA,Si,2024-03-01,Perito B,Sevilla,51,26,7649,5.1
Mapfre,Si,2024-11-30,Perito D,Barcelona,48,49,6006,5.0
Generali,Si,2025-06-03,Perito B,Sevilla,26,35,6505,3.5
Mapfre,No,2024-01-09,Perito A,Sevilla,21,35,2598,4.9
Allianz,No,2025-03-28,Perito B,Zaragoza,40,16,4729,4.8
Linea Directa,No,2025-05-01,Perito B,Madrid,25,35,7195,6.9
Allianz,Si,2024-06-01,Perito D,Barcelona,47,29,4435,4.0
Linea Directa,No,2024-06-06,Perito B,Sevilla,55,25,5790,5.4
Linea Directa,No,2025-02-05,Perito B,Zaragoza,51,24,7499,5.8
Mutua,Si,2025-05-22,Perito A,Valencia,28,32,4382,2.9
AXA,Si,2025-02-25,Perito B,Sevilla,30,37,1911,2.0
AXA,No,2024-12-31,Perito B,Zaragoza,42,45,2430,2.4
Linea Directa,No,2024-01-11,Perito D,Barcelona,30,40,6711,7.2
Linea Directa,No,2024-02-08,Perito C,Málaga,21,16,328,3.1
Allianz,Si,2025-01-25,Perito D,Sevilla,22,21,1469,2.3
Generali,No,2024-04-12,Perito A,Valencia,30,38,3872,4.8
Mapfre,Si,2024-03-05,Perito D,Valencia,54,46,1801,1.1
Linea Directa,No,2025-01-14,Perito B,Sevilla,34,40,4965,4.5
Linea Directa,No,2024-12-18,Perito C,Barcelona,30,37,4170,5.4
Mapfre,Si,2024-12-08,Perito D,Sevilla,50,28,7745,2.3
Mapfre,No,2024-10-22,Perito D,Valencia,47,43,4444,4.5
Generali,Si,2024-03-22,Perito A,Sevilla,47,39,5280,4.6
Generali,No,2025-01-15,Perito B,Valencia,51,45,5147,4.4
Mapfre,No,2025-01-19,Perito D,Málaga,44,16,5752,5.9
Linea Directa,No,2024-07-31,Perito D,Sevilla,39,16,827,3.2
Linea Directa,No,2024-03-22,Perito C,Madrid,47,37,3997,6.2
Mapfre,No,2024-06-01,Perito A,Sevilla,44,25,5788,5.8
Linea Directa,Si,2024-08-18,Perito B,Valencia,30,43,6789,4.7
Generali,No,2024-06-11,Perito D,Barcelona,38,49,2244,2.1
Mapfre,No,2025-01-19,Perito C,Valencia,47,23,3752,3.7
Generali,Si,2024-01-19,Perito D,Málaga,20,46,5179,3.1
Linea Directa,No,2024-01-11,Perito D,Barcelona,24,44,2541,3.2
Linea Directa,Si,2024-04-13,Perito A,Madrid,29,29,6084,5.3
Mutua,No,2024-01-29,Perito C,Madrid,53,28,3414,6.1
Allianz,No,2024-09-04,Perito C,Málaga,55,31,449,3.2
Allianz,Si,2024-03-04,Perito B,Málaga,21,36,3125,1.7
Generali,Si,2025-05-30,Perito D,Málaga,37,44,5243,3.7
Mapfre,No,2025-03-28,Perito C,Zaragoza,32,31,1174,1.5
Allianz,Si,2025-01-10,Perito D,Málaga,24,30,1525,2.6
Linea Directa,No,2024-07-14,Perito D,Sevilla,39,22,7392,4.4
AXA,Si,2025-01-25,Perito B,Valencia,21,45,7132,6.3
Mapfre,Si,2024-07-28,Perito B,Zaragoza,30,26,1183,1.0
Generali,Si,2024-10-18,Perito C,Sevilla,49,47,1088,2.3
Linea Directa,Si,2024-11-02,Perito D,Barcelona,51,26,3137,2.4
Linea Directa,Si,2024-09-22,Perito C,Madrid,51,39,2317,3.4
AXA,No,2025-03-14,Perito D,Madrid,57,32,2872,6.6
Generali,No,2024-12-07,Perito C,Barcelona,47,33,5170,5.3
Mapfre,Si,2025-06-14,Perito C,Madrid,29,17,7479,4.3
Linea Directa,No,2024-03-17,Perito D,Málaga,41,49,7731,5.7
Mutua,Si,2025-03-13,Perito A,Málaga,36,19,1526,2.7
Linea Directa,No,2024-11-16,Perito B,Zaragoza,41,49,670,2.9
Mutua,Si,2025-04-12,Perito D,Málaga,38,41,2187,1.9
Mutua,Si,2024-02-12,Perito C,Barcelona,36,35,290,2.8
Mapfre,No,2024-10-05,Perito A,Valencia,43,30,729,4.9
Mapfre,Si,2025-02-01,Perito C,Barcelona,55,42,4956,3.1
AXA,No,2024-11-08,Perito A,Valencia,51,39,4259,5.0
Linea Directa,Si,2024-02-05,Perito D,Madrid,55,47,5034,4.4
Mapfre,Si,2024-11-06,Perito B,Zaragoza,47,31,2973,3.1
Mapfre,Si,2024-06-15,Perito C,Madrid,33,44,5167,3.6
AXA,No,2024-05-23,Perito A,Madrid,55,18,1886,4.1
AXA,Si,2024-08-03,Perito A,Valencia,25,16,391,2.3
Linea Directa,No,2024-10-29,Perito B,Madrid,28,23,2186,3.7
Generali,No,2024-02-05,Perito C,Barcelona,40,45,3823,5.6
Allianz,No,2025-02-03,Perito D,Valencia,31,39,7609,6.2
Linea Directa,No,2024-10-05,Perito D,Málaga,49,19,2385,3.4
Allianz,Si,2025-02-28,Perito C,Valencia,50,38,4640,3.2
Generali,Si,2024-04-21,Perito B,Barcelona,59,38,7547,3.4
Mutua,Si,2025-06-03,Perito B,Zaragoza,23,43,1208,2.7
Linea Directa,Si,2025-03-02,Perito B,Barcelona,50,45,3983,3.5
Mapfre,No,2024-05-26,Perito A,Barcelona,46,33,6846,6.5
AXA,No,2025-01-26,Perito A,Madrid,44,37,4498,5.3
Linea Directa,No,2025-01-07,Perito B,Zaragoza,24,49,4868,4.4
AXA,Si,2025-02-03,Perito C,Málaga,25,20,4487,3.7
Mutua,No,2025-01-21,Perito D,Zaragoza,24,20,2252,3.7
AXA,No,2025-02-02,Perito A,Málaga,46,44,6209,6.6
Mutua,Si,2024-12-08,Perito B,Sevilla,27,15,3508,3.0
Generali,Si,2024-09-21,Perito A,Zaragoza,28,22,1916,2.9
Mutua,Si,2024-03-06,Perito A,Zaragoza,34,42,510,3.9
Allianz,Si,2024-10-27,Perito B,Barcelona,55,39,6892,6.2
Linea Directa,Si,2024-04-05,Perito C,Zaragoza,26,47,6399,5.4
Mutua,Si,2024-11-01,Perito D,Madrid,51,28,4738,5.0
Linea Directa,Si,2025-01-02,Perito C,Valencia,27,25,1460,4.9
Generali,No,2024-03-12,Perito A,Madrid,34,16,5165,7.0
Mutua,No,2024-12-20,Perito C,Barcelona,56,44,4132,4.3
Generali,No,2024-02-25,Perito C,Madrid,38,44,3468,5.9
Allianz,Si,2024-01-17,Perito D,Zaragoza,58,18,784,2.1
Mapfre,Si,2024-02-14,Perito B,Barcelona,25,27,5890,4.6
Generali,No,2024-06-09,Perito B,Zaragoza,38,21,2999,3.5
Mapfre,Si,2025-01-23,Perito B,Valencia,47,17,5833,3.8
Generali,No,2024-09-09,Perito C,Valencia,36,23,7816,3.5
Mutua,Si,2024-12-23,Perito C,Málaga,38,28,559,1.0
Mapfre,No,2025-02-22,Perito D,Zaragoza,50,25,6019,4.6
Generali,No,2025-05-12,Perito B,Sevilla,30,28,3066,3.5
Linea Directa,Si,2025-03-07,Perito D,Madrid,34,33,6373,4.1
Generali,Si,2024-08-02,Perito D,Sevilla,29,22,6098,3.2
Mapfre,Si,2025-04-01,Perito C,Madrid,42,21,2211,2.2
Linea Directa,Si,2024-02-29,Perito B,Málaga,22,21,6451,4.9
Generali,No,2025-03-16,Perito A,Málaga,22,17,5139,4.9
Mapfre,No,2024-07-11,Perito A,Valencia,37,17,4206,4.9
Allianz,No,2024-06-12,Perito C,Valencia,44,32,1825,4.5
AXA,No,2025-02-10,Perito C,Zaragoza,39,47,2964,3.6
Allianz,No,2024-12-07,Perito C,Valencia,48,42,1090,4.3
Mapfre,No,2024-09-12,Perito C,Zaragoza,41,30,6287,5.5
Mutua,Si,2025-03-29,Perito A,Madrid,34,29,6278,6.5
Mutua,No,2024-10-06,Perito B,Zaragoza,58,43,5255,5.7
AXA,Si,2025-05-11,Perito D,Sevilla,29,32,5764,3.9
Mapfre,No,2024-10-15,Perito A,Sevilla,40,33,7236,5.8
Linea Directa,Si,2024-11-22,Perito B,Valencia,48,43,5757,4.4
Generali,Si,2025-03-16,Perito C,Málaga,51,20,931,1.3
Allianz,No,2024-11-01,Perito D,Sevilla,29,41,4161,4.3
Linea Directa,Si,2024-01-16,Perito B,Málaga,32,21,4901,4.4
Allianz,No,2025-04-29,Perito B,Valencia,42,41,2704,2.9
AXA,Si,2025-05-05,Perito D,Madrid,42,33,814,4.1
AXA,No,2024-03-30,Perito B,Zaragoza,50,31,4006,4.3
AXA,Si,2025-03-01,Perito B,Barcelona,23,25,7041,5.7
Linea Directa,No,2024-01-29,Perito D,Sevilla,22,19,6300,3.4
Linea Directa,No,2024-05-09,Perito D,Zaragoza,40,16,1919,1.0
AXA,No,2024-05-13,Perito A,Zaragoza,21,26,7862,7.3
Linea Directa,Si,2025-06-24,Perito C,Valencia,23,25,4969,3.5
AXA,No,2024-03-18,Perito C,Valencia,20,24,5566,5.8
Linea Directa,No,2025-04-20,Perito B,Zaragoza,34,42,6886,5.1
AXA,No,2024-02-04,Perito C,Sevilla,52,21,1787,2.7
Generali,No,2024-06-27,Perito A,Barcelona,25,28,7200,8.6
Generali,Si,2025-01-01,Perito B,Madrid,26,27,1811,3.5
Allianz,Si,2025-05-06,Perito C,Sevilla,38,19,1096,2.5
Allianz,Si,2024-02-22,Perito C,Zaragoza,20,22,5758,3.7
AXA,No,2024-08-18,Perito B,Madrid,58,15,477,2.7
Allianz,Si,2024-08-01,Perito D,Valencia,38,19,4847,3.7
Linea Directa,Si,2025-01-24,Perito A,Zaragoza,45,25,1836,3.5
AXA,Si,2024-08-31,Perito B,Zaragoza,31,24,2358,3.7
Generali,Si,2024-06-11,Perito B,Sevilla,41,29,2632,2.1
Mutua,Si,2024-02-20,Perito C,Madrid,32,43,4104,2.8
Generali,Si,2025-06-05,Perito D,Málaga,47,39,5056,3.8
Mapfre,No,2024-07-19,Perito C,Málaga,33,20,3462,5.5
Generali,No,2025-02-23,Perito B,Málaga,41,25,7857,4.0
Mapfre,Si,2024-05-26,Perito B,Zaragoza,49,31,7037,2.9
Allianz,No,2025-04-16,Perito C,Madrid,39,29,1649,4.0
Generali,No,2024-05-13,Perito D,Málaga,46,30,4700,2.6
Mutua,No,2024-12-06,Perito B,Valencia,57,16,5654,4.5
Linea Directa,No,2024-04-26,Perito A,Zaragoza,53,33,1432,4.4
Generali,No,2024-06-20,Perito D,Madrid,58,35,4317,5.7
Linea Directa,Si,2024-03-19,Perito B,Valencia,56,25,877,2.8
Generali,Si,2024-07-10,Perito D,Barcelona,20,17,2858,3.3
Generali,No,2024-07-31,Perito D,Madrid,34,48,2228,5.5
Linea Directa,Si,2025-04-03,Perito A,Málaga,51,32,5527,2.4
Linea Directa,Si,2025-01-24,Perito B,Málaga,27,29,6351,3.1
AXA,Si,2024-11-24,Perito D,Zaragoza,52,39,7045,3.9
Generali,Si,2025-02-13,Perito B,Barcelona,37,29,3958,3.6
Generali,Si,2024-09-08,Perito B,Zaragoza,48,44,6104,3.9
Mutua,Si,2024-12-15,Perito D,Sevilla,51,31,4824,3.6
Linea Directa,Si,2024-11-13,Perito C,Barcelona,52,32,2237,3.2
Linea Directa,No,2024-04-06,Perito D,Málaga,24,45,2849,2.9
Mapfre,No,2024-12-01,Perito C,Málaga,37,32,5972,4.7
Mapfre,No,2024-11-05,Perito C,Sevilla,29,49,856,4.2
Linea Directa,Si,2025-05-06,Perito C,Barcelona,55,27,365,3.8
Mutua,No,2024-10-08,Perito C,Valencia,52,28,5144,5.5
Allianz,Si,2024-05-02,Perito D,Barcelona,42,32,4791,4.2
Generali,No,2025-03-23,Perito C,Valencia,59,19,789,3.4
Allianz,No,2024-11-29,Perito B,Málaga,24,28,4724,5.7
Mutua,Si,2024-02-06,Perito D,Málaga,53,39,3021,1.6
Allianz,No,2024-12-20,Perito A,Barcelona,43,26,4458,7.2
Mapfre,Si,2025-03-17,Perito C,Málaga,36,42,6709,4.4
AXA,No,2025-03-08,Perito D,Zaragoza,50,49,7893,5.2
Allianz,No,2024-04-19,Perito C,Zaragoza,26,15,1462,3.0
AXA,Si,2024-09-06,Perito B,Zaragoza,36,17,271,3.3
Allianz,No,2024-01-07,Perito C,Sevilla,47,21,3716,5.1
Mutua,No,2024-02-18,Perito D,Madrid,57,23,4950,3.8
AXA,No,2024-06-03,Perito B,Valencia,41,37,3780,4.6
Allianz,No,2025-03-26,Perito C,Málaga,34,38,468,2.4
Mutua,No,2025-05-19,Perito A,Valencia,56,24,1976,3.9
Linea Directa,Si,2025-06-07,Perito C,Barcelona,34,26,2662,2.4
Mapfre,Si,2024-08-28,Perito C,Sevilla,44,33,1468,2.6
Generali,Si,2025-02-21,Perito B,Valencia,40,46,1215,2.6
Mutua,Si,2025-02-18,Perito C,Málaga,57,38,2922,3.2
Mutua,Si,2024-11-30,Perito D,Madrid,21,36,1283,2.5
Mapfre,Si,2024-07-04,Perito D,Zaragoza,46,17,4301,2.7
AXA,No,2024-09-15,Perito B,Sevilla,51,41,5277,2.9
Allianz,Si,2025-05-03,Perito D,Barcelona,40,33,6913,5.8
AXA,Si,2025-05-09,Perito A,Málaga,23,23,606,1.0
Mutua,No,2025-06-17,Perito C,Sevilla,38,27,7584,5.9
Linea Directa,No,2025-02-07,Perito B,Málaga,21,16,6249,4.9
Allianz,Si,2024-05-10,Perito D,Barcelona,45,43,6369,5.2
Generali,No,2024-02-16,Perito A,Barcelona,53,25,3276,5.7
Generali,No,2025-02-21,Perito A,Madrid,33,48,1185,3.9
Allianz,No,2024-12-28,Perito B,Sevilla,34,18,3803,4.8
Mutua,No,2024-02-25,Perito B,Madrid,39,18,4685,5.5
Linea Directa,Si,2024-06-14,Perito D,Madrid,53,15,909,2.6
Mapfre,Si,2024-07-25,Perito C,Madrid,55,39,2818,4.2
Linea Directa,No,2025-04-03,Perito A,Zaragoza,38,40,5767,6.6
AXA,No,2024-05-09,Perito A,Valencia,28,25,5049,4.8
Linea Directa,No,2024-11-07,Perito B,Barcelona,26,37,6489,6.5
Linea Directa,Si,2025-03-27,Perito A,Madrid,49,16,1611,4.2
AXA,No,2025-01-10,Perito B,Valencia,32,33,7128,4.9
Mapfre,Si,2024-06-03,Perito C,Valencia,46,43,5568,3.3
Mapfre,Si,2025-02-13,Perito B,Valencia,54,18,4821,2.6
Generali,No,2025-04-24,Perito C,Madrid,32,30,1685,5.1
Mapfre,No,2025-03-15,Perito D,Valencia,34,41,6356,4.0
Allianz,No,2025-03-13,Perito B,Madrid,28,19,3150,3.8
Generali,No,2024-02-02,Perito D,Sevilla,42,29,6727,4.7
Mutua,No,2025-01-26,Perito C,Barcelona,55,37,4851,6.6
Generali,No,2024-07-24,Perito A,Málaga,59,17,3134,5.7
Linea Directa,No,2024-02-24,Perito D,Madrid,22,32,7766,3.2
Linea Directa,Si,2024-08-31,Perito B,Barcelona,53,40,4314,4.6
Generali,Si,2024-11-25,Perito B,Madrid,38,20,4870,5.1
AXA,Si,2024-08-15,Perito D,Zaragoza,47,31,7858,4.6
Mapfre,No,2024-06-24,Perito D,Sevilla,42,41,7094,4.8
Linea Directa,Si,2025-02-19,Perito D,Barcelona,59,34,1203,4.5
Linea Directa,Si,2024-11-17,Perito B,Barcelona,26,20,2666,5.1
Allianz,No,2024-05-24,Perito D,Valencia,31,49,7704,5.0
Mapfre,Si,2025-06-05,Perito D,Madrid,33,26,2666,3.0
Linea Directa,No,2024-12-31,Perito C,Madrid,34,17,2138,5.1
AXA,Si,2025-02-18,Perito D,Málaga,22,18,2139,2.7
Linea Directa,No,2025-03-28,Perito D,Valencia,34,18,1835,3.2
Mapfre,No,2024-04-18,Perito B,Valencia,43,18,1898,3.8
Allianz,No,2024-08-31,Perito B,Málaga,27,35,6465,6.7
Mapfre,Si,2024-04-18,Perito A,Valencia,24,16,4727,5.6
AXA,No,2025-04-25,Perito B,Valencia,23,30,2291,4.5
Allianz,Si,2024-04-27,Perito B,Sevilla,33,21,2095,3.6
Mapfre,Si,2025-06-22,Perito B,Zaragoza,35,33,6239,4.9
AXA,No,2024-04-29,Perito B,Barcelona,39,47,5636,5.7
AXA,Si,2025-01-10,Perito D,Málaga,43,23,6724,4.2
Generali,Si,2024-05-28,Perito A,Sevilla,25,31,4440,4.2
Linea Directa,Si,2024-01-18,Perito B,Zaragoza,50,41,3598,4.4
Allianz,No,2024-11-18,Perito D,Sevilla,25,47,6706,5.0
Allianz,Si,2024-01-11,Perito B,Sevilla,54,26,1273,3.3
Linea Directa,Si,2025-01-19,Perito A,Valencia,34,25,5384,4.2
Mapfre,Si,2024-12-10,Perito C,Zaragoza,48,27,2602,3.6
Generali,Si,2024-11-07,Perito C,Zaragoza,22,45,5095,4.0
Allianz,Si,2024-05-11,Perito A,Málaga,30,27,7531,4.3
AXA,Si,2024-07-10,Perito D,Valencia,22,40,3412,3.4
Allianz,No,2024-01-19,Perito D,Valencia,47,45,4237,5.0
Generali,No,2025-01-05,Perito A,Sevilla,29,36,7169,4.2
Linea Directa,No,2024-05-25,Perito C,Madrid,52,20,1351,2.7
Mutua,No,2024-08-27,Perito B,Málaga,35,34,2645,4.1
Linea Directa,Si,2024-01-21,Perito C,Málaga,29,35,2156,3.1
AXA,Si,2024-12-11,Perito B,Sevilla,52,24,7223,3.5
Allianz,Si,2024-03-17,Perito A,Sevilla,55,33,4758,4.4
Linea Directa,Si,2024-03-11,Perito A,Barcelona,22,49,6070,5.4
AXA,No,2024-01-09,Perito A,Sevilla,24,40,6341,3.6
Mapfre,No,2024-08-28,Perito C,Valencia,31,21,4107,4.5
AXA,Si,2024-01-19,Perito A,Sevilla,32,22,1007,1.9
Allianz,Si,2024-10-26,Perito C,Málaga,43,19,386,2.7
Mapfre,Si,2024-12-15,Perito D,Madrid,51,42,6039,4.0
Mapfre,No,2024-05-25,Perito B,Madrid,35,17,5027,6.0
Mapfre,No,2024-06-11,Perito B,Valencia,51,22,6231,6.3
Mutua,No,2024-02-01,Perito B,Madrid,56,29,5509,5.4
Mutua,Si,2024-10-23,Perito A,Sevilla,55,41,5707,4.3
Mapfre,Si,2024-10-28,Perito B,Madrid,40,30,4724,5.8
Linea Directa,Si,2024-04-15,Perito A,Sevilla,31,40,7201,5.5
Linea Directa,No,2024-03-29,Perito C,Zaragoza,40,18,1507,3.4
Linea Directa,No,2025-05-14,Perito A,Barcelona,40,26,2484,6.8
Allianz,No,2025-03-20,Perito B,Málaga,25,31,5513,4.6
Mapfre,Si,2024-03-19,Perito A,Zaragoza,28,40,5606,4.1
Linea Directa,No,2025-02-19,Perito A,Valencia,20,45,5066,4.3
Mapfre,Si,2025-02-09,Perito C,Barcelona,31,29,957,3.9
AXA,Si,2024-10-19,Perito A,Madrid,33,48,4431,3.9
Linea Directa,Si,2024-07-09,Perito B,Valencia,25,43,5087,5.0
AXA,No,2024-12-21,Perito A,Sevilla,20,23,4054,4.3
AXA,No,2025-05-29,Perito D,Barcelona,41,28,4466,5.4
Linea Directa,No,2024-09-07,Perito A,Málaga,53,18,2406,4.3
Generali,No,2025-05-08,Perito D,Málaga,30,38,6544,5.2
AXA,No,2024-10-03,Perito B,Barcelona,22,31,3758,5.7
Linea Directa,No,2024-05-13,Perito D,Barcelona,25,27,1780,4.2
AXA,Si,2025-05-05,Perito D,Barcelona,25,34,1161,2.5
Allianz,No,2025-06-09,Perito D,Madrid,39,31,4047,5.1
Mutua,No,2024-11-15,Perito D,Zaragoza,40,41,6926,6.1
Mutua,Si,2024-03-17,Perito D,Zaragoza,21,47,3775,2.5
Mutua,No,2025-03-18,Perito A,Zaragoza,45,35,1075,2.7
Generali,No,2024-09-04,Perito C,Málaga,50,31,2618,4.5
Mapfre,Si,2024-04-11,Perito D,Málaga,45,36,4398,3.2
AXA,No,2024-04-20,Perito B,Madrid,51,39,1201,5.8
Allianz,Si,2025-05-13,Perito B,Valencia,29,17,5444,4.4
Generali,Si,2024-08-26,Perito A,Málaga,42,41,3584,4.9
Mutua,Si,2025-06-08,Perito C,Valencia,25,41,7319,6.2
Generali,No,2025-01-09,Perito C,Valencia,42,26,4266,4.1
Allianz,Si,2024-01-30,Perito D,Valencia,47,29,3045,2.4
Linea Directa,No,2025-01-29,Perito B,Málaga,49,34,1681,4.7
Generali,Si,2024-10-06,Perito B,Sevilla,33,36,3501,3.2
Mutua,No,2024-01-13,Perito A,Valencia,56,16,857,3.4
Mapfre,Si,2024-09-12,Perito D,Zaragoza,51,18,7225,3.6
Mutua,No,2025-05-12,Perito B,Sevilla,53,27,5516,4.2
Mutua,No,2025-04-13,Perito D,Madrid,41,46,2980,2.5
Mutua,No,2024-04-30,Perito C,Zaragoza,50,36,622,3.9
Generali,No,2024-04-21,Perito D,Sevilla,26,39,6915,4.1
Allianz,No,2025-03-06,Perito D,Sevilla,40,41,3881,2.3
Mutua,No,2024-10-03,Perito A,Barcelona,35,31,4466,6.9
Linea Directa,No,2024-12-01,Perito A,Valencia,39,20,7749,4.6
Generali,No,2024-10-08,Perito C,Málaga,38,30,6516,6.3
Allianz,No,2025-01-04,Perito C,Barcelona,51,22,2910,5.6
Mapfre,Si,2024-03-21,Perito D,Zaragoza,34,47,652,2.2
Mutua,Si,2024-04-07,Perito B,Sevilla,24,24,2597,1.7
AXA,Si,2024-01-02,Perito D,Madrid,30,48,2175,1.4
Generali,Si,2024-04-01,Perito C,Málaga,34,33,1857,1.9
Linea Directa,Si,2025-01-09,Perito A,Madrid,48,28,2741,1.9
Mapfre,No,2025-05-06,Perito A,Sevilla,23,17,6963,3.5
Mapfre,Si,2025-03-28,Perito C,Madrid,55,37,3275,4.9
Mapfre,Si,2025-04-11,Perito D,Barcelona,42,25,3364,5.6
Generali,Si,2024-11-09,Perito B,Madrid,34,20,3166,4.2
Allianz,Si,2024-02-08,Perito A,Barcelona,22,48,2253,4.3
AXA,No,2024-05-24,Perito D,Valencia,51,15,487,2.1
Linea Directa,No,2024-03-22,Perito B,Málaga,29,49,5937,5.9
Allianz,Si,2025-04-18,Perito C,Madrid,59,39,3417,2.6
Mutua,Si,2025-02-13,Perito D,Barcelona,57,43,4054,4.0
AXA,Si,2024-06-04,Perito B,Sevilla,41,37,1647,4.4
Allianz,Si,2024-09-07,Perito D,Zaragoza,33,32,6209,3.7
Mutua,No,2024-08-02,Perito A,Sevilla,36,28,807,3.5
AXA,No,2024-10-14,Perito C,Barcelona,40,31,4752,7.1
Generali,No,2024-07-12,Perito A,Málaga,34,16,1964,6.1
Linea Directa,Si,2024-08-18,Perito A,Valencia,34,45,1425,4.5
Linea Directa,No,2024-06-19,Perito D,Valencia,20,33,1435,2.9
Mutua,Si,2024-11-03,Perito C,Málaga,43,46,1229,3.3
Allianz,No,2025-04-06,Perito D,Zaragoza,31,42,2871,5.0
AXA,No,2024-08-19,Perito B,Madrid,29,22,6719,5.7
Mutua,Si,2024-10-09,Perito C,Barcelona,50,36,4162,3.5
Mutua,No,2024-07-01,Perito A,Valencia,30,38,4742,5.5
Generali,No,2024-02-16,Perito A,Málaga,35,16,5130,4.2
Mutua,Si,2025-01-13,Perito A,Valencia,28,33,3377,2.4
AXA,No,2024-07-09,Perito D,Valencia,33,16,3922,3.3
Mapfre,No,2025-06-21,Perito D,Madrid,38,42,5106,4.4
AXA,Si,2024-01-11,Perito D,Valencia,50,46,5720,2.4
AXA,No,2024-09-19,Perito C,Barcelona,28,33,7463,6.6
Generali,Si,2024-08-15,Perito C,Málaga,55,30,5707,4.2
Generali,Si,2025-03-01,Perito C,Zaragoza,58,44,5254,2.4
Linea Directa,Si,2024-06-29,Perito C,Zaragoza,45,36,1675,2.9
Linea Directa,Si,2024-05-14,Perito B,Zaragoza,27,28,3096,3.2
Mutua,Si,2024-12-22,Perito A,Madrid,43,15,1008,2.8
Linea Directa,Si,2024-12-14,Perito D,Zaragoza,27,16,1178,1.9
Generali,Si,2024-11-11,Perito D,Madrid,38,36,2663,3.7
Mutua,Si,2024-05-23,Perito B,Zaragoza,49,47,925,2.7
Mapfre,Si,2025-02-12,Perito A,Málaga,41,29,7871,6.0
Allianz,Si,2025-02-23,Perito A,Barcelona,28,36,2701,5.2
Generali,Si,2024-12-15,Perito B,Zaragoza,23,25,3562,3.2
Generali,Si,2024-11-15,Perito C,Valencia,56,18,7901,3.7
Mapfre,Si,2024-11-24,Perito A,Valencia,27,21,1416,2.5
Generali,No,2025-01-04,Perito C,Zaragoza,20,35,4251,4.6
Linea Directa,Si,2024-05-17,Perito B,Barcelona,47,21,2397,5.1
Linea Directa,Si,2024-03-19,Perito D,Sevilla,25,18,6199,1.3
Linea Directa,Si,2025-05-15,Perito D,Málaga,55,26,3006,2.6
Mapfre,No,2024-04-04,Perito D,Barcelona,30,41,978,3.7
Mutua,Si,2024-06-30,Perito D,Valencia,24,31,1172,2.2
Generali,No,2024-03-09,Perito A,Málaga,43,34,3010,3.1
Generali,Si,2024-02-02,Perito C,Zaragoza,37,45,7345,5.4
Linea Directa,No,2025-02-06,Perito D,Málaga,39,40,5834,4.4
Mutua,No,2024-12-21,Perito D,Valencia,47,45,5712,4.1
Generali,No,2025-04-10,Perito D,Barcelona,32,49,7683,6.5
AXA,No,2024-03-20,Perito B,Sevilla,24,23,2323,4.1
Mapfre,No,2024-12-19,Perito A,Málaga,49,19,798,3.8
Allianz,Si,2025-03-27,Perito B,Zaragoza,20,22,3541,2.6
AXA,Si,2024-02-15,Perito C,Málaga,41,35,424,1.9
Allianz,Si,2024-07-19,Perito D,Málaga,37,30,5849,3.5
AXA,No,2024-07-11,Perito A,Zaragoza,24,30,6456,7.5
AXA,No,2025-06-06,Perito A,Zaragoza,50,32,6594,5.8
AXA,No,2025-03-21,Perito A,Zaragoza,25,42,7600,6.7
Mapfre,No,2025-06-21,Perito B,Barcelona,46,32,1040,5.2
Allianz,Si,2024-10-28,Perito B,Málaga,44,28,2014,2.7
Mutua,No,2024-08-22,Perito B,Zaragoza,48,30,5009,6.0
Mutua,Si,2024-12-20,Perito B,Valencia,47,35,1306,1.0
Linea Directa,No,2025-03-27,Perito C,Valencia,35,15,324,3.4
Generali,No,2025-03-31,Perito D,Zaragoza,31,25,3446,4.8
Mapfre,No,2025-02-09,Perito D,Madrid,39,25,5388,5.8
Linea Directa,No,2024-10-29,Perito B,Málaga,37,16,7414,3.7
Linea Directa,No,2024-11-25,Perito B,Sevilla,53,46,3131,4.3
Mapfre,Si,2025-05-24,Perito B,Madrid,42,33,5575,4.8
Mapfre,No,2024-02-20,Perito C,Málaga,46,19,6046,5.1
AXA,Si,2025-04-10,Perito C,Málaga,36,17,4325,3.1
Mapfre,Si,2024-09-20,Perito A,Zaragoza,40,42,6624,5.6
Mutua,No,2025-02-10,Perito D,Barcelona,59,40,3171,4.4
Mapfre,No,2024-01-12,Perito B,Barcelona,50,37,2217,6.0
AXA,No,2024-02-17,Perito A,Valencia,22,44,7604,6.2
Allianz,No,2024-09-01,Perito D,Madrid,36,22,7615,5.4
Linea Directa,No,2024-02-11,Perito A,Madrid,45,43,2615,7.3
Mapfre,No,2024-12-06,Perito C,Zaragoza,42,27,4790,3.8
Linea Directa,Si,2024-04-25,Perito C,Madrid,25,39,3296,3.8
Allianz,Si,2024-10-14,Perito A,Zaragoza,47,36,1809,3.4
Generali,No,2024-01-12,Perito A,Valencia,27,47,917,2.3
AXA,No,2025-03-03,Perito D,Sevilla,27,21,3761,4.0
Linea Directa,Si,2025-05-07,Perito B,Sevilla,38,37,1216,1.8
Mapfre,Si,2025-01-01,Perito D,Zaragoza,57,20,3765,5.0
Generali,Si,2024-07-15,Perito D,Sevilla,48,29,5633,3.1
Generali,No,2024-08-29,Perito C,Zaragoza,42,29,4901,3.6
Allianz,Si,2024-03-21,Perito C,Madrid,51,48,4670,4.9
Linea Directa,No,2024-03-18,Perito A,Málaga,29,28,6982,5.9
Linea Directa,No,2024-09-24,Perito C,Madrid,46,43,2160,5.5
Mutua,Si,2025-06-24,Perito D,Zaragoza,20,30,1248,1.1
Mutua,Si,2024-09-06,Perito A,Málaga,58,43,1557,4.6
Mutua,Si,2025-02-25,Perito A,Barcelona,48,37,3626,5.1
Linea Directa,No,2024-09-05,Perito C,Zaragoza,22,24,315,2.4
Linea Directa,No,2025-06-11,Perito B,Zaragoza,56,18,2295,3.9
Mutua,Si,2024-06-18,Perito C,Valencia,50,26,2001,3.3
AXA,No,2024-02-15,Perito A,Sevilla,30,48,2346,4.8
Mapfre,Si,2024-01-09,Perito A,Madrid,41,18,5778,4.2
Mapfre,No,2024-10-01,Perito B,Madrid,37,34,5842,4.0
AXA,Si,2024-02-03,Perito D,Barcelona,54,42,1820,1.7
Allianz,No,2024-05-03,Perito A,Málaga,25,42,6748,6.0
Mapfre,Si,2025-04-15,Perito B,Sevilla,22,20,7581,4.9
Linea Directa,No,2025-01-12,Perito D,Valencia,24,28,4980,1.5
Generali,No,2025-01-21,Perito C,Málaga,28,49,3150,4.3
Linea Directa,No,2024-12-06,Perito B,Málaga,47,15,6846,4.5
Mapfre,Si,2024-02-24,Perito D,Zaragoza,38,33,3992,1.6
AXA,No,2024-07-09,Perito A,Sevilla,47,15,5767,4.8
Allianz,No,2024-02-06,Perito A,Valencia,46,27,3141,4.6
Mapfre,Si,2024-10-30,Perito B,Sevilla,32,22,5895,3.9
AXA,Si,2024-01-28,Perito C,Sevilla,57,32,6601,2.0
Generali,No,2024-09-16,Perito B,Madrid,40,49,7187,7.8
Mutua,No,2024-09-28,Perito A,Valencia,46,37,6464,6.3
Generali,Si,2025-04-21,Perito D,Málaga,25,40,5105,3.4
Generali,No,2024-01-09,Perito C,Sevilla,57,34,1177,1.7
Allianz,No,2024-05-07,Perito D,Barcelona,30,16,6397,4.8
Mapfre,Si,2024-07-06,Perito B,Valencia,36,40,3266,3.0
Mutua,Si,2024-03-07,Perito B,Barcelona,58,39,5650,5.7
AXA,Si,2024-09-21,Perito D,Málaga,26,44,983,2.9
Mutua,No,2025-01-24,Perito D,Valencia,49,32,440,5.1
Mapfre,No,2024-08-22,Perito D,Madrid,40,21,6074,5.7
Allianz,Si,2024-03-28,Perito B,Valencia,20,41,1753,1.9
Mapfre,Si,2024-08-29,Perito D,Málaga,44,25,4778,3.8
AXA,No,2025-03-25,Perito A,Madrid,51,22,1212,3.9
Mutua,Si,2025-02-15,Perito D,Málaga,27,25,386,2.0
Generali,No,2024-10-13,Perito A,Zaragoza,24,38,2081,6.3
Mapfre,Si,2024-12-06,Perito A,Valencia,49,44,6999,4.5
Linea Directa,Si,2024-11-04,Perito D,Málaga,27,44,6605,3.1
Allianz,No,2024-08-02,Perito C,Valencia,38,29,5248,3.4
Allianz,No,2024-06-15,Perito C,Madrid,49,49,5683,6.0
Mutua,Si,2024-10-05,Perito C,Valencia,34,38,4786,2.1
Generali,No,2024-01-23,Perito A,Málaga,55,22,630,2.6
AXA,No,2024-07-09,Perito C,Málaga,46,34,438,1.8
Generali,Si,2025-06-18,Perito C,Zaragoza,32,40,6647,5.3
Mutua,No,2024-01-25,Perito D,Zaragoza,33,38,2545,3.2
Generali,No,2024-11-20,Perito B,Málaga,56,36,275,4.5
Mutua,No,2025-01-19,Perito A,Barcelona,49,19,1556,5.2
Generali,No,2025-03-20,Perito B,Barcelona,58,29,6219,5.6
Mapfre,Si,2025-03-01,Perito A,Barcelona,32,43,7342,6.6
Allianz,Si,2024-09-08,Perito A,Sevilla,35,29,6077,5.2
Mutua,Si,2024-11-09,Perito C,Zaragoza,26,41,6985,5.5
Mutua,Si,2025-03-07,Perito D,Valencia,46,22,7841,3.2
Allianz,Si,2024-11-07,Perito B,Barcelona,54,43,5122,4.7
Linea Directa,No,2024-01-01,Perito B,Málaga,34,33,2530,2.7
Linea Directa,No,2024-05-08,Perito C,Málaga,47,45,4886,4.9
AXA,No,2024-01-20,Perito B,Barcelona,54,23,6415,3.4
Mutua,Si,2024-02-22,Perito B,Zaragoza,26,24,7630,3.6
Mapfre,Si,2025-06-03,Perito A,Barcelona,39,24,7046,5.1
Generali,Si,2024-08-07,Perito D,Málaga,51,47,2102,2.2
Mapfre,No,2024-04-16,Perito D,Barcelona,57,39,6206,6.6
Mutua,No,2025-03-01,Perito B,Zaragoza,59,18,4213,2.7
AXA,No,2025-05-06,Perito B,Sevilla,51,19,4870,5.5
Mutua,Si,2024-04-23,Perito A,Sevilla,45,37,7343,5.3
AXA,Si,2024-03-26,Perito C,Zaragoza,58,19,5187,4.1
Allianz,No,2025-05-31,Perito A,Sevilla,39,22,2259,4.0
Generali,No,2024-02-19,Perito C,Madrid,37,31,340,4.8
Mapfre,No,2024-12-05,Perito C,Sevilla,34,15,1989,3.5
AXA,Si,2024-03-18,Perito A,Málaga,41,26,3826,2.9
Mapfre,Si,2024-12-02,Perito D,Zaragoza,41,49,216,1.4
Allianz,No,2024-12-27,Perito A,Madrid,40,28,5382,6.4
Mutua,No,2024-02-23,Perito C,Málaga,21,32,4548,3.5
AXA,Si,2025-03-18,Perito D,Málaga,59,24,664,1.0
Generali,No,2024-06-24,Perito D,Zaragoza,37,29,4671,4.7
AXA,No,2025-03-27,Perito A,Zaragoza,42,47,2027,3.4
Linea Directa,Si,2024-09-15,Perito D,Barcelona,32,33,3228,1.0
Mutua,No,2024-04-26,Perito D,Zaragoza,28,48,719,2.9
Mutua,No,2024-08-02,Perito A,Valencia,26,39,6156,5.4
Generali,No,2024-11-07,Perito B,Sevilla,20,30,289,1.7
Generali,Si,2024-02-21,Perito D,Zaragoza,21,22,5015,2.5
Allianz,No,2024-02-08,Perito A,Valencia,23,49,3051,5.5
Mapfre,No,2024-10-31,Perito A,Valencia,33,35,3043,2.9
AXA,Si,2024-07-26,Perito B,Barcelona,51,33,4925,4.1
Allianz,No,2025-01-31,Perito D,Valencia,55,25,2084,3.6
Mapfre,No,2025-03-31,Perito C,Sevilla,21,25,7542,4.0
Allianz,Si,2025-03-17,Perito C,Madrid,59,25,4371,6.3
Linea Directa,No,2024-02-27,Perito D,Málaga,33,36,7980,6.0
Generali,No,2024-10-10,Perito D,Sevilla,39,35,1125,4.6
Generali,No,2024-03-13,Perito A,Barcelona,44,41,3934,5.8
Mutua,Si,2024-01-06,Perito A,Madrid,27,32,6743,7.3
AXA,No,2024-11-06,Perito C,Barcelona,47,44,6101,6.2
AXA,Si,2025-04-16,Perito D,Sevilla,40,47,1169,1.6
AXA,Si,2024-04-17,Perito A,Málaga,42,35,1294,1.8
Allianz,Si,2025-03-04,Perito C,Valencia,51,16,6324,4.4
Allianz,Si,2024-10-24,Perito C,Zaragoza,27,27,7547,3.8
AXA,Si,2024-04-12,Perito B,Zaragoza,50,16,3395,2.4
Mutua,Si,2024-12-13,Perito D,Valencia,56,45,1604,2.2
Mapfre,Si,2025-01-25,Perito B,Barcelona,35,24,3564,5.9
Linea Directa,No,2024-12-30,Perito A,Madrid,59,37,7140,8.2
Allianz,No,2024-04-10,Perito A,Zaragoza,46,36,4490,5.8
AXA,Si,2024-11-19,Perito C,Málaga,59,43,4182,3.3
Generali,No,2024-01-08,Perito A,Barcelona,37,47,4523,6.1
Allianz,No,2025-01-08,Perito B,Málaga,54,45,7798,7.1
Mapfre,No,2024-11-02,Perito D,Zaragoza,34,28,4213,4.4
Allianz,Si,2024-08-27,Perito C,Barcelona,46,24,5755,2.3
Mapfre,No,2025-04-20,Perito C,Madrid,36,32,4756,8.0
Mapfre,Si,2024-06-06,Perito A,Sevilla,59,25,4913,4.1
Allianz,Si,2024-02-04,Perito C,Valencia,21,17,3292,3.1
Mapfre,No,2024-04-19,Perito C,Málaga,50,16,4359,4.7
Allianz,Si,2024-06-04,Perito D,Málaga,56,22,6508,3.7
Allianz,Si,2024-02-19,Perito C,Madrid,53,45,2274,3.6
Mutua,Si,2024-03-16,Perito D,Málaga,53,22,7678,2.6
Generali,No,2024-01-05,Perito B,Sevilla,22,16,7355,4.2
Linea Directa,No,2025-05-16,Perito C,Sevilla,36,36,484,4.9
Mapfre,No,2024-07-09,Perito B,Madrid,33,19,5979,5.3
Allianz,Si,2024-12-15,Perito D,Barcelona,33,21,6624,5.8
Mapfre,No,2024-10-06,Perito C,Barcelona,57,34,5133,6.0
Allianz,No,2025-04-21,Perito A,Málaga,54,42,5126,2.9
Linea Directa,No,2024-05-10,Perito A,Málaga,20,27,1387,2.7
Allianz,Si,2025-04-27,Perito C,Madrid,48,16,4169,3.6
Allianz,Si,2024-08-01,Perito D,Sevilla,23,46,3165,3.3
Generali,No,2024-03-30,Perito A,Madrid,52,40,4519,5.8
Mapfre,Si,2024-05-03,Perito B,Barcelona,36,17,983,4.1
Generali,No,2024-09-26,Perito D,Sevilla,47,27,7513,4.7
Generali,No,2024-01-20,Perito D,Málaga,45,35,7308,5.6
Generali,Si,2024-12-07,Perito C,Barcelona,27,37,1149,2.3
Generali,Si,2024-02-19,Perito B,Valencia,53,21,4139,2.9
Mutua,Si,2024-02-10,Perito D,Barcelona,37,31,7397,5.3
Mapfre,Si,2024-07-24,Perito C,Sevilla,50,42,244,1.8
Mapfre,Si,2024-05-20,Perito B,Sevilla,46,44,2010,2.7
Allianz,Si,2024-08-24,Perito D,Madrid,35,19,4766,4.1
Mapfre,No,2024-11-23,Perito A,Sevilla,29,38,2281,5.0
Linea Directa,No,2024-10-25,Perito B,Valencia,59,21,6996,5.4
Generali,Si,2024-02-18,Perito D,Valencia,31,48,3698,2.6
AXA,Si,2025-03-31,Perito B,Sevilla,41,47,1029,2.7
Mapfre,No,2025-01-29,Perito A,Málaga,35,41,2109,4.7
AXA,No,2024-02-10,Perito D,Sevilla,31,28,6564,4.8
Linea Directa,Si,2024-09-03,Perito A,Málaga,30,33,6187,3.5
Mutua,Si,2024-06-18,Perito C,Sevilla,39,26,2781,3.8
Allianz,No,2025-06-20,Perito C,Barcelona,20,17,891,4.9
Allianz,No,2024-12-17,Perito D,Sevilla,46,21,4219,3.6
Allianz,No,2024-07-02,Perito D,Barcelona,22,49,5686,5.9
Mutua,No,2025-06-18,Perito B,Málaga,31,39,1131,5.3
Generali,No,2024-04-14,Perito D,Sevilla,49,29,5136,3.9
AXA,Si,2024-10-24,Perito C,Málaga,28,33,7354,4.4
Mapfre,No,2024-08-02,Perito D,Valencia,56,33,6234,4.8
Generali,Si,2025-06-17,Perito B,Zaragoza,20,37,5869,6.9
Allianz,No,2024-12-05,Perito C,Madrid,23,25,6925,6.5
Allianz,Si,2024-04-25,Perito D,Málaga,34,35,7483,3.4
Generali,No,2024-10-10,Perito A,Barcelona,46,48,6582,5.4
AXA,Si,2025-02-11,Perito A,Madrid,27,21,3606,4.4
Generali,No,2025-02-11,Perito A,Zaragoza,42,41,6784,5.7
Mutua,Si,2025-05-26,Perito A,Sevilla,34,37,347,3.2
Allianz,No,2024-05-10,Perito B,Barcelona,46,34,1232,4.4
AXA,Si,2024-10-15,Perito A,Madrid,50,41,1511,4.1
Mapfre,Si,2024-07-07,Perito A,Madrid,58,22,587,3.9
Allianz,Si,2025-02-12,Perito D,Málaga,27,17,3321,2.8
Generali,Si,2024-01-07,Perito A,Sevilla,49,16,2073,4.4
AXA,No,2025-04-17,Perito A,Sevilla,37,36,3788,3.8
Allianz,No,2025-02-05,Perito D,Sevilla,23,20,1115,4.8
Mapfre,Si,2024-02-04,Perito C,Málaga,41,38,2078,4.1
Mapfre,No,2024-10-06,Perito B,Málaga,22,26,6981,6.3
Linea Directa,Si,2024-01-17,Perito B,Sevilla,34,31,7954,3.8
Generali,No,2024-09-04,Perito C,Madrid,54,36,3948,5.2
Mutua,No,2024-01-12,Perito D,Zaragoza,57,33,477,1.9
Generali,Si,2024-07-29,Perito C,Sevilla,52,23,2177,1.9
AXA,No,2025-01-02,Perito B,Málaga,33,26,2059,3.4
Generali,Si,2025-02-14,Perito B,Sevilla,20,46,3236,2.9
AXA,No,2024-06-17,Perito C,Málaga,45,45,3571,3.8
Linea Directa,No,2025-03-25,Perito A,Sevilla,27,31,6121,5.6
Linea Directa,No,2024-10-04,Perito B,Zaragoza,35,37,6932,6.1
Linea Directa,Si,2024-06-25,Perito C,Madrid,57,24,6129,5.8
Mutua,No,2024-02-29,Perito A,Madrid,29,44,6992,7.2
Linea Directa,Si,2024-05-06,Perito A,Málaga,56,33,4913,4.1
Generali,Si,2024-12-05,Perito D,Málaga,45,40,5926,3.1
Mapfre,No,2025-04-05,Perito C,Barcelona,47,40,2382,5.1
AXA,Si,2025-02-05,Perito B,Valencia,31,25,4875,4.6
AXA,No,2024-08-27,Perito D,Barcelona,39,34,1370,5.3
Mapfre,Si,2025-05-16,Perito B,Málaga,33,18,689,1.0
Generali,No,2024-08-23,Perito A,Zaragoza,54,26,2725,4.3
Mutua,Si,2024-08-24,Perito C,Málaga,48,39,1382,1.6
Allianz,Si,2024-08-05,Perito A,Sevilla,31,24,4679,2.6
Generali,Si,2024-05-04,Perito A,Barcelona,37,36,4458,6.1
Linea Directa,Si,2024-08-02,Perito A,Valencia,21,21,2688,4.6
Generali,No,2024-09-21,Perito C,Barcelona,21,38,2076,4.5
AXA,No,2024-10-30,Perito D,Madrid,36,16,5508,4.9
AXA,Si,2024-06-19,Perito B,Madrid,29,46,2662,3.5
Mutua,Si,2025-01-07,Perito A,Barcelona,37,35,5658,3.6
Linea Directa,Si,2024-12-12,Perito B,Zaragoza,41,21,1830,3.7
Mutua,Si,2024-02-20,Perito B,Barcelona,38,22,5500,4.4
Mutua,No,2024-05-08,Perito D,Zaragoza,20,35,487,2.4
Mapfre,No,2025-01-17,Perito C,Málaga,43,22,6153,5.3
Allianz,No,2024-07-10,Perito B,Zaragoza,55,39,4482,2.4
Allianz,Si,2024-10-27,Perito D,Sevilla,44,42,2107,2.2
Linea Directa,No,2024-04-26,Perito B,Madrid,55,42,1361,4.6
Mutua,No,2024-09-22,Perito A,Valencia,50,45,329,3.1
AXA,Si,2025-01-16,Perito D,Sevilla,50,39,6537,5.8
Allianz,No,2024-10-03,Perito C,Zaragoza,21,26,2563,2.6
Generali,Si,2024-10-13,Perito C,Barcelona,38,45,6183,5.5
Mapfre,Si,2025-04-24,Perito A,Madrid,31,32,343,2.6
AXA,Si,2024-01-03,Perito A,Barcelona,29,40,215,3.8
Mapfre,Si,2024-01-06,Perito B,Madrid,50,20,7669,4.5
Generali,Si,2024-03-14,Perito D,Valencia,41,23,6766,4.7
Allianz,Si,2024-07-19,Perito D,Sevilla,42,25,444,2.0
Mapfre,Si,2024-09-15,Perito D,Valencia,42,45,1126,1.0
Linea Directa,No,2024-09-11,Perito D,Valencia,34,16,3378,3.8
Mapfre,No,2024-04-20,Perito B,Sevilla,45,43,7455,5.0
Mapfre,Si,2024-08-19,Perito D,Zaragoza,22,19,2376,2.1
Generali,No,2024-09-28,Perito D,Sevilla,42,37,5202,2.6
AXA,No,2025-02-03,Perito C,Zaragoza,39,21,1086,4.8
AXA,No,2024-02-23,Perito C,Valencia,59,27,540,2.2
Generali,Si,2025-04-07,Perito B,Barcelona,58,24,2251,3.5
Mapfre,No,2025-03-30,Perito A,Sevilla,27,30,3598,3.8
Mapfre,Si,2024-09-29,Perito C,Valencia,37,29,5729,3.7
Mutua,Si,2025-04-24,Perito A,Valencia,25,33,4150,3.8
Linea Directa,Si,2025-06-01,Perito B,Valencia,46,35,505,2.1
Allianz,Si,2025-04-19,Perito C,Barcelona,55,49,1107,4.8
Allianz,Si,2025-01-08,Perito C,Málaga,34,29,2854,2.8
AXA,Si,2024-10-01,Perito B,Málaga,56,28,3992,4.9
Generali,Si,2024-08-26,Perito D,Sevilla,24,43,7592,2.6
Mapfre,No,2025-04-09,Perito B,Málaga,58,19,4242,5.6
Linea Directa,No,2025-04-28,Perito A,Madrid,28,32,1571,6.0
Allianz,Si,2025-04-18,Perito A,Zaragoza,26,15,7335,6.0
Generali,No,2024-12-22,Perito D,Sevilla,39,41,520,4.8
Generali,No,2024-02-04,Perito B,Sevilla,29,41,4854,2.1
Mapfre,Si,2025-01-02,Perito B,Valencia,45,39,4259,1.3
Linea Directa,No,2024-11-15,Perito D,Zaragoza,23,35,5500,4.4
Generali,Si,2024-12-24,Perito B,Madrid,57,28,6961,3.2
Allianz,No,2025-05-18,Perito C,Málaga,43,34,7054,3.4
Mutua,Si,2024-05-04,Perito B,Sevilla,33,42,5705,3.7
Allianz,Si,2024-07-22,Perito C,Zaragoza,20,35,5937,3.5
Linea Directa,No,2025-04-06,Perito B,Madrid,36,37,1331,2.6
Mutua,Si,2024-02-07,Perito C,Barcelona,43,25,2778,3.3
Generali,No,2024-04-28,Perito A,Barcelona,46,16,6753,7.5
Allianz,Si,2024-10-24,Perito D,Valencia,26,34,4242,3.4
Mapfre,Si,2024-06-04,Perito A,Madrid,28,38,3567,5.4
Linea Directa,No,2024-08-04,Perito C,Sevilla,54,39,1017,2.9
Generali,No,2024-04-27,Perito D,Barcelona,31,36,5490,6.5
Mapfre,No,2024-11-11,Perito A,Zaragoza,40,38,7698,7.9
Mutua,Si,2024-05-03,Perito A,Barcelona,22,29,6836,6.0
AXA,No,2024-08-10,Perito C,Zaragoza,34,26,7562,5.1
AXA,Si,2025-01-13,Perito B,Málaga,40,45,211,2.0
Mutua,No,2024-08-22,Perito B,Málaga,29,45,394,1.9
AXA,No,2024-02-01,Perito C,Madrid,52,44,2737,4.6
Linea Directa,No,2024-02-03,Perito A,Málaga,25,34,3042,5.1
Generali,No,2024-03-20,Perito B,Madrid,21,22,7224,6.8
Generali,No,2024-11-25,Perito B,Sevilla,48,44,2429,4.3
Linea Directa,Si,2024-04-23,Perito A,Sevilla,59,49,3209,1.9
Allianz,Si,2025-01-27,Perito C,Sevilla,52,35,4951,4.3
Generali,No,2024-02-11,Perito C,Málaga,23,42,6217,4.5
AXA,No,2025-03-01,Perito B,Málaga,23,31,7683,5.3
Linea Directa,No,2024-11-23,Perito C,Valencia,48,26,7037,4.6
Mapfre,Si,2024-03-02,Perito A,Barcelona,56,32,2277,5.8
Allianz,Si,2024-06-20,Perito C,Zaragoza,39,42,5915,2.6
Mapfre,No,2024-08-17,Perito D,Sevilla,42,17,4067,3.8
AXA,Si,2024-11-29,Perito C,Málaga,37,29,5415,2.5
Mapfre,Si,2025-01-09,Perito C,Barcelona,44,30,7748,6.5
AXA,No,2024-03-03,Perito C,Sevilla,20,36,5073,4.8
Generali,Si,2025-06-24,Perito D,Sevilla,34,45,643,1.0
Allianz,Si,2024-12-13,Perito A,Zaragoza,53,45,497,2.7
Mutua,Si,2024-01-18,Perito C,Barcelona,39,15,5103,3.9
AXA,Si,2024-08-26,Perito B,Barcelona,56,25,6056,5.9
Linea Directa,No,2024-08-10,Perito C,Málaga,46,20,1044,5.4
Linea Directa,Si,2025-04-22,Perito D,Barcelona,41,37,1215,1.6
Generali,Si,2024-10-20,Perito D,Barcelona,24,23,1584,4.4
Linea Directa,Si,2024-06-14,Perito B,Málaga,53,30,1597,3.8
Mapfre,No,2025-05-06,Perito D,Sevilla,58,33,753,2.4
Generali,No,2025-03-04,Perito D,Zaragoza,22,27,2550,4.1
Linea Directa,No,2024-03-08,Perito D,Barcelona,36,46,4716,5.3
Mapfre,No,2025-01-14,Perito A,Zaragoza,43,23,1469,3.9
Mapfre,No,2025-01-27,Perito D,Valencia,43,45,1460,2.5
Mapfre,No,2024-04-09,Perito C,Madrid,22,45,7901,7.3
Linea Directa,No,2025-02-09,Perito B,Zaragoza,26,33,384,2.6
Mapfre,Si,2024-09-12,Perito C,Barcelona,44,16,4763,5.6
Allianz,Si,2025-06-12,Perito C,Zaragoza,22,46,7097,3.5
Linea Directa,Si,2025-06-15,Perito B,Barcelona,34,48,2610,6.0
Mapfre,Si,2025-05-24,Perito A,Madrid,48,15,5602,4.2
Allianz,No,2024-04-30,Perito A,Valencia,48,35,5872,8.3
Mutua,Si,2025-04-17,Perito D,Zaragoza,29,17,4631,2.7
Allianz,Si,2024-05-11,Perito A,Sevilla,51,41,2409,4.1
Linea Directa,No,2024-09-01,Perito A,Valencia,42,21,7527,7.0
Linea Directa,Si,2024-06-22,Perito D,Madrid,58,47,5793,4.6
Mapfre,No,2024-07-29,Perito A,Zaragoza,28,23,3872,5.9
Linea Directa,No,2025-05-26,Perito A,Barcelona,56,44,7689,6.5
Mutua,Si,2024-10-20,Perito D,Sevilla,59,32,6355,2.4
Generali,Si,2024-11-05,Perito C,Valencia,33,40,5743,4.0
Allianz,No,2024-05-24,Perito C,Valencia,23,34,7440,6.3
Generali,Si,2025-01-18,Perito B,Sevilla,39,45,4883,3.0
Mutua,No,2025-01-12,Perito A,Valencia,47,22,2081,4.5
Allianz,Si,2024-05-29,Perito D,Madrid,33,37,4496,2.7
Mapfre,Si,2024-10-16,Perito D,Sevilla,53,39,721,2.0
Allianz,Si,2024-04-17,Perito A,Madrid,32,15,2087,3.8
Mapfre,No,2024-08-26,Perito A,Sevilla,50,32,2752,4.6
AXA,No,2025-01-29,Perito D,Madrid,52,33,4009,5.0
Allianz,Si,2024-10-28,Perito D,Barcelona,58,20,6007,3.6
Allianz,Si,2024-01-06,Perito D,Barcelona,47,31,5083,4.3
Generali,No,2025-05-19,Perito B,Valencia,44,22,7406,4.9
Generali,No,2024-12-15,Perito C,Sevilla,51,23,4355,5.4
Mutua,No,2025-02-12,Perito D,Zaragoza,28,41,4873,5.1
Mapfre,No,2024-04-18,Perito C,Sevilla,47,20,4616,4.7
Linea Directa,Si,2025-04-30,Perito A,Madrid,50,20,5754,5.5
Generali,No,2025-06-15,Perito C,Zaragoza,36,18,3679,5.0
Mutua,No,2025-04-06,Perito C,Valencia,42,36,6333,6.1
Mapfre,No,2024-01-29,Perito C,Valencia,32,41,5218,6.3
Mapfre,No,2024-06-06,Perito A,Zaragoza,29,16,1609,3.8
Mapfre,Si,2025-02-14,Perito C,Sevilla,35,23,1894,1.4
AXA,Si,2024-12-27,Perito C,Barcelona,25,25,4864,5.6
Mapfre,Si,2024-04-17,Perito B,Sevilla,30,34,5397,5.4
Mutua,No,2024-05-21,Perito A,Zaragoza,22,28,7561,6.1
Mapfre,No,2024-07-16,Perito C,Sevilla,47,40,7652,5.5
Linea Directa,Si,2025-06-16,Perito A,Málaga,34,44,726,4.3
Linea Directa,Si,2024-09-04,Perito D,Madrid,32,49,6867,3.7
Mapfre,No,2025-05-03,Perito C,Madrid,36,20,2860,4.7
Mutua,No,2024-12-02,Perito A,Málaga,26,17,7523,5.4
Allianz,Si,2024-02-26,Perito C,Valencia,47,15,7707,4.6
Mapfre,No,2025-05-03,Perito C,Zaragoza,57,32,2372,4.8
Mutua,Si,2024-07-20,Perito D,Madrid,32,37,5166,3.0
Generali,No,2024-01-25,Perito B,Valencia,36,46,479,4.2
Mutua,Si,2025-03-21,Perito A,Barcelona,34,43,3164,3.7
AXA,No,2024-07-08,Perito C,Valencia,55,37,4177,4.8
Generali,No,2024-06-17,Perito D,Madrid,47,20,2869,2.2
Linea Directa,No,2024-07-03,Perito D,Zaragoza,34,31,3093,1.5
Linea Directa,Si,2024-09-30,Perito B,Zaragoza,30,32,6188,3.9
Allianz,No,2024-08-20,Perito B,Valencia,50,45,1951,4.9
Allianz,No,2024-04-23,Perito D,Barcelona,23,20,4181,6.0
Mutua,No,2024-02-21,Perito D,Málaga,54,48,4969,2.6
Mutua,Si,2024-04-21,Perito A,Madrid,53,41,5447,6.4
Mapfre,No,2024-12-05,Perito A,Zaragoza,46,39,2561,4.9
Mapfre,Si,2024-07-27,Perito D,Barcelona,29,24,4627,4.5
Linea Directa,No,2025-02-10,Perito D,Sevilla,49,26,5469,6.6
AXA,Si,2024-07-07,Perito B,Málaga,39,25,6335,3.5
Mapfre,Si,2025-06-15,Perito A,Málaga,48,17,5773,5.4
Linea Directa,No,2024-11-26,Perito D,Madrid,48,36,4331,5.0
Mutua,Si,2025-03-30,Perito A,Barcelona,42,18,1908,5.8
Mutua,No,2024-05-20,Perito A,Zaragoza,40,22,5739,5.8
Mapfre,No,2024-04-03,Perito D,Zaragoza,29,28,7389,4.4
AXA,No,2025-04-12,Perito D,Sevilla,31,34,6549,4.0
Linea Directa,No,2024-12-27,Perito C,Zaragoza,49,38,2886,4.2
Mutua,Si,2025-02-07,Perito A,Barcelona,52,28,3095,3.7
Linea Directa,Si,2024-03-24,Perito A,Zaragoza,37,42,5675,1.5
AXA,Si,2024-09-03,Perito B,Valencia,33,30,4735,4.9
Mutua,Si,2025-03-15,Perito B,Zaragoza,41,46,2976,4.1
Linea Directa,Si,2025-02-26,Perito B,Madrid,40,26,1319,3.4
AXA,No,2025-03-12,Perito A,Valencia,20,30,3188,5.3
AXA,No,2025-03-10,Perito D,Zaragoza,34,33,4459,4.8
AXA,Si,2024-11-10,Perito D,Zaragoza,55,19,4443,3.0
Mapfre,Si,2025-01-30,Perito D,Zaragoza,41,26,7897,2.4
Allianz,No,2024-09-08,Perito A,Valencia,51,43,6637,6.1
Linea Directa,Si,2024-07-03,Perito D,Zaragoza,52,19,394,1.4
AXA,Si,2024-12-20,Perito B,Málaga,58,31,862,4.3
Linea Directa,Si,2024-05-04,Perito D,Zaragoza,42,22,679,2.4
AXA,Si,2025-05-15,Perito D,Málaga,21,44,4418,3.6
Linea Directa,No,2024-01-23,Perito B,Valencia,21,24,1623,5.0
Mutua,No,2025-05-04,Perito C,Zaragoza,57,34,7042,5.5
Linea Directa,Si,2024-02-05,Perito C,Barcelona,48,30,5260,6.7
Allianz,No,2024-07-21,Perito C,Madrid,22,30,7819,5.6
Mutua,Si,2024-01-28,Perito A,Zaragoza,58,17,2908,3.4
Mutua,No,2024-09-27,Perito A,Madrid,26,37,3375,7.0
AXA,Si,2024-08-14,Perito B,Barcelona,55,36,6074,3.8
Generali,No,2024-09-09,Perito C,Valencia,48,42,5781,4.6
Allianz,No,2024-11-10,Perito A,Madrid,56,18,4014,6.3
Mutua,No,2025-06-10,Perito D,Zaragoza,55,38,2214,3.8
Generali,Si,2025-02-22,Perito C,Málaga,42,33,3989,2.7
Generali,No,2024-06-08,Perito C,Sevilla,35,25,5005,6.1
Mutua,No,2024-09-06,Perito A,Málaga,50,32,2643,3.4
AXA,Si,2025-02-21,Perito C,Barcelona,53,26,1111,3.6
Mapfre,Si,2024-03-30,Perito B,Sevilla,20,28,5656,3.2
Mutua,Si,2024-11-16,Perito B,Madrid,37,32,7348,3.6
AXA,Si,2025-04-18,Perito A,Zaragoza,59,26,7966,4.5
Allianz,Si,2025-05-15,Perito C,Madrid,34,41,3413,3.8
AXA,No,2024-11-23,Perito B,Sevilla,36,20,2564,2.6
Generali,Si,2024-04-28,Perito C,Madrid,29,38,6030,6.3
Allianz,Si,2024-09-07,Perito B,Sevilla,39,47,3829,3.4
Allianz,No,2025-02-18,Perito B,Valencia,25,30,6119,5.3
Mapfre,Si,2025-02-15,Perito C,Barcelona,27,26,7894,5.5
Mapfre,Si,2024-09-27,Perito A,Zaragoza,53,45,5875,4.3
Mutua,No,2024-11-12,Perito A,Málaga,51,27,3672,5.3
AXA,No,2024-06-11,Perito A,Sevilla,23,22,880,3.3
Mutua,Si,2025-04-20,Perito C,Sevilla,58,17,5629,1.6
Mapfre,Si,2025-06-05,Perito C,Valencia,39,34,6838,2.4
Generali,No,2025-06-22,Perito C,Zaragoza,43,18,4851,4.9
Mapfre,Si,2024-02-21,Perito A,Zaragoza,43,16,809,2.5
AXA,No,2024-08-16,Perito C,Málaga,45,37,2356,6.4
Generali,No,2024-08-17,Perito A,Valencia,44,33,4066,5.8
Mutua,No,2025-03-16,Perito B,Valencia,55,22,571,3.6
Mutua,Si,2024-11-01,Perito A,Barcelona,26,30,7198,4.3
Mapfre,Si,2025-01-22,Perito A,Madrid,29,32,815,3.1
Mapfre,Si,2024-02-12,Perito D,Zaragoza,31,38,7111,4.9
Linea Directa,No,2024-08-10,Perito D,Zaragoza,20,15,6210,4.8
Mutua,Si,2024-10-03,Perito A,Málaga,44,15,2453,2.4
Mutua,Si,2024-11-07,Perito D,Valencia,35,25,5142,2.0
Allianz,No,2024-06-23,Perito C,Madrid,24,32,4338,6.0
AXA,Si,2024-05-06,Perito D,Madrid,38,30,1064,2.2
Allianz,Si,2024-05-30,Perito D,Madrid,23,31,1468,2.5
Allianz,No,2025-06-17,Perito D,Zaragoza,25,38,7654,4.9
Mutua,No,2024-04-05,Perito A,Madrid,45,48,5674,7.8
Linea Directa,No,2025-02-16,Perito B,Barcelona,58,18,984,4.1
AXA,Si,2025-02-20,Perito B,Barcelona,58,49,4771,6.0
Mutua,Si,2024-06-30,Perito B,Valencia,28,29,4378,3.1
Allianz,Si,2024-08-28,Perito B,Madrid,33,16,5429,3.4
Allianz,No,2024-03-06,Perito B,Valencia,28,45,2437,3.5
Mutua,Si,2024-07-15,Perito B,Sevilla,34,23,4254,3.4
Mapfre,Si,2025-01-12,Perito A,Zaragoza,56,24,5095,2.6
Mapfre,Si,2025-02-17,Perito C,Barcelona,39,39,1135,2.3
Mutua,No,2025-03-20,Perito C,Barcelona,27,19,4180,6.0
Generali,Si,2025-06-06,Perito B,Zaragoza,51,28,6594,3.7
Generali,No,2025-01-25,Perito D,Málaga,40,16,2538,4.2
Mapfre,Si,2024-03-08,Perito D,Sevilla,38,32,5964,2.1
AXA,No,2025-03-14,Perito A,Barcelona,48,43,7568,6.2
Linea Directa,No,2024-01-04,Perito B,Madrid,50,34,525,4.9
Allianz,Si,2024-08-23,Perito B,Zaragoza,25,22,1734,2.7
AXA,Si,2024-09-28,Perito D,Madrid,23,40,3680,2.1
Mapfre,No,2024-03-24,Perito B,Zaragoza,48,18,7974,5.9
Mutua,No,2025-06-02,Perito B,Madrid,22,47,4061,6.8
Generali,Si,2024-05-20,Perito D,Zaragoza,20,36,2185,2.0
Mapfre,No,2024-09-03,Perito C,Valencia,34,20,6260,4.5
AXA,No,2024-04-30,Perito C,Barcelona,40,47,5132,6.8
AXA,No,2024-09-29,Perito A,Valencia,50,42,4803,4.5
Linea Directa,Si,2025-02-03,Perito D,Barcelona,26,38,2978,4.0
Mapfre,No,2025-04-10,Perito A,Málaga,36,18,7968,5.9
Allianz,Si,2024-03-25,Perito B,Valencia,38,16,6415,3.1
AXA,Si,2024-07-26,Perito D,Barcelona,58,27,1470,2.4
Allianz,Si,2024-01-31,Perito C,Málaga,22,25,840,1.0
Allianz,No,2024-12-18,Perito B,Barcelona,49,49,7283,7.2
Mutua,No,2024-11-22,Perito C,Sevilla,54,24,6174,5.7
Mapfre,No,2025-06-08,Perito C,Zaragoza,48,24,4903,4.9
Mapfre,Si,2024-10-18,Perito A,Valencia,33,22,7954,4.6
Allianz,Si,2024-02-15,Perito D,Madrid,54,19,6254,5.4
Mutua,Si,2024-10-25,Perito D,Málaga,47,37,4278,3.5
AXA,Si,2024-06-09,Perito D,Málaga,49,48,4861,3.9
AXA,Si,2024-11-23,Perito A,Madrid,45,46,1567,4.4
Mapfre,Si,2025-06-10,Perito C,Málaga,26,30,4242,3.2
Allianz,Si,2024-11-06,Perito A,Madrid,58,18,6397,5.4
Mutua,Si,2025-05-31,Perito D,Madrid,50,42,6049,2.5
Mutua,No,2024-03-24,Perito B,Barcelona,24,28,2775,3.7
AXA,No,2024-07-11,Perito D,Valencia,54,26,6954,5.3
AXA,No,2024-06-06,Perito D,Sevilla,33,35,3803,5.3
Generali,No,2024-01-31,Perito C,Málaga,55,30,1781,4.4
Generali,Si,2025-02-06,Perito D,Barcelona,46,16,2186,3.0
Allianz,No,2024-01-24,Perito D,Sevilla,43,37,2440,2.5
Generali,Si,2024-03-31,Perito C,Sevilla,59,43,4166,4.1
Mutua,No,2025-05-13,Perito D,Málaga,48,23,2305,3.4
Generali,Si,2024-03-25,Perito D,Málaga,41,21,7804,3.3
Mapfre,No,2025-01-06,Perito C,Barcelona,27,43,7478,6.7
Mapfre,No,2024-03-08,Perito B,Málaga,34,31,328,3.9
Linea Directa,No,2025-03-22,Perito C,Sevilla,24,23,6168,3.5
AXA,Si,2025-04-06,Perito D,Málaga,23,20,5001,3.1
AXA,No,2025-05-29,Perito A,Zaragoza,30,34,4196,6.2
Allianz,No,2025-05-17,Perito B,Zaragoza,37,24,1051,4.4
Mapfre,No,2024-03-08,Perito C,Barcelona,49,23,7693,6.5
Linea Directa,No,2025-03-10,Perito B,Barcelona,34,26,4303,4.4
Allianz,No,2025-06-04,Perito B,Barcelona,25,47,2276,3.3
Allianz,Si,2025-02-23,Perito A,Málaga,35,46,5431,5.2
Generali,Si,2024-07-17,Perito A,Valencia,59,48,3194,3.0
AXA,No,2024-07-01,Perito A,Barcelona,28,33,3944,6.4
Allianz,Si,2024-02-18,Perito D,Valencia,53,47,6474,4.8
Allianz,No,2025-05-08,Perito C,Madrid,46,30,6531,5.4
AXA,No,2024-04-25,Perito D,Barcelona,32,37,5994,5.2
AXA,No,2025-03-21,Perito C,Valencia,55,40,2956,5.1
Mapfre,No,2024-10-24,Perito D,Valencia,46,23,5794,4.2
AXA,Si,2024-01-26,Perito D,Sevilla,28,44,7731,4.7
Generali,No,2024-05-16,Perito A,Valencia,24,27,7571,5.7
Mapfre,No,2025-03-22,Perito D,Sevilla,41,30,6555,3.5
Linea Directa,Si,2025-05-02,Perito A,Zaragoza,50,16,1844,3.6
Allianz,No,2025-02-18,Perito C,Zaragoza,22,45,4571,6.0
Generali,No,2024-06-12,Perito A,Zaragoza,49,33,3344,5.0
Generali,Si,2024-09-24,Perito B,Valencia,40,25,5998,4.6
Mapfre,Si,2024-03-16,Perito B,Valencia,54,28,6091,4.7
Allianz,No,2025-06-15,Perito D,Madrid,25,39,442,5.3
Mapfre,No,2024-07-27,Perito B,Valencia,47,21,4285,4.1
Mutua,No,2024-07-10,Perito C,Málaga,51,29,7469,3.3
Mutua,Si,2024-08-14,Perito D,Málaga,56,44,7330,5.2
Mapfre,No,2024-05-28,Perito A,Zaragoza,44,45,7028,4.4
Allianz,No,2024-04-25,Perito D,Málaga,51,38,370,2.1
Allianz,No,2024-03-05,Perito D,Madrid,54,39,852,3.0
AXA,No,2025-04-10,Perito B,Valencia,41,22,6228,4.3
Generali,Si,2024-07-24,Perito D,Madrid,43,44,6531,5.6
Mapfre,Si,2024-07-20,Perito C,Valencia,58,28,3712,3.9
Generali,No,2024-05-14,Perito D,Sevilla,49,43,5405,3.5
Generali,Si,2024-10-08,Perito A,Madrid,51,41,1699,5.3
Mutua,No,2024-12-07,Perito A,Zaragoza,50,48,2299,4.0
Mutua,Si,2024-11-15,Perito B,Málaga,42,35,2358,4.7
Linea Directa,Si,2024-11-30,Perito D,Málaga,59,25,2172,1.8
Mapfre,Si,2024-06-15,Perito A,Málaga,52,47,7220,4.5
Linea Directa,No,2025-02-27,Perito D,Valencia,44,29,4125,3.5
Mapfre,No,2025-02-19,Perito D,Valencia,55,26,5362,3.4
Allianz,Si,2024-10-06,Perito A,Madrid,43,38,2458,4.9
Mapfre,No,2024-01-26,Perito D,Zaragoza,50,25,4239,3.2
Allianz,Si,2025-01-24,Perito B,Barcelona,58,33,2235,3.5
Allianz,No,2024-02-14,Perito B,Valencia,32,15,3471,4.6
Mapfre,Si,2024-10-07,Perito A,Barcelona,29,31,1057,5.8
Allianz,Si,2024-09-11,Perito C,Barcelona,42,30,4023,3.7
Generali,No,2024-05-16,Perito C,Valencia,37,40,6970,4.8
Allianz,No,2024-09-05,Perito D,Madrid,51,29,1249,3.3
Generali,Si,2024-12-16,Perito B,Zaragoza,52,22,4190,3.8
Generali,No,2024-08-30,Perito A,Barcelona,55,44,498,4.2
Generali,Si,2025-02-22,Perito B,Madrid,47,28,7444,4.6
AXA,Si,2025-06-13,Perito C,Madrid,35,47,1123,3.5
Linea Directa,No,2024-05-24,Perito C,Zaragoza,35,21,4432,5.1
AXA,No,2024-09-01,Perito D,Valencia,37,32,5339,3.8
Allianz,No,2024-03-18,Perito A,Zaragoza,27,26,6783,5.9
Linea Directa,No,2024-08-07,Perito D,Barcelona,35,16,4506,5.3
Linea Directa,Si,2024-09-16,Perito B,Madrid,30,43,2999,4.0
Linea Directa,Si,2024-09-26,Perito B,Barcelona,25,35,5870,5.3
Mapfre,Si,2024-07-14,Perito C,Madrid,20,21,6778,4.4
Allianz,No,2024-05-03,Perito D,Valencia,31,41,5075,3.1
AXA,No,2024-06-15,Perito B,Madrid,57,26,5526,5.0
Linea Directa,Si,2025-02-08,Perito B,Valencia,47,34,4262,1.1
Linea Directa,No,2025-04-22,Perito B,Valencia,36,28,6782,4.1
Mutua,No,2025-06-23,Perito A,Barcelona,20,24,4245,6.6
Linea Directa,No,2024-05-26,Perito C,Barcelona,51,37,2002,5.3
Linea Directa,Si,2024-03-06,Perito D,Zaragoza,27,44,2913,1.2
Mutua,Si,2024-01-14,Perito B,Barcelona,59,45,5361,3.1
Allianz,No,2024-10-14,Perito A,Sevilla,43,24,4706,5.1
AXA,Si,2025-05-23,Perito B,Barcelona,29,33,7890,6.2
Generali,Si,2024-09-21,Perito B,Barcelona,58,33,3053,3.2
AXA,Si,2025-01-19,Perito C,Zaragoza,58,37,2857,2.4
Allianz,Si,2025-03-24,Perito A,Madrid,29,46,4722,5.9
AXA,Si,2024-03-09,Perito B,Zaragoza,55,34,3546,4.9
Mutua,No,2024-01-16,Perito C,Sevilla,44,18,1671,3.0
Linea Directa,Si,2024-02-20,Perito A,Sevilla,29,47,3149,4.1
Linea Directa,No,2024-03-21,Perito B,Madrid,38,15,1141,4.3
Generali,No,2024-08-07,Perito D,Barcelona,34,27,2107,5.3
Allianz,Si,2024-10-01,Perito C,Zaragoza,35,17,5037,2.5
Linea Directa,Si,2024-12-02,Perito B,Málaga,21,26,5688,3.9
Allianz,Si,2024-11-12,Perito B,Valencia,48,43,1443,1.8
Mapfre,Si,2024-03-03,Perito A,Sevilla,23,45,5896,4.4
Generali,No,2025-01-11,Perito D,Madrid,48,16,5551,6.2
Allianz,No,2024-03-23,Perito C,Málaga,50,36,4623,4.5
AXA,No,2025-05-21,Perito A,Valencia,36,36,1666,3.3
AXA,Si,2024-01-17,Perito B,Málaga,29,45,6395,5.0
AXA,No,2024-08-07,Perito C,Barcelona,46,28,4157,5.9
AXA,No,2024-08-27,Perito B,Madrid,34,43,2166,5.0
Allianz,Si,2025-04-28,Perito B,Valencia,50,49,575,1.0
Mutua,Si,2025-02-25,Perito D,Valencia,40,23,462,2.1
Generali,Si,2024-06-11,Perito B,Barcelona,45,46,4562,3.9
AXA,No,2024-08-31,Perito C,Barcelona,57,41,6702,5.2
Allianz,Si,2024-05-30,Perito B,Barcelona,55,24,3588,3.3
Linea Directa,No,2024-07-13,Perito C,Madrid,36,39,3595,5.8
Linea Directa,Si,2024-07-13,Perito D,Sevilla,22,47,2144,2.7
Allianz,No,2024-11-21,Perito B,Málaga,33,25,2093,3.7
AXA,No,2025-01-19,Perito A,Madrid,32,23,6197,4.4
Mapfre,Si,2024-02-24,Perito C,Madrid,46,21,6995,6.4
Allianz,No,2024-07-02,Perito B,Málaga,20,21,3834,5.1
Generali,Si,2024-05-30,Perito A,Valencia,36,48,1852,2.6
Generali,Si,2024-04-04,Perito C,Málaga,53,33,5740,5.3
Mapfre,Si,2025-06-23,Perito A,Barcelona,33,34,4341,4.0
Linea Directa,No,2025-04-05,Perito B,Valencia,36,39,4092,4.5
Linea Directa,No,2024-04-17,Perito D,Madrid,22,19,799,3.9
Allianz,No,2024-05-16,Perito D,Málaga,53,43,5015,4.4
Mapfre,Si,2025-05-20,Perito A,Madrid,59,41,2112,2.8
Allianz,No,2024-11-30,Perito B,Zaragoza,44,39,1492,1.9
Allianz,No,2025-06-07,Perito B,Madrid,21,29,800,4.2
Mapfre,Si,2024-05-02,Perito C,Málaga,53,18,580,1.3
Linea Directa,Si,2024-06-06,Perito B,Zaragoza,45,28,4413,3.8
Mutua,Si,2024-12-24,Perito D,Zaragoza,50,31,3837,2.9
AXA,Si,2024-07-07,Perito B,Zaragoza,28,35,2363,4.1
AXA,Si,2024-09-19,Perito C,Madrid,49,30,7997,7.0
AXA,Si,2024-05-17,Perito C,Sevilla,39,40,4555,3.6
Mapfre,Si,2025-04-08,Perito B,Sevilla,40,23,1298,3.9
Allianz,No,2024-12-11,Perito B,Madrid,48,16,5799,6.1
Allianz,Si,2024-04-21,Perito C,Valencia,44,29,6648,4.2
Generali,Si,2025-06-07,Perito C,Valencia,57,49,6350,5.8
Allianz,Si,2024-02-12,Perito A,Valencia,44,38,565,1.7
Linea Directa,Si,2024-05-29,Perito D,Valencia,28,28,5953,1.9
Mutua,Si,2024-06-02,Perito D,Sevilla,58,20,2770,2.2
AXA,No,2025-06-04,Perito A,Valencia,45,32,3619,4.9
Linea Directa,Si,2025-01-02,Perito A,Málaga,56,36,5757,5.0
Linea Directa,No,2024-05-05,Perito D,Valencia,35,32,6320,3.5
Mutua,No,2024-02-11,Perito C,Málaga,56,16,7582,5.4
AXA,Si,2024-01-12,Perito D,Sevilla,31,46,2676,1.2
Mapfre,Si,2025-03-21,Perito C,Málaga,43,31,990,2.0
Mutua,Si,2025-04-20,Perito D,Zaragoza,45,15,3769,4.1
Linea Directa,No,2025-06-02,Perito C,Málaga,39,23,7907,5.8
Allianz,Si,2024-05-04,Perito D,Madrid,28,27,946,1.9
AXA,No,2024-12-20,Perito A,Málaga,42,44,6710,3.8
Generali,No,2024-10-06,Perito B,Zaragoza,58,45,512,2.8
Mutua,Si,2024-07-12,Perito B,Madrid,48,37,4833,4.6
Linea Directa,Si,2025-01-26,Perito B,Zaragoza,50,42,1120,2.4
Mapfre,No,2024-06-22,Perito C,Valencia,38,24,1277,2.1
Linea Directa,No,2025-01-17,Perito B,Málaga,39,39,7908,5.8
Generali,Si,2024-01-29,Perito D,Málaga,42,40,5786,1.6
Mapfre,Si,2024-01-27,Perito B,Barcelona,46,40,7208,5.5
AXA,No,2024-10-16,Perito C,Valencia,49,27,7531,5.4
Mutua,No,2024-06-12,Perito C,Málaga,40,31,3029,4.7
Mapfre,Si,2024-12-16,Perito C,Málaga,54,18,2581,4.0
Generali,No,2025-03-24,Perito D,Barcelona,26,37,3818,2.4
Linea Directa,Si,2024-06-03,Perito C,Madrid,41,49,997,4.0
Generali,Si,2024-08-14,Perito D,Valencia,29,25,4643,4.1
Allianz,Si,2024-07-12,Perito C,Barcelona,42,26,472,3.8
Mapfre,No,2024-05-10,Perito A,Valencia,34,23,3210,4.0
Mutua,No,2024-01-07,Perito C,Valencia,49,29,5015,5.8
Mutua,No,2024-04-09,Perito B,Madrid,53,19,1973,4.1
Linea Directa,Si,2024-07-09,Perito B,Madrid,32,33,7781,4.5
Linea Directa,Si,2024-12-15,Perito A,Sevilla,23,25,2747,3.4
Linea Directa,Si,2024-08-03,Perito C,Barcelona,37,23,3364,4.0
Allianz,No,2024-02-22,Perito B,Zaragoza,42,49,4980,5.5
Generali,Si,2024-08-13,Perito B,Barcelona,52,41,6422,4.5
Linea Directa,Si,2024-01-11,Perito D,Valencia,53,27,4917,3.3
Mapfre,Si,2024-11-09,Perito D,Sevilla,53,26,6335,2.5
Linea Directa,No,2025-03-03,Perito C,Sevilla,55,23,7584,6.9
Generali,No,2024-04-06,Perito A,Valencia,54,42,1146,4.5
Mapfre,No,2025-02-08,Perito C,Madrid,36,27,6701,4.0
Mapfre,No,2024-12-21,Perito D,Sevilla,47,34,2865,4.6
Mapfre,No,2024-10-26,Perito D,Barcelona,33,27,706,3.9
Generali,No,2024-08-10,Perito C,Madrid,53,41,5878,6.0
Linea Directa,No,2024-02-17,Perito C,Málaga,30,40,7548,7.3
Generali,Si,2024-09-20,Perito C,Sevilla,32,43,6919,2.7
Generali,Si,2024-05-01,Perito C,Valencia,52,43,7613,5.0
AXA,Si,2024-07-14,Perito A,Barcelona,21,36,443,3.3
Generali,Si,2025-01-24,Perito B,Sevilla,53,23,705,1.3
Allianz,No,2024-09-09,Perito C,Valencia,48,38,4717,5.9
AXA,No,2024-04-12,Perito B,Barcelona,56,33,7687,5.7
Mapfre,Si,2024-03-04,Perito D,Sevilla,23,45,3358,2.0
Linea Directa,Si,2024-11-20,Perito B,Barcelona,31,29,6560,5.5
Mutua,No,2024-03-25,Perito C,Málaga,45,46,7857,6.8
Linea Directa,No,2024-12-27,Perito B,Barcelona,47,43,3790,4.9
AXA,No,2025-03-09,Perito C,Valencia,22,48,7645,6.4
AXA,Si,2024-09-02,Perito C,Sevilla,39,23,2072,4.4
Mapfre,No,2025-03-30,Perito D,Valencia,29,49,3993,5.6
Generali,Si,2024-02-26,Perito C,Málaga,37,20,7352,5.7
Generali,No,2024-09-21,Perito D,Zaragoza,46,28,1392,4.2
AXA,No,2024-01-18,Perito A,Madrid,50,23,4625,7.0
Generali,Si,2024-02-26,Perito C,Barcelona,46,33,4945,3.3
AXA,No,2025-04-22,Perito D,Valencia,20,37,1664,3.5
Linea Directa,Si,2024-11-18,Perito D,Zaragoza,25,42,590,2.1
Mutua,No,2024-12-02,Perito C,Sevilla,30,30,5815,5.5
Linea Directa,No,2024-10-18,Perito B,Sevilla,53,40,4676,3.7
Mutua,Si,2025-04-06,Perito D,Madrid,58,39,3577,4.3
Mapfre,No,2024-06-13,Perito A,Sevilla,39,49,5037,6.2
Allianz,No,2025-05-26,Perito B,Málaga,40,19,6306,5.4
Allianz,No,2024-11-02,Perito B,Madrid,40,21,5115,4.6
Linea Directa,No,2024-12-20,Perito C,Málaga,37,37,872,2.7
Generali,No,2025-05-08,Perito D,Barcelona,40,39,2760,4.8
Allianz,No,2024-07-17,Perito A,Málaga,38,15,6067,5.7
Mutua,No,2024-01-30,Perito D,Barcelona,23,36,7292,4.5
Mapfre,No,2025-06-21,Perito A,Málaga,32,18,1411,4.3
Mutua,No,2025-06-01,Perito D,Madrid,37,42,1129,2.8
AXA,Si,2024-05-28,Perito C,Barcelona,48,28,1739,2.6
Generali,No,2024-12-26,Perito A,Zaragoza,44,47,1112,2.7
Generali,No,2024-12-15,Perito C,Málaga,32,18,843,1.8
Allianz,No,2025-03-02,Perito D,Málaga,46,25,4722,1.9
AXA,Si,2024-04-23,Perito A,Sevilla,38,46,701,1.4
Allianz,Si,2024-04-28,Perito A,Málaga,20,18,929,3.0
Allianz,Si,2024-12-22,Perito D,Sevilla,57,15,1483,2.2
Allianz,Si,2025-05-31,Perito C,Málaga,38,40,7880,4.3
AXA,Si,2024-07-17,Perito A,Valencia,20,47,2318,2.9
Allianz,Si,2024-04-19,Perito A,Sevilla,59,31,6821,4.8
Generali,No,2024-12-02,Perito A,Madrid,36,41,7545,6.4
Allianz,Si,2025-04-03,Perito D,Madrid,40,19,4752,3.4
AXA,No,2024-11-13,Perito B,Barcelona,41,21,6532,6.4
AXA,No,2025-03-23,Perito D,Zaragoza,34,39,4586,5.2
Mutua,No,2025-02-14,Perito C,Zaragoza,58,22,7887,4.8
Allianz,Si,2024-11-15,Perito B,Madrid,58,48,4036,4.4
AXA,No,2024-03-13,Perito A,Barcelona,51,18,1119,3.9
Linea Directa,No,2024-07-19,Perito A,Madrid,23,26,4250,6.4
Allianz,Si,2024-06-08,Perito B,Sevilla,51,45,2539,5.4
Mapfre,Si,2024-07-19,Perito A,Valencia,23,25,6265,5.2
Generali,No,2024-12-15,Perito A,Barcelona,20,36,955,5.2
Generali,Si,2024-07-15,Perito D,Valencia,52,15,5954,3.9
Linea Directa,Si,2025-03-26,Perito D,Málaga,26,18,6130,3.7
Allianz,No,2025-02-18,Perito C,Málaga,28,22,5602,4.6
Generali,No,2024-09-11,Perito A,Valencia,20,39,5863,4.1
Generali,No,2025-02-01,Perito C,Sevilla,35,42,2069,3.7
Mapfre,No,2025-01-10,Perito C,Valencia,37,18,4672,4.5
Generali,No,2024-06-20,Perito B,Valencia,25,27,5475,4.7
Generali,No,2024-01-28,Perito B,Valencia,21,39,707,3.5
AXA,No,2024-06-22,Perito A,Barcelona,28,17,1636,5.6
Generali,No,2024-11-14,Perito B,Barcelona,23,46,2775,5.3
Allianz,Si,2024-01-25,Perito C,Valencia,42,15,3626,2.9
Generali,Si,2024-06-24,Perito D,Zaragoza,27,25,758,2.2
Allianz,Si,2024-08-18,Perito B,Sevilla,58,16,7554,3.7
Generali,Si,2025-06-01,Perito C,Málaga,44,19,3302,1.5
Allianz,Si,2024-08-30,Perito B,Málaga,35,36,6603,3.7
Generali,No,2025-03-12,Perito A,Málaga,54,27,4716,5.1
Linea Directa,Si,2024-09-22,Perito B,Madrid,36,37,5848,3.2
Allianz,Si,2024-09-05,Perito D,Sevilla,37,45,3822,2.9
Generali,No,2024-04-21,Perito A,Barcelona,46,49,4599,6.2
Mapfre,Si,2024-01-25,Perito B,Málaga,34,49,5237,4.6
AXA,No,2025-03-05,Perito D,Barcelona,36,27,4257,5.3
AXA,Si,2024-12-30,Perito C,Barcelona,24,21,7406,4.1
AXA,Si,2024-04-06,Perito B,Barcelona,35,19,7856,5.9
AXA,No,2025-02-18,Perito B,Zaragoza,34,43,3915,4.3
Mapfre,Si,2024-03-30,Perito C,Barcelona,53,22,6885,5.7
Linea Directa,Si,2024-02-11,Perito C,Valencia,38,22,1501,3.6
Linea Directa,Si,2024-08-14,Perito B,Barcelona,27,21,7570,4.8
Mapfre,No,2024-07-25,Perito D,Madrid,29,33,5385,5.0
Generali,No,2025-03-13,Perito C,Barcelona,24,37,2355,4.8
Mapfre,No,2024-07-08,Perito C,Málaga,45,46,6611,4.7
AXA,No,2025-01-24,Perito D,Barcelona,41,18,6565,3.7
Linea Directa,No,2024-03-15,Perito B,Málaga,42,44,6123,5.9
Mutua,Si,2024-01-09,Perito A,Barcelona,32,19,5849,3.3
Generali,Si,2024-03-26,Perito B,Sevilla,28,17,7457,4.8
Allianz,No,2025-02-11,Perito B,Valencia,39,36,892,2.0
Linea Directa,No,2024-10-30,Perito A,Málaga,47,42,4550,4.0
AXA,Si,2024-03-18,Perito B,Madrid,56,36,1678,4.2
Linea Directa,No,2025-01-03,Perito B,Barcelona,43,36,6596,7.4
AXA,Si,2025-02-09,Perito C,Málaga,52,48,456,2.5
AXA,No,2025-05-23,Perito D,Zaragoza,39,43,2630,3.1
Linea Directa,No,2024-04-04,Perito B,Valencia,49,27,641,3.0
Linea Directa,Si,2024-09-06,Perito A,Zaragoza,28,21,2081,4.5
Linea Directa,Si,2024-01-13,Perito A,Barcelona,36,24,2846,5.6
Mapfre,No,2024-02-19,Perito C,Valencia,55,42,5409,5.3
Linea Directa,No,2024-09-20,Perito B,Madrid,33,18,4020,6.5
Allianz,Si,2025-05-10,Perito B,Málaga,38,46,6733,3.8
Generali,Si,2025-03-13,Perito B,Madrid,26,36,4877,5.3
AXA,No,2025-03-11,Perito B,Valencia,22,34,7411,4.2
Linea Directa,Si,2024-02-19,Perito A,Sevilla,52,34,1935,2.6
Allianz,No,2025-06-05,Perito A,Sevilla,51,20,3935,4.4
Mutua,No,2025-06-05,Perito C,Zaragoza,30,23,2845,5.1
Linea Directa,No,2024-06-06,Perito B,Málaga,21,42,218,2.9
Mapfre,No,2024-03-31,Perito A,Barcelona,45,27,1324,5.9
AXA,No,2024-02-29,Perito B,Zaragoza,23,45,4185,3.8
Allianz,No,2024-02-20,Perito D,Madrid,36,28,2854,5.2
Linea Directa,No,2025-03-12,Perito D,Sevilla,36,36,5676,4.9
Allianz,Si,2024-02-20,Perito A,Sevilla,47,38,5861,2.2
AXA,Si,2024-07-30,Perito D,Barcelona,49,22,2280,4.3
Allianz,No,2024-02-28,Perito D,Madrid,59,29,6289,5.1
Allianz,Si,2025-03-28,Perito A,Valencia,42,20,7596,3.8
Linea Directa,No,2024-01-10,Perito C,Zaragoza,43,37,1747,2.7
Linea Directa,No,2024-12-28,Perito D,Sevilla,48,39,7997,4.6
Generali,Si,2025-03-21,Perito B,Málaga,23,45,1061,1.5
Mapfre,Si,2024-01-20,Perito D,Málaga,57,43,354,1.0
Generali,No,2024-03-16,Perito C,Valencia,48,37,3694,4.0
Mapfre,Si,2024-11-19,Perito C,Barcelona,38,24,1104,3.8
Mapfre,No,2024-02-17,Perito C,Barcelona,46,23,1469,5.6
Generali,Si,2025-06-10,Perito C,Zaragoza,48,27,604,3.8
AXA,No,2024-04-15,Perito C,Sevilla,55,46,1043,5.6
Allianz,No,2025-03-07,Perito D,Zaragoza,54,15,1982,3.5
Mutua,No,2025-02-09,Perito D,Sevilla,25,15,1764,2.9
Generali,Si,2024-09-30,Perito D,Sevilla,42,32,1384,2.7
Generali,No,2025-05-24,Perito D,Valencia,58,45,946,1.7
AXA,No,2025-05-31,Perito C,Valencia,27,15,1925,3.4
Allianz,Si,2024-04-10,Perito C,Sevilla,21,23,3388,3.5
Linea Directa,Si,2025-03-24,Perito B,Barcelona,32,36,470,2.2
Generali,No,2024-07-24,Perito D,Madrid,59,42,5065,6.2
Mutua,Si,2025-02-09,Perito C,Sevilla,40,40,6011,4.5
Allianz,No,2024-11-03,Perito B,Barcelona,50,24,5806,5.6
Generali,No,2025-04-12,Perito B,Barcelona,55,17,4156,5.8
Linea Directa,No,2024-11-23,Perito A,Málaga,57,16,371,3.4
Generali,Si,2024-08-17,Perito D,Zaragoza,46,45,473,1.0
Linea Directa,Si,2025-03-09,Perito C,Madrid,55,47,2506,4.9
Mapfre,Si,2025-05-12,Perito D,Sevilla,42,46,1358,1.9
Mapfre,No,2025-04-18,Perito B,Madrid,40,26,1906,4.9
Generali,No,2025-05-10,Perito D,Sevilla,32,17,1971,3.8
AXA,No,2024-06-23,Perito A,Zaragoza,56,40,621,1.9
Mapfre,Si,2025-01-25,Perito A,Madrid,45,28,5740,5.3
Generali,Si,2024-02-05,Perito C,Madrid,59,26,1409,2.8
Linea Directa,No,2024-01-13,Perito C,Barcelona,26,40,6707,7.6
Allianz,Si,2024-04-01,Perito C,Madrid,58,30,7974,5.6
Linea Directa,Si,2024-12-20,Perito C,Madrid,41,22,6721,5.1
Mutua,Si,2025-02-07,Perito D,Zaragoza,58,42,7890,3.7
Mapfre,Si,2024-02-05,Perito D,Sevilla,42,21,4875,4.7
Generali,No,2024-08-10,Perito B,Barcelona,49,29,1090,3.6
Mapfre,No,2024-05-09,Perito B,Madrid,37,22,5017,4.7
Linea Directa,No,2024-08-05,Perito C,Barcelona,37,24,3467,4.3
Linea Directa,Si,2024-11-24,Perito D,Barcelona,29,29,5176,3.6
Allianz,Si,2025-03-19,Perito C,Valencia,58,32,5417,3.8
AXA,Si,2025-03-25,Perito B,Sevilla,49,49,6948,5.0
Generali,No,2025-04-20,Perito D,Valencia,45,16,6303,3.8
Allianz,Si,2024-10-25,Perito C,Barcelona,26,36,6365,6.6
Mutua,No,2024-05-07,Perito A,Zaragoza,26,29,1673,4.4
Generali,No,2024-03-18,Perito B,Zaragoza,24,19,3443,2.7
Mutua,No,2024-06-12,Perito A,Madrid,20,29,4678,4.1
AXA,Si,2024-08-05,Perito A,Sevilla,37,41,2381,3.3
Generali,No,2025-05-04,Perito D,Málaga,32,30,1649,2.4
Generali,No,2024-03-12,Perito A,Sevilla,44,32,3296,3.7
Allianz,Si,2024-08-03,Perito A,Valencia,59,49,6846,4.2
Mapfre,No,2024-04-26,Perito C,Sevilla,27,39,3456,3.6
Generali,Si,2024-07-05,Perito D,Madrid,29,36,3356,3.9
AXA,No,2025-03-23,Perito C,Sevilla,51,45,1790,4.1
Generali,Si,2024-02-29,Perito C,Málaga,36,48,6082,3.9
Generali,No,2024-07-07,Perito C,Zaragoza,57,37,4439,4.7
Generali,No,2024-05-29,Perito D,Valencia,34,30,6182,3.6
Generali,No,2024-10-09,Perito B,Valencia,34,20,4181,4.1
AXA,Si,2025-01-20,Perito D,Barcelona,59,29,5998,4.7
Allianz,Si,2025-03-05,Perito C,Valencia,39,32,1635,2.6
Mapfre,Si,2024-03-17,Perito B,Málaga,34,27,423,2.9
AXA,No,2024-07-15,Perito A,Málaga,54,38,419,3.7
AXA,Si,2024-04-08,Perito B,Zaragoza,25,27,4474,1.4
Mutua,Si,2025-02-01,Perito D,Valencia,49,15,1854,1.5
Mapfre,Si,2024-08-17,Perito C,Zaragoza,27,32,4728,5.2
Allianz,Si,2024-06-20,Perito A,Sevilla,50,47,464,2.0
Linea Directa,No,2024-09-21,Perito A,Málaga,51,20,1153,3.7
Allianz,No,2024-05-04,Perito C,Valencia,34,31,4724,2.4
Linea Directa,No,2025-06-18,Perito A,Valencia,37,18,3933,3.8
Mutua,No,2025-03-26,Perito A,Sevilla,32,28,6759,5.0
Mutua,No,2024-05-17,Perito A,Zaragoza,43,44,7820,8.0
AXA,No,2024-07-29,Perito D,Valencia,59,34,2974,3.5
Allianz,Si,2024-10-01,Perito B,Madrid,33,22,6540,5.0
Linea Directa,No,2024-03-21,Perito D,Barcelona,47,16,5873,5.1
Allianz,Si,2025-06-05,Perito A,Málaga,30,18,3324,2.3
Linea Directa,No,2024-08-02,Perito D,Sevilla,25,24,679,3.8
Allianz,Si,2024-10-27,Perito A,Sevilla,44,34,3714,2.0
AXA,No,2025-03-06,Perito D,Barcelona,20,49,1553,3.9
Linea Directa,No,2024-02-24,Perito B,Madrid,44,24,3522,3.0
Allianz,No,2024-04-06,Perito C,Barcelona,21,42,4078,4.8
Generali,No,2024-06-21,Perito B,Valencia,51,29,1089,1.0
Mutua,Si,2024-06-21,Perito D,Zaragoza,32,15,4054,2.0
Mutua,Si,2024-06-12,Perito D,Sevilla,52,36,1124,2.8
Linea Directa,No,2025-03-22,Perito B,Zaragoza,51,41,2370,2.3
Mutua,No,2024-01-22,Perito D,Zaragoza,43,43,2102,2.6
Mutua,Si,2024-10-14,Perito C,Zaragoza,46,29,5706,4.8
Generali,No,2024-09-21,Perito C,Zaragoza,23,24,5658,7.1
Mapfre,No,2024-03-11,Perito B,Valencia,43,34,5073,4.9
Allianz,Si,2024-10-22,Perito A,Sevilla,42,36,2595,2.9
Linea Directa,Si,2024-03-24,Perito C,Zaragoza,48,23,228,1.8
Mutua,Si,2025-04-21,Perito D,Sevilla,53,46,7318,3.2
Allianz,Si,2025-01-19,Perito A,Zaragoza,40,31,234,2.3
Allianz,No,2024-12-13,Perito C,Valencia,49,33,3789,7.2
Generali,No,2024-01-08,Perito A,Barcelona,45,41,5715,7.4
Allianz,No,2025-05-14,Perito D,Zaragoza,39,48,2870,4.0
Mutua,No,2025-03-15,Perito B,Málaga,35,24,3565,4.5
Linea Directa,Si,2025-01-20,Perito B,Málaga,22,44,788,2.4
Allianz,No,2025-04-04,Perito D,Barcelona,56,35,7716,6.2
Generali,No,2024-02-15,Perito B,Madrid,59,35,3418,6.8
Linea Directa,Si,2024-05-23,Perito D,Barcelona,44,48,3338,3.8
Linea Directa,No,2024-12-22,Perito B,Barcelona,42,23,1103,4.1
Linea Directa,Si,2024-01-15,Perito C,Barcelona,20,48,6863,4.2
Mutua,Si,2025-05-31,Perito B,Málaga,52,26,4286,3.6
Generali,Si,2025-04-11,Perito A,Sevilla,34,35,2369,2.7
AXA,Si,2025-04-25,Perito B,Madrid,36,34,539,3.0
Mapfre,Si,2025-01-31,Perito B,Madrid,53,20,4470,3.5
Allianz,No,2025-03-30,Perito B,Madrid,36,26,6219,6.1
Allianz,No,2024-10-22,Perito B,Valencia,23,45,1914,3.0
Allianz,No,2024-06-21,Perito C,Zaragoza,32,16,4892,3.4
AXA,Si,2024-04-15,Perito D,Barcelona,23,30,4746,5.3
Linea Directa,Si,2024-02-18,Perito C,Sevilla,26,15,756,1.0
Linea Directa,No,2025-05-27,Perito C,Sevilla,28,18,5455,4.0
Mapfre,Si,2024-06-17,Perito A,Valencia,42,15,3287,4.0
Generali,Si,2024-03-27,Perito D,Málaga,52,49,5652,4.4
AXA,Si,2024-03-09,Perito D,Valencia,52,27,3466,2.6
AXA,No,2025-05-20,Perito A,Valencia,39,45,3767,4.6
Mutua,Si,2025-05-05,Perito D,Barcelona,23,34,2256,1.9
Linea Directa,Si,2025-05-14,Perito B,Málaga,20,21,4099,2.7
AXA,Si,2025-04-22,Perito D,Zaragoza,53,47,6677,2.0
AXA,No,2024-09-09,Perito A,Zaragoza,46,42,7700,5.9
Allianz,Si,2025-01-29,Perito A,Valencia,40,34,1216,3.4
Linea Directa,No,2024-12-22,Perito A,Zaragoza,43,46,6670,6.1
Mutua,Si,2024-06-03,Perito A,Sevilla,34,23,2262,1.5
Generali,Si,2024-11-02,Perito C,Barcelona,54,48,1038,4.0
Mapfre,No,2025-03-16,Perito D,Zaragoza,44,28,1837,4.4
Generali,No,2024-06-03,Perito C,Málaga,28,18,4521,4.1
Mutua,No,2024-06-05,Perito A,Sevilla,36,43,3696,6.3
Allianz,Si,2024-11-11,Perito A,Madrid,40,29,2013,3.7
Mapfre,No,2024-05-02,Perito C,Barcelona,32,31,3679,3.7
Generali,No,2024-01-22,Perito B,Sevilla,22,33,6456,5.0
Linea Directa,No,2025-05-09,Perito D,Valencia,23,23,6316,4.3
Linea Directa,Si,2024-11-19,Perito C,Valencia,23,41,1651,3.6
Mapfre,No,2024-06-26,Perito D,Barcelona,47,29,6344,4.6
Mapfre,Si,2024-06-15,Perito A,Málaga,26,42,2513,3.7
Mapfre,Si,2024-05-30,Perito A,Valencia,45,18,1714,1.3
AXA,Si,2025-01-29,Perito A,Sevilla,30,35,1431,2.4
Mutua,No,2025-05-22,Perito D,Madrid,43,48,1845,3.7
Linea Directa,No,2025-04-29,Perito D,Málaga,29,33,6031,4.0
Linea Directa,No,2024-05-08,Perito C,Barcelona,56,18,3199,3.5
Mutua,No,2024-02-24,Perito A,Valencia,32,46,3640,4.2
Allianz,Si,2024-02-14,Perito C,Málaga,58,26,4256,3.4
Linea Directa,No,2024-01-02,Perito B,Madrid,38,30,505,5.2
Generali,No,2024-11-30,Perito A,Málaga,38,28,6355,4.9
Allianz,Si,2024-12-01,Perito A,Málaga,31,15,7712,4.1
Generali,No,2024-11-04,Perito B,Barcelona,41,46,3736,7.5
Mapfre,Si,2024-02-20,Perito C,Madrid,56,35,1923,1.5
Linea Directa,Si,2025-06-16,Perito D,Madrid,49,18,1889,2.4
Generali,No,2024-05-11,Perito A,Málaga,31,23,1717,3.0
Generali,Si,2024-12-07,Perito D,Valencia,48,36,5687,1.7
Mapfre,Si,2024-06-24,Perito A,Málaga,40,26,4117,3.8
Allianz,Si,2024-09-02,Perito A,Sevilla,30,44,7280,6.0
Generali,No,2024-08-23,Perito D,Valencia,56,44,619,3.7
Linea Directa,No,2024-09-01,Perito A,Barcelona,37,46,3136,6.1
Allianz,No,2024-10-25,Perito B,Madrid,46,21,4062,6.5
Allianz,Si,2025-03-28,Perito C,Zaragoza,56,31,6514,3.9
Mutua,No,2025-06-21,Perito B,Valencia,31,15,4429,4.5
Linea Directa,No,2025-06-11,Perito C,Barcelona,42,28,6326,6.4
Linea Directa,Si,2025-01-20,Perito B,Málaga,53,40,7308,5.7
Mapfre,No,2024-05-24,Perito B,Barcelona,57,41,1650,4.1
Mapfre,No,2025-01-30,Perito C,Sevilla,42,30,3296,5.3
AXA,Si,2024-06-18,Perito A,Zaragoza,44,21,5849,6.0
Linea Directa,No,2024-08-24,Perito D,Barcelona,23,46,3461,5.0
Allianz,Si,2025-01-25,Perito D,Zaragoza,49,39,1364,2.8
AXA,No,2024-08-17,Perito D,Zaragoza,49,45,7922,4.0
Linea Directa,No,2025-02-24,Perito A,Valencia,32,30,2069,4.8
Mapfre,No,2024-12-17,Perito B,Madrid,33,28,2019,5.2
Mapfre,Si,2024-06-23,Perito B,Valencia,27,39,2905,3.2
Linea Directa,No,2025-06-14,Perito B,Valencia,43,44,7682,6.4
AXA,No,2024-06-03,Perito A,Madrid,37,21,3715,5.9
Mapfre,Si,2024-02-07,Perito C,Sevilla,54,26,1542,2.2
Mapfre,No,2024-08-01,Perito A,Valencia,44,17,5760,5.3
Mutua,Si,2024-04-22,Perito D,Madrid,36,41,7459,4.9
Generali,No,2024-01-10,Perito B,Madrid,51,33,2426,4.8
Linea Directa,No,2024-08-25,Perito A,Valencia,43,21,1279,3.6
Mutua,No,2025-05-15,Perito A,Zaragoza,26,30,5474,4.9
Generali,No,2024-10-22,Perito A,Madrid,32,46,5991,7.1
Linea Directa,No,2024-06-26,Perito C,Zaragoza,46,22,4406,4.5
Mutua,No,2024-11-22,Perito B,Málaga,24,27,6480,4.0
Mutua,Si,2025-03-19,Perito A,Valencia,55,25,6575,5.3
Linea Directa,No,2024-05-21,Perito A,Zaragoza,45,34,7335,5.0
Allianz,Si,2024-06-03,Perito D,Sevilla,50,32,4763,5.0
AXA,No,2025-03-30,Perito B,Málaga,29,20,2979,3.0
Linea Directa,Si,2025-05-04,Perito A,Sevilla,45,34,2728,5.3
Mutua,Si,2024-11-01,Perito A,Zaragoza,41,46,7435,5.4
Allianz,Si,2024-06-09,Perito A,Valencia,31,43,1013,2.4
Mutua,No,2025-04-22,Perito A,Barcelona,51,18,5568,5.6
AXA,No,2024-06-14,Perito B,Madrid,46,21,5289,6.4
Allianz,Si,2024-11-22,Perito A,Málaga,52,34,2231,2.9
Linea Directa,Si,2024-06-29,Perito C,Valencia,39,48,522,1.4
Generali,Si,2024-12-04,Perito A,Madrid,58,21,3169,3.9
AXA,Si,2024-07-06,Perito C,Zaragoza,59,47,1103,2.3
Mapfre,Si,2024-05-06,Perito B,Barcelona,32,29,1741,3.7
Linea Directa,Si,2024-09-14,Perito A,Sevilla,33,46,6295,5.8
Linea Directa,No,2024-01-31,Perito D,Valencia,59,36,6111,4.3
Linea Directa,No,2024-12-15,Perito C,Valencia,41,43,3703,4.8
Allianz,Si,2025-04-01,Perito C,Zaragoza,37,39,7854,4.2
Mapfre,No,2024-02-06,Perito A,Barcelona,48,19,2853,4.5
Allianz,Si,2025-04-19,Perito D,Sevilla,35,28,2676,1.7
Generali,Si,2024-08-28,Perito D,Valencia,54,49,3540,1.0
Allianz,No,2024-08-20,Perito A,Zaragoza,53,16,7904,6.2
Linea Directa,Si,2024-02-10,Perito B,Madrid,22,39,4443,4.1
Mutua,No,2024-11-23,Perito B,Zaragoza,23,30,1341,3.2
Mapfre,Si,2024-09-28,Perito A,Barcelona,24,30,1049,3.3
Mapfre,Si,2025-04-23,Perito B,Valencia,29,25,566,2.2
Allianz,No,2025-04-19,Perito D,Zaragoza,48,49,3097,4.9
Mutua,No,2025-02-07,Perito B,Sevilla,51,37,1289,4.1
Mutua,No,2024-09-19,Perito B,Málaga,50,19,4241,3.5
Allianz,Si,2024-03-19,Perito B,Valencia,21,49,2238,4.2
AXA,No,2024-02-08,Perito A,Sevilla,31,43,3060,7.0
Generali,Si,2024-10-30,Perito A,Barcelona,46,19,7737,6.0
Allianz,Si,2024-10-25,Perito C,Sevilla,24,17,4470,3.4
Linea Directa,No,2025-06-24,Perito B,Sevilla,56,20,2054,4.5
Mutua,Si,2024-09-22,Perito A,Barcelona,46,37,4883,5.8
Generali,No,2025-02-12,Perito D,Málaga,42,16,694,2.3
Allianz,No,2024-02-25,Perito C,Zaragoza,52,32,7316,4.9
Generali,Si,2025-03-18,Perito D,Madrid,23,44,5433,3.9
AXA,Si,2025-05-07,Perito B,Málaga,40,19,3382,4.4
Mutua,No,2024-12-18,Perito D,Madrid,43,25,1984,3.8
AXA,No,2025-01-24,Perito C,Madrid,50,15,3710,5.2
AXA,Si,2024-01-01,Perito B,Madrid,43,24,3986,5.3
Mutua,No,2025-03-23,Perito A,Valencia,29,40,5466,6.6
Linea Directa,Si,2025-05-18,Perito D,Málaga,21,47,4330,2.0
AXA,Si,2025-06-20,Perito D,Sevilla,50,41,1198,1.0
Allianz,No,2025-03-04,Perito C,Valencia,44,26,5628,5.2
Allianz,Si,2025-02-04,Perito A,Barcelona,23,16,6881,5.9
Generali,No,2025-01-02,Perito B,Barcelona,30,15,7093,7.1
Allianz,No,2025-01-29,Perito B,Madrid,36,15,5333,4.3
Allianz,Si,2025-03-21,Perito B,Valencia,21,47,4669,3.2
Generali,Si,2025-04-11,Perito C,Zaragoza,25,36,6900,4.5
Mapfre,Si,2025-04-20,Perito D,Zaragoza,28,26,1651,1.1
Mutua,No,2024-07-16,Perito D,Valencia,24,35,1951,3.6
Allianz,No,2025-04-27,Perito D,Barcelona,39,34,2480,5.5
Generali,No,2024-01-18,Perito D,Sevilla,48,40,5000,3.2
AXA,No,2024-10-18,Perito C,Málaga,40,45,4858,5.4
AXA,No,2025-01-16,Perito C,Málaga,28,15,7282,5.3
Linea Directa,No,2024-06-10,Perito A,Madrid,47,28,3134,4.9
Allianz,Si,2025-01-03,Perito C,Madrid,27,40,7069,4.9
Mutua,Si,2024-07-26,Perito D,Madrid,50,21,3934,4.7
Generali,Si,2024-11-01,Perito B,Barcelona,39,26,7807,5.2
Linea Directa,No,2024-07-13,Perito A,Barcelona,46,38,7869,6.7
Linea Directa,Si,2024-01-22,Perito B,Zaragoza,27,33,3546,4.2
Generali,No,2024-05-20,Perito B,Málaga,40,23,2073,4.5
Generali,Si,2024-04-28,Perito D,Zaragoza,47,49,6419,3.2
Generali,Si,2025-03-27,Perito C,Zaragoza,42,18,4734,5.4
Generali,Si,2025-04-18,Perito C,Madrid,25,46,4003,5.2
Mutua,Si,2024-11-12,Perito C,Zaragoza,22,20,6179,5.6
Generali,No,2024-04-22,Perito D,Valencia,24,42,2179,5.0
Mutua,No,2024-05-28,Perito D,Zaragoza,28,42,898,2.2
Mutua,Si,2025-02-27,Perito B,Sevilla,26,43,1512,1.8
Mutua,Si,2024-02-18,Perito A,Barcelona,23,19,3162,2.7
AXA,No,2024-04-11,Perito C,Zaragoza,58,19,5859,6.4
Mapfre,No,2024-01-29,Perito C,Madrid,24,42,3138,3.4
Linea Directa,Si,2025-06-02,Perito A,Madrid,30,23,4987,5.4
Allianz,Si,2024-02-03,Perito B,Barcelona,34,43,2500,2.7
AXA,Si,2025-02-24,Perito B,Málaga,53,28,3397,3.0
Mapfre,Si,2024-01-02,Perito A,Málaga,32,48,5496,4.3
Linea Directa,Si,2024-06-27,Perito C,Málaga,26,28,7404,6.3
AXA,Si,2025-02-28,Perito D,Málaga,59,32,6753,4.4
Linea Directa,No,2024-08-18,Perito D,Valencia,25,47,5930,7.4
Mutua,No,2024-05-30,Perito A,Madrid,58,48,5929,6.7
Mutua,No,2024-02-09,Perito C,Málaga,49,42,326,3.4
Generali,No,2024-01-07,Perito A,Málaga,41,37,5802,4.3
Mutua,Si,2024-12-26,Perito B,Zaragoza,44,31,1391,1.8
AXA,No,2024-05-01,Perito B,Sevilla,47,25,2839,2.5
Linea Directa,No,2025-02-06,Perito D,Sevilla,39,46,4589,4.0
Allianz,No,2025-05-20,Perito B,Madrid,58,29,4116,4.6
Linea Directa,Si,2024-03-28,Perito B,Zaragoza,22,18,1566,2.1
Mutua,Si,2025-03-16,Perito A,Barcelona,24,44,1219,2.6
Linea Directa,Si,2024-09-13,Perito A,Málaga,20,24,6653,3.9
Mapfre,No,2024-05-29,Perito C,Valencia,34,37,7005,5.4
Linea Directa,No,2024-05-17,Perito A,Sevilla,45,38,6871,3.8
AXA,Si,2024-07-13,Perito C,Málaga,22,19,6883,6.1
Mapfre,Si,2024-08-24,Perito D,Barcelona,59,33,4279,5.3
Generali,No,2024-05-02,Perito A,Valencia,53,22,4714,7.4
Generali,Si,2024-01-14,Perito A,Sevilla,24,21,4739,3.1
Linea Directa,Si,2024-01-12,Perito A,Zaragoza,50,27,884,2.3
Allianz,No,2024-08-16,Perito D,Barcelona,32,41,3829,6.8
AXA,No,2024-08-11,Perito A,Barcelona,20,32,3087,7.3
Allianz,No,2024-12-20,Perito B,Zaragoza,41,38,6579,4.7
Mapfre,Si,2024-10-19,Perito A,Valencia,34,16,1662,1.9
Allianz,No,2024-02-08,Perito C,Valencia,45,30,4286,6.3
Mapfre,No,2025-05-03,Perito B,Sevilla,37,28,2461,3.1
Allianz,Si,2025-06-21,Perito A,Valencia,28,31,4380,4.6
Generali,Si,2024-02-10,Perito A,Málaga,20,20,3041,4.1
AXA,Si,2024-01-29,Perito D,Valencia,28,49,1967,1.8
Allianz,No,2025-05-31,Perito C,Zaragoza,42,31,4380,3.2
Linea Directa,No,2024-08-15,Perito B,Barcelona,21,20,6240,7.2
Mapfre,Si,2024-05-29,Perito B,Valencia,33,35,3760,1.9
Linea Directa,No,2025-04-01,Perito D,Sevilla,57,49,2312,1.8
AXA,No,2024-12-19,Perito B,Málaga,59,37,5965,5.0
Linea Directa,No,2024-01-05,Perito B,Valencia,37,26,4958,3.3
Generali,No,2024-03-16,Perito C,Málaga,35,43,826,3.6
Generali,Si,2024-06-03,Perito A,Valencia,48,41,4359,5.5
Mutua,No,2025-03-12,Perito A,Málaga,30,20,3614,5.8
AXA,No,2025-01-04,Perito B,Valencia,25,35,7282,7.1
Allianz,No,2024-11-05,Perito C,Valencia,22,21,5214,5.5
Generali,Si,2024-05-02,Perito D,Madrid,33,30,1575,2.7
Allianz,No,2024-06-13,Perito A,Barcelona,21,19,1381,3.6
Allianz,No,2024-12-19,Perito B,Sevilla,51,29,5908,3.8
Mapfre,No,2024-08-12,Perito B,Sevilla,50,35,690,3.9
Linea Directa,Si,2024-12-08,Perito C,Madrid,30,18,3929,5.0
Allianz,No,2024-12-24,Perito C,Valencia,41,19,6174,4.4
Mutua,Si,2024-03-17,Perito C,Barcelona,22,21,3734,4.1
AXA,No,2024-11-27,Perito B,Málaga,50,49,3496,4.8
AXA,Si,2025-02-13,Perito C,Madrid,52,29,2140,3.3
Mapfre,Si,2024-04-25,Perito B,Sevilla,43,42,4608,5.3
Mutua,No,2025-02-19,Perito A,Sevilla,20,16,6958,6.1
Linea Directa,No,2024-07-01,Perito B,Zaragoza,34,19,5214,5.5
Mutua,Si,2025-02-01,Perito B,Zaragoza,56,21,2082,2.6
AXA,Si,2024-02-22,Perito A,Sevilla,46,36,5108,4.6
Mutua,No,2025-01-19,Perito C,Valencia,57,45,3187,2.6
Linea Directa,No,2024-01-01,Perito C,Zaragoza,46,46,5785,4.9
Generali,No,2024-01-28,Perito B,Málaga,31,22,3359,3.4
Allianz,No,2025-05-15,Perito B,Málaga,22,25,5622,7.4
Allianz,No,2025-01-19,Perito A,Málaga,49,15,4975,5.3
AXA,No,2024-11-12,Perito C,Valencia,51,33,4730,4.4
AXA,No,2025-01-27,Perito A,Sevilla,42,21,881,4.2
Linea Directa,Si,2024-01-25,Perito B,Zaragoza,21,39,5454,4.1
Mutua,Si,2025-02-25,Perito B,Zaragoza,26,36,1273,2.4
Linea Directa,No,2024-03-19,Perito A,Sevilla,53,41,5751,6.1
Mapfre,No,2024-07-31,Perito A,Valencia,51,29,2587,4.9
AXA,No,2025-01-21,Perito D,Barcelona,58,16,2594,4.4
AXA,Si,2024-04-26,Perito D,Valencia,51,22,2893,4.0
AXA,Si,2025-05-20,Perito C,Valencia,33,20,1570,1.0
Linea Directa,No,2024-06-27,Perito A,Sevilla,22,34,4944,4.7
Linea Directa,No,2024-08-17,Perito C,Málaga,51,41,4540,4.1
Mutua,Si,2025-04-14,Perito D,Sevilla,55,37,2356,2.3
Generali,Si,2024-04-16,Perito C,Zaragoza,36,31,2780,2.6
AXA,Si,2024-09-25,Perito D,Barcelona,22,27,7457,4.4
Generali,No,2024-06-01,Perito A,Madrid,29,18,4591,7.3
Linea Directa,No,2024-01-18,Perito A,Zaragoza,59,34,2359,3.3
Mutua,Si,2025-05-22,Perito C,Madrid,37,39,5908,5.4
Linea Directa,No,2024-08-07,Perito A,Valencia,22,36,3448,4.1
Mapfre,No,2024-12-13,Perito C,Madrid,58,31,6686,6.6
Allianz,No,2024-02-08,Perito C,Zaragoza,29,25,3931,5.6
Allianz,Si,2024-11-17,Perito D,Málaga,28,39,6444,1.0
Linea Directa,Si,2025-04-03,Perito B,Sevilla,30,19,4029,2.5
Allianz,Si,2025-04-06,Perito C,Barcelona,52,35,6972,4.5
Allianz,No,2025-06-05,Perito D,Barcelona,55,40,1827,3.9
Mutua,No,2025-03-21,Perito D,Barcelona,45,30,3672,5.6
Allianz,Si,2024-03-30,Perito D,Zaragoza,46,35,227,3.4
Mutua,No,2024-10-17,Perito B,Zaragoza,57,46,7280,6.3
Mapfre,Si,2025-05-04,Perito A,Sevilla,41,18,2185,3.1
AXA,No,2024-09-06,Perito C,Málaga,45,22,5856,4.4
AXA,No,2024-12-12,Perito C,Barcelona,41,23,4353,7.0
AXA,No,2024-11-27,Perito A,Madrid,24,31,1721,3.6
Mutua,No,2025-05-27,Perito A,Málaga,54,27,496,4.1
Mutua,No,2024-02-22,Perito D,Málaga,21,23,2381,4.5
Mutua,Si,2024-11-06,Perito D,Zaragoza,54,20,3602,2.4
Mapfre,Si,2025-03-06,Perito A,Zaragoza,28,41,2496,3.6
Generali,No,2025-03-01,Perito C,Málaga,37,38,7364,4.1
Mutua,Si,2024-12-23,Perito A,Barcelona,31,23,2797,4.9
Mutua,No,2025-03-06,Perito A,Málaga,22,25,1101,3.9
AXA,No,2025-06-22,Perito B,Zaragoza,37,49,6260,5.6
Linea Directa,No,2025-02-25,Perito B,Barcelona,57,43,1298,4.0
Allianz,Si,2024-10-18,Perito D,Madrid,26,22,1877,2.0
Allianz,No,2025-02-02,Perito D,Zaragoza,52,31,3081,4.6
Mapfre,No,2025-02-10,Perito C,Madrid,25,21,5487,7.0
Allianz,Si,2024-02-22,Perito A,Madrid,37,26,5066,5.8
Generali,No,2024-05-23,Perito A,Zaragoza,41,29,5822,5.8
AXA,Si,2025-06-08,Perito B,Zaragoza,58,43,1578,1.0
Mapfre,Si,2025-05-17,Perito C,Madrid,28,38,1448,4.7
Allianz,Si,2024-09-23,Perito A,Málaga,54,28,3935,4.3
Allianz,Si,2024-12-31,Perito C,Málaga,42,25,5850,5.2
Linea Directa,Si,2025-06-24,Perito B,Barcelona,31,49,4441,3.3
AXA,Si,2025-06-05,Perito A,Madrid,43,31,6279,6.2
Mapfre,Si,2024-09-13,Perito B,Valencia,59,41,1464,3.1
AXA,No,2024-04-01,Perito B,Madrid,28,17,2107,1.3
Mapfre,No,2024-03-20,Perito B,Sevilla,32,16,7236,5.3
Allianz,No,2024-04-13,Perito A,Valencia,59,18,6687,5.7
AXA,No,2024-04-28,Perito C,Sevilla,36,32,6068,4.1
AXA,No,2025-01-31,Perito A,Valencia,26,34,1258,4.4
Generali,No,2025-01-07,Perito B,Zaragoza,36,35,2949,4.2
Linea Directa,No,2024-11-19,Perito D,Barcelona,43,28,2248,3.6
AXA,No,2024-05-10,Perito C,Málaga,21,22,6315,4.6
Mapfre,Si,2024-08-07,Perito D,Barcelona,54,16,4448,2.3
Generali,No,2025-03-26,Perito B,Valencia,47,40,2676,4.3
AXA,No,2025-04-09,Perito A,Madrid,38,33,4216,6.2
AXA,Si,2024-02-13,Perito C,Barcelona,52,42,4803,4.5
Generali,Si,2024-07-29,Perito D,Valencia,40,43,3397,2.4
Allianz,Si,2024-02-18,Perito A,Madrid,29,19,4786,5.8
AXA,No,2024-05-08,Perito C,Málaga,28,42,3753,4.4
Mutua,Si,2025-04-09,Perito B,Valencia,57,40,4640,4.4
Linea Directa,Si,2024-01-02,Perito B,Sevilla,25,19,6231,4.3
Allianz,Si,2024-01-28,Perito B,Sevilla,54,29,1961,3.6
AXA,Si,2024-03-12,Perito A,Sevilla,37,23,420,3.5
Allianz,No,2024-02-14,Perito A,Madrid,38,46,6234,7.5
Mapfre,Si,2024-05-07,Perito B,Madrid,24,40,6238,4.5
Allianz,No,2025-04-14,Perito B,Barcelona,44,29,5018,6.4
Generali,Si,2025-03-03,Perito C,Madrid,30,18,7392,5.5
AXA,Si,2024-11-08,Perito D,Valencia,29,34,4823,3.0
Allianz,Si,2024-03-22,Perito C,Sevilla,36,41,7549,4.0
Mutua,No,2024-11-18,Perito D,Málaga,55,35,5818,4.8
Mapfre,Si,2025-04-13,Perito A,Zaragoza,45,36,3088,1.6
Mapfre,No,2025-03-31,Perito C,Sevilla,50,21,1864,4.0
Allianz,Si,2025-02-07,Perito A,Valencia,51,45,7409,5.3
Generali,No,2025-06-07,Perito A,Zaragoza,40,31,4186,6.0
Mapfre,No,2024-10-25,Perito D,Málaga,37,21,4776,4.2
Allianz,Si,2024-01-26,Perito D,Barcelona,37,33,3177,4.9
Allianz,Si,2025-02-01,Perito C,Madrid,20,42,2071,3.3
Mapfre,Si,2025-04-13,Perito C,Valencia,33,24,7215,3.9
Allianz,No,2024-07-14,Perito C,Zaragoza,27,41,1662,5.2
Allianz,Si,2024-04-28,Perito D,Madrid,21,27,5721,3.8
Linea Directa,No,2024-08-24,Perito B,Barcelona,34,16,7913,4.4
Mutua,No,2024-11-29,Perito B,Málaga,53,36,544,4.8
Allianz,No,2024-10-15,Perito D,Zaragoza,55,34,244,4.3
Linea Directa,No,2024-08-29,Perito C,Valencia,20,19,2268,3.6
Linea Directa,No,2024-11-02,Perito B,Málaga,40,20,5953,4.9
Allianz,No,2025-03-15,Perito A,Zaragoza,20,49,7437,5.5
Generali,No,2024-05-31,Perito B,Zaragoza,51,15,6183,6.9
Mapfre,Si,2024-01-10,Perito B,Valencia,39,49,7216,5.9
Linea Directa,Si,2024-05-10,Perito D,Barcelona,55,17,6391,4.1
Linea Directa,No,2024-09-13,Perito D,Barcelona,58,21,1714,4.2
Generali,Si,2025-03-08,Perito B,Barcelona,49,43,2798,5.7
AXA,Si,2024-05-15,Perito A,Madrid,26,29,6630,7.8
Generali,No,2024-02-25,Perito A,Sevilla,41,25,1201,4.3
AXA,Si,2024-12-30,Perito C,Málaga,29,32,1233,3.0
AXA,No,2025-01-30,Perito B,Valencia,27,18,6885,5.4
Generali,No,2024-08-30,Perito B,Málaga,46,38,2240,3.3
Mutua,Si,2024-09-19,Perito A,Sevilla,29,25,7099,5.6
Generali,No,2024-03-04,Perito D,Madrid,33,20,473,5.4
Linea Directa,No,2024-08-14,Perito B,Madrid,30,32,5251,5.0
Mapfre,Si,2024-07-10,Perito A,Sevilla,25,29,2847,3.8
Generali,Si,2025-05-14,Perito B,Zaragoza,40,17,1979,3.0
Mutua,No,2024-05-11,Perito D,Valencia,52,31,4676,2.9
Generali,Si,2024-03-03,Perito C,Sevilla,38,47,5648,4.1
Mutua,No,2025-02-27,Perito D,Madrid,58,48,678,3.7
Mapfre,Si,2024-05-16,Perito D,Zaragoza,43,44,6358,3.3
Allianz,Si,2025-04-23,Perito A,Madrid,37,33,715,5.3
Mutua,Si,2024-03-28,Perito A,Zaragoza,54,23,4486,3.7
Mutua,No,2024-05-03,Perito D,Málaga,56,45,1391,2.2
Linea Directa,Si,2024-02-01,Perito A,Valencia,38,41,7888,6.0
Mutua,No,2024-04-09,Perito D,Valencia,43,39,2868,3.9
Mapfre,No,2025-02-26,Perito D,Madrid,53,21,5456,5.5
AXA,No,2024-05-09,Perito B,Sevilla,41,21,6497,6.0
Mutua,Si,2025-06-05,Perito D,Madrid,23,34,1611,3.1
Mapfre,Si,2025-05-24,Perito C,Málaga,29,33,3480,3.0
Linea Directa,No,2024-09-21,Perito A,Sevilla,21,16,471,3.0
Linea Directa,No,2024-06-12,Perito C,Madrid,27,48,342,5.1
Allianz,Si,2024-02-23,Perito A,Zaragoza,52,31,7978,6.7
Mutua,Si,2024-09-08,Perito D,Zaragoza,57,38,6208,6.0
AXA,Si,2025-05-06,Perito C,Valencia,47,23,5388,4.6
Mapfre,Si,2024-10-17,Perito B,Málaga,29,15,6590,6.1
Allianz,No,2024-04-04,Perito D,Madrid,20,42,3532,4.2
AXA,No,2025-02-08,Perito D,Madrid,53,29,987,3.1
Allianz,Si,2024-05-25,Perito D,Zaragoza,22,35,6422,2.6
AXA,No,2024-09-03,Perito B,Zaragoza,28,29,1881,3.8
Generali,Si,2025-01-02,Perito C,Zaragoza,24,37,822,2.1
Generali,Si,2025-02-20,Perito D,Zaragoza,29,16,4041,4.7
Generali,Si,2024-07-14,Perito C,Barcelona,31,23,3876,4.0
Allianz,Si,2024-08-11,Perito D,Sevilla,37,16,2772,2.2
Generali,No,2024-09-12,Perito D,Barcelona,40,16,7115,6.8
Mapfre,No,2024-02-23,Perito D,Valencia,40,32,5233,5.5
Mapfre,No,2024-02-02,Perito B,Sevilla,20,31,7988,6.3
Generali,Si,2024-08-19,Perito D,Málaga,22,22,7697,5.0
AXA,No,2024-06-04,Perito C,Sevilla,24,48,3460,5.1
AXA,Si,2024-06-09,Perito D,Zaragoza,44,48,5414,5.4
Allianz,No,2024-01-06,Perito C,Madrid,27,19,4912,3.9
AXA,Si,2024-03-07,Perito C,Madrid,36,43,5327,4.3
Mutua,No,2024-03-14,Perito A,Madrid,28,42,266,6.3
AXA,Si,2025-02-17,Perito C,Sevilla,51,30,7863,4.7
Mapfre,No,2024-03-18,Perito A,Madrid,25,28,4486,6.9
Linea Directa,No,2024-03-13,Perito B,Madrid,59,16,7733,4.2
AXA,No,2025-06-23,Perito D,Zaragoza,40,18,7111,4.2
Allianz,No,2024-08-19,Perito B,Barcelona,26,45,4816,3.9
AXA,No,2025-05-25,Perito B,Madrid,26,40,5285,5.2
Allianz,No,2025-03-31,Perito C,Barcelona,58,41,1340,4.2
Mutua,No,2025-05-05,Perito D,Valencia,46,48,2514,3.7
Generali,Si,2024-02-22,Perito D,Sevilla,27,45,5930,4.9
Mutua,Si,2024-11-17,Perito B,Barcelona,28,25,2732,4.7
Mapfre,Si,2025-03-25,Perito A,Zaragoza,47,22,3780,4.5
Linea Directa,No,2024-06-02,Perito A,Sevilla,34,26,7665,5.7
Mutua,No,2024-05-01,Perito C,Sevilla,21,49,1387,2.3
Mutua,Si,2025-02-27,Perito A,Málaga,26,48,4671,4.0
Mapfre,No,2025-06-08,Perito A,Barcelona,37,27,4948,5.4
Mapfre,Si,2024-08-14,Perito B,Madrid,41,41,3539,3.3
Generali,No,2024-02-26,Perito A,Zaragoza,29,22,748,2.4
Generali,Si,2025-02-08,Perito D,Zaragoza,52,35,5393,3.4
AXA,No,2024-04-22,Perito B,Málaga,26,25,7875,5.8
Allianz,No,2024-11-10,Perito B,Barcelona,22,36,4287,6.7
Mapfre,No,2025-05-06,Perito A,Zaragoza,33,35,272,4.9
Mutua,No,2025-02-01,Perito D,Barcelona,55,42,6651,6.4
Mutua,No,2024-03-07,Perito D,Valencia,32,17,398,5.5
Generali,No,2024-09-16,Perito A,Madrid,35,21,3401,5.1
Allianz,Si,2024-05-25,Perito D,Valencia,35,28,1981,1.9
Mapfre,Si,2024-11-13,Perito C,Sevilla,24,29,771,2.1
Generali,Si,2024-05-11,Perito C,Madrid,44,23,990,3.1
Allianz,No,2025-03-06,Perito A,Valencia,57,21,1838,2.5
Mapfre,Si,2024-06-09,Perito B,Valencia,57,26,2031,2.1
Mutua,No,2024-01-12,Perito B,Madrid,57,33,2055,5.1
Mutua,Si,2025-02-10,Perito D,Barcelona,58,41,5806,5.6
Generali,Si,2024-07-30,Perito C,Sevilla,45,32,1374,1.2
Allianz,Si,2024-07-02,Perito B,Málaga,32,27,3940,2.2
Mutua,No,2024-09-19,Perito D,Zaragoza,45,15,3477,2.7
Allianz,No,2024-07-09,Perito C,Málaga,20,35,378,3.6
Generali,Si,2025-04-05,Perito B,Málaga,27,48,2444,1.9
AXA,No,2025-06-13,Perito D,Sevilla,23,27,4286,2.6
Allianz,Si,2025-02-28,Perito A,Madrid,40,37,934,2.5
Linea Directa,No,2024-12-14,Perito A,Madrid,41,15,6432,6.4
Allianz,Si,2025-01-04,Perito B,Madrid,56,37,998,3.4
Generali,No,2025-02-17,Perito D,Málaga,22,42,7801,6.0
Linea Directa,Si,2025-06-18,Perito C,Barcelona,38,46,987,4.1
AXA,No,2025-03-29,Perito A,Valencia,20,22,2995,5.6
Mutua,No,2024-04-06,Perito C,Málaga,48,40,7550,5.6
Mapfre,Si,2025-05-18,Perito D,Sevilla,42,28,4504,2.2
Generali,No,2024-05-24,Perito A,Madrid,52,38,4788,6.4
Mapfre,No,2024-11-26,Perito B,Valencia,42,43,7497,4.2
AXA,No,2024-10-11,Perito A,Madrid,24,18,7008,7.4
Linea Directa,No,2024-02-05,Perito B,Madrid,26,32,3284,5.5
AXA,No,2024-12-06,Perito C,Madrid,25,28,5953,7.3
Allianz,No,2025-03-16,Perito A,Zaragoza,41,41,3118,5.6
Mapfre,No,2024-01-04,Perito D,Barcelona,32,17,931,4.4
Mapfre,No,2024-11-28,Perito C,Valencia,31,44,1329,1.8
AXA,No,2024-05-26,Perito C,Málaga,23,37,3646,3.8
Linea Directa,Si,2024-07-15,Perito B,Barcelona,27,32,1805,4.3
Mapfre,No,2025-05-19,Perito D,Zaragoza,56,24,3978,5.3
Mutua,No,2025-02-06,Perito C,Sevilla,50,26,2945,4.7
AXA,Si,2024-06-13,Perito A,Zaragoza,56,22,3370,2.3
Allianz,No,2024-02-14,Perito B,Sevilla,45,46,4889,6.4
Allianz,No,2024-12-11,Perito D,Zaragoza,27,31,7954,5.3
Allianz,No,2025-03-16,Perito B,Málaga,59,28,3133,4.6
Mapfre,No,2025-01-31,Perito B,Valencia,52,23,7195,6.1
AXA,Si,2024-05-21,Perito C,Málaga,48,40,1415,1.9
Allianz,No,2025-02-14,Perito A,Barcelona,24,38,524,3.9
AXA,No,2025-05-03,Perito A,Valencia,47,37,5274,5.6
Mapfre,Si,2024-12-10,Perito D,Sevilla,59,45,6045,2.8
Mutua,Si,2024-07-31,Perito D,Valencia,36,16,2050,1.7
Mutua,Si,2024-07-06,Perito A,Valencia,42,32,7299,4.7
Mutua,No,2024-01-17,Perito B,Valencia,28,30,1690,1.8
Mapfre,Si,2024-04-14,Perito B,Málaga,21,43,1093,3.1
Allianz,No,2024-02-26,Perito A,Madrid,51,25,1590,6.3
Mapfre,Si,2024-06-05,Perito C,Barcelona,50,16,3589,4.8
AXA,Si,2025-04-19,Perito B,Valencia,26,28,4439,1.5
Mutua,No,2024-04-09,Perito A,Valencia,49,18,4679,5.5
AXA,Si,2025-02-04,Perito C,Málaga,22,48,2463,4.0
Mapfre,No,2024-04-10,Perito B,Barcelona,28,23,3632,4.8
Generali,Si,2024-08-01,Perito D,Barcelona,29,21,2571,3.7
Generali,Si,2025-05-24,Perito B,Sevilla,45,31,3286,3.7
Mapfre,No,2024-11-26,Perito B,Barcelona,20,37,4512,4.7
Allianz,No,2025-01-17,Perito A,Barcelona,49,25,1715,4.3
Linea Directa,Si,2024-06-15,Perito B,Valencia,57,36,7294,2.5
AXA,No,2024-03-22,Perito B,Madrid,34,32,7914,6.1
Mapfre,Si,2024-03-18,Perito C,Valencia,44,42,6526,3.3
Mapfre,No,2024-02-15,Perito A,Zaragoza,25,30,6613,5.5
Generali,Si,2025-02-22,Perito C,Málaga,37,18,7288,5.4
Mutua,No,2025-04-13,Perito D,Barcelona,20,36,5786,6.2
Mutua,Si,2024-07-01,Perito B,Madrid,22,25,3117,2.9
Linea Directa,Si,2024-04-22,Perito A,Valencia,36,35,5931,4.2
Allianz,Si,2024-07-03,Perito D,Zaragoza,27,30,7886,4.3
Allianz,Si,2024-12-12,Perito A,Sevilla,59,23,7909,2.6
Linea Directa,No,2025-01-04,Perito B,Málaga,36,49,6810,5.2
Allianz,No,2025-04-18,Perito A,Zaragoza,44,48,2552,4.1
Generali,No,2025-03-01,Perito A,Málaga,31,23,1367,3.7
Mapfre,Si,2024-07-16,Perito C,Zaragoza,48,27,310,2.4
Allianz,Si,2025-05-05,Perito A,Málaga,44,20,5309,3.1
Generali,Si,2025-02-16,Perito A,Valencia,55,18,4527,4.5
AXA,No,2024-10-12,Perito C,Madrid,44,42,6010,6.2
Mapfre,No,2025-04-22,Perito B,Madrid,48,25,3855,6.8
Linea Directa,No,2024-12-16,Perito D,Barcelona,30,48,3993,4.8
AXA,No,2024-08-03,Perito C,Madrid,23,49,1955,6.1
Mutua,Si,2024-06-21,Perito B,Sevilla,33,19,7959,6.2
Mutua,Si,2025-02-21,Perito B,Zaragoza,57,25,7867,5.0
Mapfre,Si,2024-10-15,Perito D,Málaga,36,26,6938,3.7
Allianz,Si,2025-02-17,Perito B,Valencia,21,33,1777,1.9
Mapfre,No,2024-01-08,Perito C,Málaga,27,27,1496,3.8
Allianz,Si,2025-03-08,Perito B,Málaga,55,18,3974,5.1
Linea Directa,No,2024-05-07,Perito D,Sevilla,29,28,2420,3.6
Mutua,No,2024-05-13,Perito D,Zaragoza,26,16,1172,3.3
Mapfre,Si,2025-02-01,Perito C,Málaga,55,22,1230,4.0
Mapfre,No,2024-02-24,Perito C,Málaga,35,36,7522,7.4
Linea Directa,No,2024-09-16,Perito B,Sevilla,33,27,7889,5.6
Allianz,Si,2024-06-11,Perito D,Sevilla,35,35,2793,2.9
Mutua,No,2025-02-09,Perito D,Madrid,44,35,6891,4.9
Mutua,Si,2025-03-22,Perito B,Zaragoza,23,42,4192,3.6
Allianz,No,2024-12-28,Perito D,Málaga,48,47,4813,4.7
Linea Directa,No,2025-02-20,Perito C,Zaragoza,25,43,1113,3.4
Allianz,No,2024-08-22,Perito C,Barcelona,20,36,6558,5.6
Linea Directa,No,2025-06-20,Perito B,Barcelona,58,40,2381,4.0
Allianz,No,2024-10-23,Perito B,Barcelona,20,25,6628,7.2
Mutua,Si,2024-01-21,Perito B,Zaragoza,59,25,3397,3.6
Mutua,No,2024-01-18,Perito C,Sevilla,22,48,6240,5.2
Mapfre,No,2025-02-03,Perito C,Málaga,20,33,1662,2.2
Linea Directa,No,2024-12-26,Perito D,Madrid,20,28,6168,5.5
Mutua,No,2025-02-21,Perito C,Málaga,58,43,7029,5.0
Linea Directa,Si,2024-02-05,Perito B,Barcelona,40,33,7519,4.1
Linea Directa,No,2024-09-25,Perito A,Zaragoza,49,35,2578,5.4
AXA,No,2024-02-18,Perito A,Valencia,51,38,7905,6.9
AXA,No,2024-01-27,Perito A,Zaragoza,52,40,3654,4.9
Allianz,Si,2025-03-11,Perito A,Barcelona,41,26,7482,4.5
Linea Directa,No,2024-10-26,Perito A,Zaragoza,49,33,7237,6.8
Allianz,No,2024-04-06,Perito C,Zaragoza,23,44,3753,4.5
Allianz,No,2024-09-12,Perito B,Zaragoza,42,29,1507,3.7
Mapfre,Si,2024-07-14,Perito B,Sevilla,44,17,5194,3.9
AXA,No,2024-01-04,Perito D,Málaga,31,27,5394,3.6
AXA,No,2024-06-27,Perito B,Sevilla,36,23,1389,3.5
Mutua,No,2024-06-20,Perito D,Zaragoza,34,27,5508,5.5
AXA,Si,2024-07-09,Perito B,Madrid,29,30,6421,3.6
Mutua,No,2025-04-24,Perito D,Málaga,54,28,7290,5.9
Linea Directa,No,2025-03-07,Perito D,Málaga,48,22,7969,5.5
Mapfre,No,2025-01-26,Perito B,Málaga,31,33,887,3.9
Allianz,No,2024-07-17,Perito A,Valencia,20,46,6364,5.5
Allianz,Si,2024-08-21,Perito B,Málaga,20,49,4861,3.5
Linea Directa,Si,2024-08-19,Perito B,Valencia,29,37,1407,1.2
Mutua,Si,2025-04-12,Perito A,Málaga,37,35,2094,2.9
Generali,No,2024-07-08,Perito B,Zaragoza,21,32,7589,5.8
Linea Directa,Si,2024-12-20,Perito D,Barcelona,27,28,5122,5.7
Mutua,No,2024-07-11,Perito A,Madrid,41,30,5647,6.6
Linea Directa,No,2024-03-31,Perito A,Málaga,41,38,6522,4.3
Mapfre,No,2025-05-14,Perito C,Sevilla,45,46,2011,3.6
Linea Directa,Si,2025-03-14,Perito D,Barcelona,45,25,3383,3.0
Linea Directa,Si,2024-05-28,Perito D,Sevilla,28,25,3997,2.8
AXA,No,2024-06-15,Perito B,Sevilla,40,18,5378,4.9
Mutua,No,2024-05-30,Perito B,Valencia,50,40,5646,6.9
Mapfre,Si,2024-12-30,Perito D,Madrid,25,19,7248,5.3
Allianz,Si,2024-12-07,Perito D,Sevilla,33,47,1844,2.5
Generali,No,2024-12-31,Perito D,Barcelona,52,28,4168,5.4
Generali,Si,2024-04-18,Perito B,Madrid,26,46,2916,3.4
Mutua,No,2024-09-15,Perito D,Barcelona,43,21,390,5.1
Linea Directa,Si,2024-01-10,Perito D,Sevilla,28,24,5519,3.7
AXA,Si,2024-12-29,Perito A,Madrid,30,16,1535,3.8
Linea Directa,Si,2024-09-05,Perito D,Málaga,42,24,5003,3.8
Mutua,No,2025-04-28,Perito C,Sevilla,21,49,3306,5.5
Generali,No,2024-11-16,Perito B,Sevilla,34,35,578,3.5
Generali,No,2024-05-16,Perito A,Zaragoza,54,22,4682,5.1
Linea Directa,No,2024-10-21,Perito D,Zaragoza,55,32,4029,3.9
Linea Directa,Si,2024-11-17,Perito D,Valencia,47,23,6580,4.4
Linea Directa,No,2025-01-29,Perito A,Barcelona,58,44,815,5.2
Allianz,Si,2024-12-07,Perito A,Málaga,23,18,5838,4.7
AXA,No,2025-04-03,Perito A,Madrid,29,49,2530,5.2
AXA,No,2024-11-25,Perito C,Sevilla,25,28,6344,5.4
Generali,No,2024-07-04,Perito C,Sevilla,49,28,1954,2.3
Generali,Si,2024-10-17,Perito A,Málaga,54,34,663,4.0
Mutua,Si,2024-10-17,Perito D,Sevilla,29,43,7597,4.1
Mutua,Si,2024-05-24,Perito B,Barcelona,51,37,1166,2.3
Allianz,No,2024-11-06,Perito C,Madrid,22,35,4467,5.2
Generali,No,2024-05-30,Perito B,Málaga,45,45,3358,4.9
Mutua,Si,2024-03-17,Perito B,Málaga,34,46,3824,4.8
Allianz,Si,2024-09-09,Perito C,Zaragoza,36,21,5442,4.3
AXA,Si,2024-11-06,Perito B,Valencia,46,27,5138,4.4
Generali,Si,2024-12-17,Perito D,Madrid,37,37,5617,4.0
Mapfre,No,2024-01-21,Perito C,Málaga,38,22,6204,7.0
Generali,No,2024-11-04,Perito C,Sevilla,31,26,889,3.1
Mutua,No,2025-05-12,Perito B,Zaragoza,43,30,2822,4.0
Generali,No,2024-08-06,Perito B,Madrid,24,40,5803,6.0
Mapfre,No,2024-11-05,Perito A,Barcelona,43,43,2412,6.9
Generali,Si,2025-06-04,Perito C,Málaga,46,43,6320,4.5
Mutua,Si,2024-07-08,Perito B,Barcelona,49,20,6018,5.9
AXA,No,2024-09-01,Perito D,Málaga,34,47,582,2.2
Mutua,Si,2025-05-17,Perito C,Sevilla,57,45,2456,3.3
Allianz,No,2024-10-08,Perito A,Valencia,53,32,4010,4.3
Mutua,No,2024-04-16,Perito D,Sevilla,46,45,3703,3.2
Allianz,Si,2025-01-01,Perito A,Barcelona,39,30,1612,4.7
Generali,Si,2024-07-30,Perito A,Madrid,51,28,1783,3.8
Allianz,No,2025-04-04,Perito D,Zaragoza,23,18,6567,4.1
Linea Directa,No,2024-01-28,Perito A,Barcelona,24,44,6346,7.9
Generali,Si,2024-04-17,Perito A,Valencia,27,47,571,1.9
Allianz,Si,2024-11-19,Perito A,Málaga,41,44,6006,6.4
Mutua,No,2025-03-08,Perito A,Zaragoza,26,28,5765,6.5
Mapfre,Si,2024-06-23,Perito A,Málaga,41,37,810,4.5
Generali,No,2025-03-06,Perito C,Barcelona,49,42,315,3.4
Allianz,No,2025-02-23,Perito B,Madrid,56,21,7637,7.2
Mapfre,Si,2024-06-09,Perito C,Málaga,35,24,646,2.4
Allianz,Si,2025-01-27,Perito C,Málaga,34,18,1591,3.5
Allianz,No,2024-09-15,Perito B,Zaragoza,24,27,3524,3.6
Allianz,Si,2024-03-02,Perito B,Valencia,22,35,1540,3.6
Mutua,Si,2024-05-15,Perito D,Zaragoza,42,47,4710,3.7
Allianz,Si,2024-05-08,Perito A,Valencia,29,42,7462,4.8
Mapfre,Si,2025-05-12,Perito B,Madrid,24,37,6104,3.5
Linea Directa,Si,2024-04-12,Perito D,Málaga,42,46,3139,3.6
Allianz,No,2025-01-27,Perito D,Sevilla,34,19,5343,4.2
Linea Directa,Si,2024-07-04,Perito C,Barcelona,37,40,3899,3.5
AXA,Si,2025-01-05,Perito D,Zaragoza,44,40,7006,3.4
Generali,Si,2024-06-29,Perito A,Málaga,27,17,6169,5.2
Mutua,No,2025-06-13,Perito C,Barcelona,50,38,1273,4.3
AXA,No,2025-05-06,Perito B,Zaragoza,40,48,7869,5.8
AXA,No,2024-12-06,Perito C,Málaga,21,48,5013,5.0
Mapfre,Si,2024-01-25,Perito C,Valencia,41,34,3769,2.3
Mapfre,No,2024-07-04,Perito A,Madrid,27,44,5654,7.0
Linea Directa,Si,2024-07-25,Perito A,Sevilla,42,34,3350,4.3
Linea Directa,Si,2025-03-05,Perito C,Zaragoza,51,32,1805,4.7
Mutua,No,2024-07-25,Perito B,Valencia,27,34,7394,6.1
Mutua,No,2025-03-17,Perito A,Madrid,23,20,6614,7.1
Generali,No,2024-04-08,Perito C,Valencia,49,39,4857,3.0
Allianz,No,2025-01-11,Perito A,Zaragoza,38,17,7147,6.6
Mutua,Si,2024-07-15,Perito A,Barcelona,42,33,2494,6.2
Mutua,No,2024-11-17,Perito D,Málaga,37,24,3862,3.3
Linea Directa,Si,2025-03-19,Perito B,Valencia,48,19,4682,2.1
Allianz,No,2025-03-19,Perito C,Zaragoza,42,36,4997,4.0
Generali,No,2025-03-09,Perito C,Madrid,52,23,6902,7.1
Mapfre,No,2025-02-06,Perito D,Málaga,37,47,5268,3.9
Generali,Si,2025-04-11,Perito C,Zaragoza,52,29,5680,3.1
Allianz,No,2025-05-30,Perito C,Barcelona,26,38,1183,4.7
Mapfre,Si,2025-06-03,Perito D,Barcelona,47,44,5807,4.7
Mapfre,Si,2025-04-03,Perito D,Sevilla,20,20,551,3.1
Mapfre,Si,2025-02-03,Perito C,Málaga,58,29,1924,2.2
Generali,Si,2025-03-09,Perito D,Barcelona,53,36,2151,3.3
Linea Directa,Si,2025-01-03,Perito A,Valencia,58,17,1479,1.0
Allianz,Si,2024-08-16,Perito A,Barcelona,38,43,7589,5.5
Generali,Si,2024-10-14,Perito A,Barcelona,50,43,2107,4.5
Generali,Si,2024-04-17,Perito A,Barcelona,32,45,5048,4.9
AXA,Si,2024-12-13,Perito D,Sevilla,43,16,7124,1.6
Mutua,No,2024-12-17,Perito B,Zaragoza,24,49,1224,4.0
Generali,No,2025-06-07,Perito B,Madrid,42,23,745,4.8
AXA,No,2024-11-11,Perito C,Zaragoza,38,36,5765,4.0
Linea Directa,Si,2025-03-24,Perito B,Barcelona,20,33,4374,5.2
Linea Directa,Si,2025-06-15,Perito A,Madrid,52,24,5555,4.1
Allianz,No,2025-05-30,Perito D,Málaga,52,35,2581,2.6
AXA,No,2024-12-13,Perito A,Madrid,51,31,1088,6.3
Generali,Si,2024-07-04,Perito A,Málaga,47,17,7716,6.4
Allianz,No,2024-04-04,Perito D,Sevilla,56,21,7465,5.7
AXA,Si,2024-03-19,Perito A,Málaga,31,17,1305,2.3
Generali,No,2024-03-06,Perito A,Málaga,28,27,2749,4.9
Allianz,Si,2024-03-09,Perito D,Valencia,30,44,2190,2.7
Allianz,Si,2025-03-02,Perito D,Sevilla,52,37,5796,1.7
Mutua,Si,2024-05-20,Perito C,Barcelona,38,21,4198,3.3
Linea Directa,Si,2024-02-17,Perito C,Sevilla,53,44,3975,4.4
Generali,No,2024-09-29,Perito A,Valencia,26,43,3012,1.9
Mutua,Si,2024-08-22,Perito C,Málaga,50,22,1120,2.5
Allianz,Si,2024-02-24,Perito B,Zaragoza,21,24,4845,3.6
Allianz,No,2025-05-27,Perito B,Sevilla,38,47,2261,3.0
AXA,No,2025-05-23,Perito A,Valencia,57,34,4687,5.1
Mutua,No,2024-06-21,Perito C,Zaragoza,51,43,7714,5.6
Mapfre,Si,2024-11-03,Perito A,Barcelona,29,43,6653,5.9
Generali,Si,2024-01-07,Perito C,Málaga,27,35,6729,4.1
Linea Directa,No,2025-02-27,Perito D,Sevilla,45,15,7576,5.6
Mutua,No,2025-04-23,Perito D,Sevilla,49,48,5676,5.1
Allianz,No,2024-01-08,Perito D,Zaragoza,30,46,5269,3.4
AXA,Si,2025-04-27,Perito D,Málaga,39,28,7968,5.2
Generali,No,2024-09-02,Perito A,Sevilla,39,49,3839,4.6
Linea Directa,No,2024-05-28,Perito A,Málaga,28,38,3365,2.6
Generali,Si,2025-02-02,Perito A,Valencia,27,15,7460,4.5
AXA,Si,2025-04-28,Perito B,Málaga,34,20,4635,3.5
Allianz,Si,2025-04-20,Perito D,Barcelona,53,18,2844,2.0
Linea Directa,No,2025-02-19,Perito D,Málaga,43,15,7812,5.0
Mapfre,Si,2024-04-29,Perito D,Zaragoza,52,45,5052,2.9
AXA,Si,2024-03-08,Perito C,Sevilla,59,23,1245,2.7
Mapfre,No,2025-05-01,Perito C,Zaragoza,46,37,6634,4.8
Mutua,Si,2024-12-23,Perito B,Málaga,40,45,3756,3.1
Generali,No,2025-03-10,Perito B,Málaga,24,43,6649,6.2
Linea Directa,No,2024-12-30,Perito C,Málaga,54,35,2881,4.3
Allianz,Si,2024-02-17,Perito C,Barcelona,40,17,3399,4.4
Mapfre,No,2024-10-23,Perito A,Zaragoza,23,40,6968,5.5
Allianz,No,2025-03-17,Perito A,Barcelona,35,20,1138,3.9
Mutua,No,2024-05-05,Perito C,Sevilla,50,34,7640,6.1
Mapfre,Si,2024-12-20,Perito D,Zaragoza,45,27,5143,2.2
Allianz,No,2025-04-29,Perito C,Sevilla,54,37,641,4.8
Allianz,No,2024-09-26,Perito A,Málaga,25,29,2750,3.4
Mutua,Si,2025-03-19,Perito B,Madrid,52,45,4425,4.2
AXA,Si,2024-09-22,Perito C,Zaragoza,40,18,7499,5.5
Linea Directa,No,2024-12-24,Perito C,Valencia,35,25,796,3.2
Mutua,No,2024-03-10,Perito D,Málaga,58,16,6254,5.0
Mapfre,Si,2024-11-23,Perito B,Valencia,53,30,1705,2.7
Mapfre,No,2024-05-09,Perito D,Barcelona,34,45,1061,2.4
Generali,Si,2025-05-12,Perito B,Sevilla,25,18,7757,3.6
Allianz,Si,2024-05-08,Perito D,Madrid,21,42,2840,3.2
Linea Directa,Si,2024-02-28,Perito B,Sevilla,43,30,5294,3.7
Mapfre,No,2025-02-11,Perito C,Barcelona,47,39,6668,7.0
AXA,Si,2025-03-11,Perito C,Málaga,20,27,7436,4.6
AXA,Si,2024-10-17,Perito C,Barcelona,20,19,3931,4.2
Mutua,Si,2025-03-20,Perito A,Madrid,47,44,6791,5.4
Mapfre,No,2025-03-04,Perito B,Málaga,55,15,1751,4.4
Linea Directa,No,2024-08-03,Perito B,Zaragoza,39,19,7162,4.7
Linea Directa,Si,2025-03-09,Perito D,Málaga,27,28,5936,2.3
Mapfre,Si,2024-10-26,Perito A,Madrid,20,25,3436,4.5
Generali,No,2024-06-14,Perito D,Sevilla,45,48,5807,5.3
Generali,No,2025-06-12,Perito A,Málaga,44,43,1936,3.6
Generali,No,2025-04-22,Perito D,Sevilla,29,32,7052,5.1
Mapfre,Si,2025-06-10,Perito A,Valencia,31,29,1649,2.1
Mutua,No,2024-04-06,Perito D,Madrid,26,39,6153,4.8
Linea Directa,Si,2024-12-26,Perito D,Valencia,31,44,464,3.1
Mutua,Si,2024-10-30,Perito A,Málaga,59,16,2859,1.4
Mutua,No,2024-09-26,Perito B,Madrid,36,41,7709,5.8
Mutua,Si,2024-09-22,Perito D,Málaga,24,29,7175,2.2
AXA,Si,2025-03-26,Perito A,Madrid,33,46,7645,5.3
Mapfre,No,2024-07-28,Perito A,Sevilla,53,34,2921,5.3
Allianz,Si,2024-06-10,Perito B,Barcelona,36,28,1662,5.1
Mapfre,Si,2025-04-12,Perito B,Zaragoza,54,41,4452,2.2
Mutua,No,2024-03-05,Perito B,Barcelona,20,17,1645,5.3
AXA,Si,2024-10-16,Perito B,Madrid,55,17,2498,2.5
AXA,No,2025-04-29,Perito D,Valencia,34,27,3125,2.9
Mapfre,No,2024-09-20,Perito D,Madrid,38,39,1832,4.4
Allianz,Si,2024-01-02,Perito C,Sevilla,24,32,6873,2.5
Mutua,Si,2024-06-14,Perito D,Zaragoza,38,15,2574,1.7
AXA,No,2024-10-25,Perito C,Valencia,58,19,7304,5.3
Mutua,No,2024-09-17,Perito C,Madrid,24,16,5190,3.7
Mutua,Si,2024-03-25,Perito D,Zaragoza,31,44,6440,2.8
Linea Directa,Si,2024-09-21,Perito C,Zaragoza,38,31,712,1.7
Mutua,Si,2024-11-02,Perito B,Madrid,31,43,415,2.4
Generali,No,2024-05-12,Perito C,Málaga,55,18,7499,5.0
Linea Directa,Si,2024-01-26,Perito D,Sevilla,31,23,3531,3.0
Mutua,Si,2024-04-13,Perito A,Sevilla,37,35,2372,3.5
Mutua,Si,2024-09-29,Perito D,Barcelona,53,26,3353,4.9
Allianz,Si,2024-08-06,Perito A,Málaga,52,26,7650,4.8
Linea Directa,No,2024-10-22,Perito A,Valencia,37,18,1906,2.6
Linea Directa,No,2024-08-22,Perito C,Zaragoza,48,42,2306,1.6
Allianz,Si,2025-02-24,Perito C,Barcelona,24,23,1767,4.9
Generali,Si,2025-02-16,Perito A,Sevilla,44,46,2408,3.2
Linea Directa,No,2025-03-13,Perito C,Madrid,43,27,2531,5.1
Generali,Si,2024-07-03,Perito B,Málaga,48,48,2353,3.6
Mutua,No,2024-09-10,Perito D,Sevilla,57,33,1328,3.1
AXA,No,2024-09-20,Perito C,Sevilla,52,28,3710,5.4
AXA,No,2025-05-26,Perito A,Málaga,29,19,4523,5.8
Mapfre,No,2025-06-13,Perito A,Sevilla,56,41,3853,5.8
AXA,Si,2025-04-30,Perito D,Barcelona,52,42,2565,2.5
AXA,No,2024-07-07,Perito C,Málaga,42,40,5783,5.7
Allianz,Si,2024-04-24,Perito C,Sevilla,30,24,5097,4.1
Mapfre,Si,2025-01-05,Perito A,Sevilla,43,38,5918,3.5
Mapfre,No,2025-01-05,Perito D,Málaga,43,31,6201,6.2
Allianz,No,2024-03-24,Perito A,Madrid,26,30,3121,5.4
AXA,No,2024-06-23,Perito D,Valencia,40,31,4767,2.3
AXA,Si,2024-02-09,Perito C,Málaga,39,15,1279,3.1
Mapfre,No,2024-09-25,Perito C,Madrid,29,35,6968,6.8
AXA,No,2024-06-30,Perito D,Zaragoza,44,36,6356,4.3
Mapfre,No,2024-01-07,Perito A,Sevilla,55,19,3711,5.3
AXA,Si,2024-01-20,Perito A,Barcelona,34,35,5337,4.4
Mutua,No,2024-07-01,Perito A,Zaragoza,59,23,2941,5.0
Allianz,No,2024-02-12,Perito D,Sevilla,59,41,3220,4.3
Linea Directa,No,2024-10-21,Perito D,Sevilla,25,26,6456,5.0
Generali,Si,2024-01-25,Perito A,Zaragoza,56,32,428,2.7
Mutua,No,2024-10-29,Perito A,Madrid,21,49,370,4.5
AXA,Si,2025-03-22,Perito D,Málaga,31,29,494,3.1
Generali,Si,2025-02-18,Perito D,Valencia,23,44,4484,2.4
Linea Directa,Si,2025-01-07,Perito A,Valencia,42,47,625,2.8
Mutua,Si,2025-05-05,Perito A,Málaga,32,44,5272,4.2
Linea Directa,Si,2024-11-01,Perito C,Málaga,36,40,5398,4.1
Allianz,No,2024-08-24,Perito B,Barcelona,50,35,7001,7.6
Generali,No,2024-07-28,Perito D,Málaga,35,45,1118,4.1
Linea Directa,Si,2024-02-21,Perito B,Barcelona,45,31,3453,4.8
Generali,Si,2025-01-04,Perito D,Málaga,47,31,698,2.0
Allianz,Si,2024-03-26,Perito C,Barcelona,20,48,6117,5.4
Linea Directa,Si,2024-05-03,Perito D,Málaga,31,38,3009,3.9
Mutua,No,2024-10-13,Perito D,Málaga,56,47,5161,3.1
Generali,No,2024-02-13,Perito B,Valencia,39,18,1025,3.0
Linea Directa,Si,2024-11-20,Perito C,Sevilla,21,23,3979,2.6
Allianz,Si,2024-09-14,Perito C,Sevilla,55,16,2058,3.4
Linea Directa,Si,2024-06-06,Perito C,Barcelona,34,49,2318,3.5
Linea Directa,No,2024-11-13,Perito C,Madrid,57,29,6591,4.6
Mutua,Si,2024-12-31,Perito D,Zaragoza,41,17,345,1.0
AXA,No,2024-08-31,Perito B,Valencia,51,45,5937,5.1
Mapfre,No,2024-10-27,Perito C,Málaga,39,37,5615,5.3
AXA,Si,2024-06-03,Perito A,Valencia,55,26,6925,4.6
AXA,No,2025-06-11,Perito C,Madrid,52,22,4765,4.6
Mapfre,Si,2024-06-04,Perito B,Valencia,34,35,3777,4.7
Linea Directa,No,2025-05-20,Perito B,Madrid,22,35,392,4.6
AXA,Si,2025-03-27,Perito B,Zaragoza,48,46,5387,4.2
AXA,Si,2024-03-18,Perito B,Madrid,46,31,6837,5.6
Allianz,Si,2025-06-11,Perito A,Madrid,24,38,4088,3.7
Allianz,Si,2024-07-09,Perito C,Madrid,50,22,251,3.2
Mutua,Si,2025-05-11,Perito D,Madrid,41,32,7225,2.6
Generali,Si,2025-04-13,Perito D,Málaga,54,25,2610,2.8
Linea Directa,No,2024-12-26,Perito A,Valencia,26,24,2020,1.0
Mutua,No,2025-04-23,Perito C,Sevilla,25,40,3164,3.3
Allianz,Si,2025-04-05,Perito C,Sevilla,45,20,2721,2.9
Allianz,No,2024-07-26,Perito D,Málaga,20,31,2069,3.4
Mapfre,Si,2024-02-02,Perito A,Barcelona,38,37,2768,3.2
Mapfre,No,2024-09-08,Perito D,Zaragoza,26,42,6082,3.8
Allianz,No,2024-01-28,Perito A,Madrid,55,30,5750,5.1
AXA,Si,2024-08-13,Perito B,Valencia,31,26,2067,3.8
Mutua,Si,2024-04-15,Perito C,Madrid,39,35,7665,4.8
Allianz,No,2024-06-29,Perito C,Madrid,42,38,7802,6.5
Linea Directa,No,2025-06-08,Perito C,Sevilla,44,42,2938,4.2
Allianz,No,2024-05-06,Perito C,Madrid,49,35,3469,5.8
Mapfre,No,2024-11-15,Perito C,Valencia,48,47,3399,4.6
Mutua,No,2024-12-31,Perito C,Valencia,50,16,2779,4.5
Mutua,No,2024-01-15,Perito B,Sevilla,37,33,6303,3.9
Generali,Si,2025-04-25,Perito C,Málaga,38,42,5730,4.3
Allianz,No,2025-01-04,Perito B,Sevilla,23,29,4205,3.0
Generali,Si,2025-06-21,Perito C,Sevilla,20,15,5135,4.1
Mapfre,No,2024-05-20,Perito C,Madrid,34,42,7432,7.7
Generali,Si,2024-07-13,Perito A,Barcelona,27,49,440,2.6
AXA,Si,2025-02-25,Perito C,Zaragoza,34,46,3640,1.8
Allianz,Si,2024-09-02,Perito D,Málaga,34,42,4831,4.8
Allianz,Si,2024-06-07,Perito A,Málaga,58,23,1607,2.4
Mutua,No,2024-01-22,Perito A,Málaga,41,38,3702,5.3
Generali,Si,2024-06-14,Perito A,Madrid,37,18,4238,3.3
Mutua,Si,2025-01-06,Perito D,Sevilla,35,17,282,2.5
Linea Directa,No,2025-01-29,Perito B,Zaragoza,21,36,5277,5.8
Generali,No,2024-03-09,Perito A,Madrid,55,39,3968,7.4
Generali,No,2024-09-24,Perito A,Valencia,39,36,1150,5.7
Mapfre,Si,2024-05-02,Perito A,Barcelona,35,48,810,2.8
Generali,No,2024-08-25,Perito C,Barcelona,22,34,4869,6.9
Mutua,Si,2024-02-10,Perito B,Zaragoza,49,41,6629,4.7
Linea Directa,Si,2024-04-05,Perito D,Madrid,21,46,5284,4.2
Generali,Si,2024-04-14,Perito D,Sevilla,54,43,3805,3.0
Generali,No,2024-09-27,Perito B,Málaga,45,46,4754,6.6
Allianz,Si,2025-01-26,Perito B,Zaragoza,24,38,3483,2.3
Allianz,Si,2024-11-25,Perito B,Zaragoza,21,17,2373,3.0
Linea Directa,Si,2024-07-03,Perito C,Valencia,39,41,3684,4.4
Allianz,No,2024-04-10,Perito A,Valencia,53,23,1722,4.4
AXA,No,2024-06-06,Perito C,Zaragoza,53,37,6768,3.9
Allianz,Si,2024-04-19,Perito B,Barcelona,39,21,2801,4.0
AXA,Si,2025-02-20,Perito C,Zaragoza,44,31,2857,1.2
Linea Directa,Si,2024-07-15,Perito D,Sevilla,39,21,6280,3.2
AXA,Si,2025-06-05,Perito C,Málaga,44,44,5862,2.7
Linea Directa,No,2024-12-10,Perito B,Barcelona,33,27,7525,5.9
Mutua,Si,2024-06-11,Perito A,Sevilla,58,32,2359,4.3
Allianz,No,2024-07-04,Perito C,Málaga,31,45,2649,3.4
Generali,Si,2024-07-08,Perito B,Madrid,24,36,4030,4.3
Mapfre,Si,2024-08-25,Perito C,Sevilla,21,28,321,3.7
Generali,No,2024-12-07,Perito D,Zaragoza,35,32,4568,4.3
Allianz,Si,2024-08-16,Perito C,Zaragoza,49,49,1517,2.4
Generali,Si,2024-03-10,Perito C,Valencia,57,31,4693,3.3
Allianz,No,2025-04-05,Perito A,Sevilla,43,33,2718,4.8
Allianz,Si,2024-04-05,Perito C,Sevilla,49,45,5280,5.1
Generali,No,2025-01-28,Perito C,Zaragoza,56,29,1430,2.5
AXA,No,2024-08-19,Perito D,Zaragoza,58,43,1333,3.3
Mutua,Si,2025-02-18,Perito D,Sevilla,30,30,7807,2.8
Mutua,No,2024-07-26,Perito D,Málaga,33,47,1501,1.2
Mutua,No,2025-01-22,Perito A,Málaga,42,39,4234,5.2
Mutua,Si,2024-07-26,Perito D,Madrid,35,30,7935,5.3
Mapfre,Si,2025-05-07,Perito D,Madrid,40,44,2110,1.3
Linea Directa,Si,2024-01-17,Perito C,Málaga,23,48,6912,3.4
Allianz,No,2024-04-16,Perito C,Málaga,52,16,1705,3.0
Mapfre,Si,2025-05-12,Perito A,Barcelona,33,32,3385,5.1
Mutua,No,2024-09-21,Perito D,Sevilla,38,19,2116,4.6
Mutua,Si,2024-04-24,Perito B,Sevilla,24,20,7240,3.1
Generali,Si,2024-12-29,Perito C,Valencia,55,26,5115,3.5
Mutua,Si,2024-07-07,Perito B,Málaga,50,26,7196,6.1
Allianz,No,2024-10-30,Perito B,Málaga,37,26,3748,5.5
Mutua,No,2025-05-03,Perito D,Madrid,50,23,2957,2.2
Mutua,No,2025-01-30,Perito B,Zaragoza,49,36,2156,3.4
Mapfre,Si,2025-02-27,Perito A,Madrid,40,30,6664,6.1
Allianz,Si,2025-02-12,Perito A,Zaragoza,49,18,378,3.4
AXA,Si,2025-01-04,Perito C,Sevilla,23,17,1096,3.5
Generali,Si,2025-06-22,Perito B,Sevilla,24,30,6562,2.4
AXA,Si,2024-10-11,Perito A,Zaragoza,29,28,7132,5.1
Linea Directa,Si,2024-11-24,Perito A,Málaga,46,18,6268,4.8
Mapfre,Si,2024-10-11,Perito B,Sevilla,35,16,1751,3.7
Mutua,No,2024-12-29,Perito A,Málaga,49,24,691,4.2
Generali,Si,2025-04-06,Perito B,Valencia,32,25,260,2.6
Linea Directa,Si,2024-03-31,Perito A,Valencia,55,40,1277,3.3
Linea Directa,No,2025-01-22,Perito B,Barcelona,40,40,5999,6.0
Allianz,Si,2024-06-18,Perito A,Madrid,59,18,6881,7.0
Generali,Si,2024-09-13,Perito A,Barcelona,34,40,3095,3.5
Linea Directa,No,2024-04-06,Perito A,Valencia,39,42,7331,7.2
Mapfre,Si,2024-04-20,Perito D,Sevilla,39,16,4360,2.8
Mutua,No,2024-08-30,Perito D,Madrid,24,16,3883,4.2
Mapfre,Si,2024-08-02,Perito A,Madrid,51,30,785,3.6
Linea Directa,No,2024-11-16,Perito D,Barcelona,25,37,6023,5.3
Allianz,Si,2024-02-20,Perito B,Madrid,49,37,6514,7.0
AXA,No,2024-05-31,Perito D,Valencia,45,27,7640,3.8
Mutua,Si,2024-05-07,Perito C,Sevilla,56,35,4160,2.1
Mutua,No,2024-06-22,Perito C,Barcelona,32,39,3970,4.3
Mapfre,Si,2024-04-24,Perito A,Sevilla,48,27,734,2.5
Mapfre,Si,2025-02-06,Perito D,Zaragoza,24,29,3662,1.9
Mapfre,Si,2024-09-18,Perito C,Barcelona,44,42,4211,2.0
Linea Directa,No,2025-03-14,Perito A,Zaragoza,32,17,7036,5.2
Mutua,No,2025-02-20,Perito C,Málaga,43,37,3598,3.0
Mapfre,Si,2025-01-01,Perito A,Madrid,50,18,2355,5.3
Generali,Si,2025-04-30,Perito C,Málaga,39,17,6166,4.7
Linea Directa,No,2024-05-22,Perito C,Zaragoza,27,22,7529,5.9
Linea Directa,No,2024-09-17,Perito D,Madrid,28,39,7157,4.2
Generali,No,2024-06-05,Perito A,Málaga,40,26,1204,5.3
Generali,No,2024-04-20,Perito C,Sevilla,39,19,2699,3.1
Linea Directa,No,2024-03-02,Perito A,Valencia,34,47,5525,6.2
Mutua,No,2024-08-25,Perito D,Barcelona,45,39,6933,6.4
Mapfre,Si,2024-04-04,Perito C,Madrid,30,39,5335,4.0
Allianz,Si,2024-11-27,Perito B,Barcelona,56,49,526,3.5
Mapfre,Si,2025-02-19,Perito B,Valencia,30,29,4903,3.7
Mutua,No,2024-02-28,Perito B,Málaga,46,40,2906,5.0
Generali,No,2024-09-21,Perito A,Sevilla,49,24,201,2.9
Mutua,Si,2025-05-05,Perito D,Zaragoza,38,38,1233,2.1
Mapfre,Si,2024-08-22,Perito A,Barcelona,53,49,2681,3.4
Mutua,No,2024-10-06,Perito A,Zaragoza,57,43,324,4.8
Allianz,Si,2024-07-01,Perito B,Málaga,42,19,1304,2.3
Mutua,Si,2024-04-23,Perito D,Zaragoza,20,38,6828,2.8
AXA,No,2024-07-13,Perito C,Madrid,22,33,2899,5.6
Mutua,Si,2024-04-24,Perito A,Barcelona,22,23,2061,5.2
Mapfre,Si,2024-05-26,Perito B,Barcelona,47,40,5469,4.4
AXA,No,2024-05-29,Perito A,Madrid,33,39,7143,9.0
Generali,No,2025-02-19,Perito A,Valencia,49,49,3120,6.1
Mapfre,No,2024-04-02,Perito D,Málaga,24,28,7707,5.1
Linea Directa,No,2025-03-22,Perito C,Zaragoza,34,20,328,2.7
Allianz,Si,2024-03-08,Perito A,Zaragoza,57,46,637,1.4
Mutua,Si,2024-05-01,Perito A,Barcelona,33,40,5046,4.1
Mutua,No,2025-02-12,Perito C,Málaga,33,29,2748,2.0
Mapfre,No,2024-07-07,Perito D,Zaragoza,27,45,3329,4.2
Mutua,No,2025-01-26,Perito A,Sevilla,27,33,1421,3.9
Mutua,Si,2025-03-26,Perito D,Málaga,38,28,6554,3.1
Generali,Si,2024-11-15,Perito D,Málaga,51,25,1101,1.0
Mutua,Si,2024-10-24,Perito A,Zaragoza,50,41,6388,5.2
Mutua,No,2024-05-06,Perito C,Madrid,48,16,3368,5.1
Generali,No,2024-09-08,Perito A,Zaragoza,30,36,5598,5.4
Linea Directa,Si,2024-04-25,Perito A,Málaga,32,16,6878,4.8
Mutua,Si,2025-04-04,Perito B,Zaragoza,46,34,5729,4.9
Linea Directa,No,2024-07-09,Perito C,Zaragoza,38,31,6804,3.6
Generali,No,2024-03-09,Perito B,Valencia,45,18,4686,6.9
Allianz,No,2024-12-19,Perito C,Málaga,56,28,4118,3.0
Mutua,No,2025-04-12,Perito A,Sevilla,28,21,1267,3.7
Mapfre,No,2025-05-22,Perito D,Zaragoza,47,29,226,1.0
AXA,No,2025-05-22,Perito B,Málaga,51,44,7137,5.5
Allianz,No,2024-10-28,Perito B,Zaragoza,22,30,7464,5.2
Mutua,No,2024-08-22,Perito B,Madrid,51,16,7318,6.4
Mapfre,Si,2024-07-15,Perito B,Sevilla,24,33,747,2.6
AXA,Si,2024-10-09,Perito C,Madrid,27,15,2868,3.4
Generali,Si,2025-01-10,Perito D,Zaragoza,33,45,766,3.3
Mutua,No,2025-05-29,Perito D,Valencia,22,18,903,2.3
Linea Directa,Si,2024-01-22,Perito A,Valencia,43,41,5538,4.9
Linea Directa,Si,2025-04-01,Perito A,Madrid,32,39,4480,4.1
Generali,Si,2024-12-27,Perito B,Valencia,48,36,3340,4.1
Allianz,No,2024-08-30,Perito A,Zaragoza,27,24,7497,5.0
Linea Directa,No,2024-08-10,Perito A,Madrid,50,47,1790,4.8
AXA,No,2025-05-10,Perito C,Barcelona,45,44,6209,5.4
Linea Directa,Si,2025-03-21,Perito A,Málaga,37,44,7976,5.5
AXA,Si,2024-09-07,Perito A,Barcelona,37,30,5143,4.3
Linea Directa,No,2024-08-10,Perito A,Valencia,26,23,4894,4.4
Generali,Si,2024-12-25,Perito D,Madrid,57,31,1005,2.7
Generali,Si,2025-01-25,Perito D,Madrid,35,49,7998,4.7
Linea Directa,No,2024-06-12,Perito A,Zaragoza,52,29,3991,4.9
Allianz,No,2024-09-20,Perito B,Madrid,22,42,1557,3.7
Mapfre,No,2024-12-22,Perito D,Madrid,57,34,3425,3.9
Linea Directa,No,2024-05-16,Perito C,Málaga,23,47,3818,4.2
Mutua,No,2024-06-14,Perito C,Sevilla,55,47,2326,5.2
Mapfre,No,2025-06-06,Perito C,Barcelona,23,27,6922,6.0
Linea Directa,No,2024-03-25,Perito A,Valencia,28,18,6174,6.3
AXA,No,2025-01-26,Perito B,Madrid,59,37,2660,5.3
Mutua,No,2025-06-15,Perito C,Barcelona,36,22,745,3.4
Allianz,No,2025-04-23,Perito B,Sevilla,36,27,5928,5.7
Mapfre,No,2024-08-29,Perito C,Barcelona,52,38,6512,6.1
Mapfre,No,2025-05-19,Perito B,Valencia,39,44,2928,5.0
Mutua,Si,2025-02-21,Perito A,Madrid,33,44,3934,7.4
Allianz,No,2024-04-14,Perito A,Valencia,41,39,6926,5.9
Linea Directa,Si,2024-11-30,Perito C,Madrid,46,47,2762,5.1
Allianz,Si,2024-01-29,Perito C,Sevilla,22,23,7681,5.6
Linea Directa,Si,2024-07-22,Perito D,Zaragoza,43,40,2279,1.8
Mapfre,No,2024-04-15,Perito C,Valencia,49,38,6630,4.8
Linea Directa,No,2025-04-10,Perito D,Barcelona,27,47,2841,3.1
Mapfre,No,2024-07-06,Perito D,Zaragoza,41,39,3314,4.8
Generali,No,2024-01-05,Perito A,Sevilla,44,29,2126,3.3
Mutua,Si,2024-09-11,Perito A,Valencia,29,20,816,2.2
Allianz,Si,2025-02-07,Perito D,Zaragoza,48,34,7368,5.9
AXA,No,2024-07-30,Perito C,Madrid,59,30,3844,4.8
Mutua,No,2024-02-29,Perito D,Zaragoza,20,35,6613,6.3
Linea Directa,No,2024-05-09,Perito C,Sevilla,40,29,1403,5.4
Generali,No,2024-01-28,Perito A,Madrid,58,18,1959,4.3
Mutua,Si,2024-11-18,Perito C,Zaragoza,43,38,2765,3.7
Mapfre,No,2025-04-25,Perito D,Málaga,28,17,3374,4.1
Mutua,Si,2024-02-08,Perito C,Barcelona,45,15,3281,4.9
Linea Directa,No,2024-12-22,Perito D,Madrid,28,44,2830,5.6
Mutua,No,2024-01-26,Perito C,Valencia,39,27,3361,2.3
Mutua,No,2025-02-13,Perito D,Málaga,54,32,4521,4.6
Linea Directa,No,2025-01-16,Perito A,Sevilla,55,25,869,4.5
AXA,No,2024-12-06,Perito D,Valencia,55,43,6059,4.0
Generali,No,2024-08-19,Perito A,Sevilla,28,18,5212,6.2
Mutua,Si,2024-11-02,Perito D,Málaga,41,39,6469,4.9
Mutua,Si,2024-03-29,Perito D,Valencia,20,42,7299,3.4
AXA,No,2025-03-09,Perito B,Madrid,24,22,7576,5.2
Allianz,Si,2025-06-10,Perito B,Zaragoza,28,35,3368,5.0
Mutua,No,2025-02-18,Perito B,Valencia,56,49,2321,2.9
Linea Directa,Si,2024-06-27,Perito B,Barcelona,57,32,7994,4.3
Linea Directa,No,2024-05-06,Perito C,Madrid,38,39,5510,6.0
Mutua,Si,2025-01-07,Perito A,Barcelona,27,19,4278,2.7
Allianz,No,2024-07-09,Perito A,Valencia,51,22,6001,5.6
Linea Directa,Si,2025-06-03,Perito B,Valencia,32,37,6138,4.9
Mutua,Si,2024-02-13,Perito C,Sevilla,39,17,6279,3.5
Mutua,No,2024-07-12,Perito D,Valencia,55,45,4351,4.5
Mutua,No,2024-07-04,Perito D,Madrid,56,43,919,4.3
Generali,No,2025-03-22,Perito A,Barcelona,49,34,2800,5.9
Linea Directa,No,2024-04-17,Perito A,Zaragoza,29,17,6375,5.2
Mapfre,No,2024-11-15,Perito C,Zaragoza,50,37,3798,4.3
Generali,Si,2024-01-05,Perito D,Málaga,44,35,4869,3.3
Allianz,No,2025-04-05,Perito C,Barcelona,48,27,866,4.4
Generali,No,2024-10-05,Perito D,Zaragoza,43,22,483,2.5
Generali,Si,2024-12-20,Perito B,Zaragoza,58,19,6040,5.8
AXA,Si,2024-08-28,Perito B,Sevilla,40,39,4103,3.7
Allianz,Si,2024-04-17,Perito C,Málaga,28,19,3765,3.7
Allianz,No,2024-11-27,Perito A,Zaragoza,21,22,2434,3.1
Allianz,No,2024-03-09,Perito C,Zaragoza,23,18,4793,6.9
Generali,Si,2025-04-16,Perito C,Málaga,27,36,1665,3.4
Allianz,Si,2024-12-13,Perito D,Valencia,51,28,329,1.9
Linea Directa,No,2024-06-14,Perito D,Zaragoza,33,33,4934,5.9
AXA,Si,2024-10-17,Perito D,Sevilla,32,27,7659,2.9
Mutua,No,2024-03-20,Perito D,Sevilla,40,49,6457,3.6
Generali,Si,2024-01-07,Perito A,Valencia,43,18,7566,6.1
Mutua,Si,2024-07-30,Perito A,Zaragoza,37,47,2260,4.5
Mutua,No,2024-06-12,Perito B,Madrid,59,36,7638,4.7
Generali,Si,2024-08-14,Perito C,Valencia,45,15,3872,2.3
Linea Directa,Si,2025-02-01,Perito B,Sevilla,51,25,7582,3.0
Generali,No,2025-04-29,Perito D,Málaga,52,30,6787,5.7
Allianz,No,2024-03-23,Perito C,Madrid,50,18,7879,6.7
AXA,Si,2024-12-06,Perito D,Zaragoza,37,43,2694,2.9
Generali,No,2024-01-22,Perito C,Sevilla,54,38,5281,3.7
Mutua,No,2025-01-26,Perito A,Sevilla,31,23,1192,4.2
Generali,No,2024-07-26,Perito D,Valencia,44,22,7058,3.3
AXA,Si,2024-10-31,Perito C,Barcelona,50,28,2321,4.6
Mapfre,Si,2024-08-21,Perito C,Sevilla,29,29,2784,4.7
Linea Directa,Si,2025-01-07,Perito D,Barcelona,53,36,4396,1.7
Mutua,Si,2024-03-16,Perito A,Madrid,22,29,2423,5.7
Mapfre,Si,2024-02-14,Perito A,Málaga,58,20,4722,4.0
Mapfre,Si,2024-10-21,Perito A,Barcelona,27,15,3388,5.0
AXA,Si,2024-09-30,Perito C,Barcelona,51,34,3437,3.8
Linea Directa,No,2024-01-08,Perito A,Barcelona,48,16,4336,4.9
Generali,No,2024-04-22,Perito C,Barcelona,41,20,4724,7.2
Mapfre,Si,2024-11-12,Perito B,Barcelona,39,16,543,2.6
Allianz,Si,2024-07-28,Perito A,Madrid,25,17,7791,7.6
Generali,No,2025-05-09,Perito D,Zaragoza,48,21,4661,4.9
Linea Directa,Si,2025-01-12,Perito D,Zaragoza,36,34,7487,3.8
Mutua,Si,2024-04-07,Perito D,Sevilla,50,19,4904,4.8
Generali,Si,2025-01-23,Perito D,Málaga,53,39,7000,3.8
AXA,No,2025-03-01,Perito B,Sevilla,57,32,5023,6.0
AXA,No,2024-12-08,Perito B,Madrid,56,15,2476,6.1
Mutua,No,2024-01-11,Perito A,Madrid,23,39,5120,4.9
Mutua,Si,2024-04-01,Perito A,Barcelona,21,31,3401,3.9
Mutua,No,2024-12-02,Perito D,Madrid,31,29,5671,5.2
AXA,No,2025-06-22,Perito D,Madrid,54,19,1088,3.7
Linea Directa,Si,2024-12-26,Perito D,Barcelona,25,31,2243,3.7
Linea Directa,Si,2024-04-06,Perito C,Madrid,27,35,1541,1.8
Generali,Si,2025-01-22,Perito A,Madrid,40,37,7327,5.9
Mapfre,Si,2024-08-30,Perito D,Madrid,54,24,3920,4.4
Mapfre,No,2024-07-18,Perito D,Valencia,34,31,3083,4.4
Allianz,No,2024-08-25,Perito D,Zaragoza,26,15,7704,4.5
AXA,Si,2024-08-04,Perito B,Sevilla,34,21,5592,2.8
Mutua,Si,2025-01-26,Perito B,Valencia,25,26,4412,3.1
Linea Directa,Si,2024-02-15,Perito B,Sevilla,36,15,7161,4.9
Generali,Si,2024-04-19,Perito C,Barcelona,23,34,2615,2.7
Linea Directa,Si,2024-07-24,Perito C,Barcelona,41,45,1317,3.2
AXA,No,2024-04-14,Perito A,Zaragoza,51,18,4463,4.5
Allianz,Si,2025-05-22,Perito D,Sevilla,41,40,3201,1.0
Linea Directa,No,2024-08-02,Perito A,Sevilla,46,26,1938,2.6
Mapfre,Si,2025-06-22,Perito A,Zaragoza,34,36,1564,4.5
Generali,No,2024-03-25,Perito B,Málaga,41,15,2908,4.8
Mapfre,Si,2025-05-28,Perito D,Sevilla,47,15,4990,4.2
Generali,Si,2024-11-22,Perito B,Sevilla,57,17,1124,2.0
Mutua,No,2024-06-06,Perito B,Barcelona,28,26,351,4.3
Generali,No,2024-05-08,Perito D,Barcelona,53,35,785,4.3
Mutua,No,2024-04-27,Perito A,Madrid,55,27,1112,6.4
AXA,No,2024-03-13,Perito A,Madrid,28,27,2521,5.7
Mapfre,No,2025-05-01,Perito B,Barcelona,34,32,5873,5.3
Generali,No,2024-04-26,Perito D,Madrid,39,47,695,4.4
Generali,No,2024-04-05,Perito A,Valencia,27,20,3995,2.0
Allianz,No,2025-02-12,Perito C,Valencia,47,39,2348,2.9
Mapfre,Si,2025-04-28,Perito A,Zaragoza,38,37,756,2.9
AXA,Si,2024-01-08,Perito D,Madrid,35,38,5401,4.9
Mutua,Si,2024-02-27,Perito D,Madrid,30,40,1752,3.8
AXA,No,2024-04-24,Perito D,Sevilla,27,18,2320,2.9
Allianz,No,2024-06-21,Perito B,Sevilla,52,49,3285,4.0
AXA,Si,2024-12-26,Perito A,Valencia,29,25,3704,3.4
Mutua,No,2024-01-29,Perito C,Zaragoza,37,39,356,3.8
Mapfre,Si,2024-08-01,Perito B,Valencia,54,34,934,2.8
Linea Directa,No,2024-11-07,Perito A,Sevilla,22,15,6475,5.6
Allianz,No,2025-01-08,Perito D,Sevilla,59,44,7705,4.4
Generali,No,2025-02-18,Perito A,Zaragoza,46,18,7362,6.3
Generali,No,2025-05-12,Perito D,Sevilla,47,37,5723,4.5
Mapfre,Si,2025-06-17,Perito D,Madrid,25,49,7743,6.6
Linea Directa,Si,2024-05-16,Perito A,Barcelona,33,36,4854,5.1
AXA,Si,2024-03-25,Perito A,Valencia,26,45,6450,4.4
Generali,No,2024-11-14,Perito C,Málaga,29,15,7987,4.8
Allianz,Si,2024-02-10,Perito A,Zaragoza,34,18,6608,6.2
Linea Directa,Si,2024-06-15,Perito A,Sevilla,50,33,3476,3.7
Mutua,Si,2024-12-08,Perito B,Madrid,48,44,7446,5.7
AXA,Si,2024-10-21,Perito D,Valencia,36,15,354,3.3
Linea Directa,Si,2025-06-01,Perito D,Sevilla,48,33,7331,5.1
Mutua,Si,2024-03-05,Perito C,Madrid,34,35,1196,2.0
Linea Directa,No,2024-08-12,Perito B,Valencia,45,36,2494,5.0
Linea Directa,No,2025-03-13,Perito C,Valencia,31,16,4826,5.8
AXA,No,2024-04-07,Perito A,Málaga,44,20,3105,2.8
Allianz,No,2024-03-22,Perito C,Málaga,24,35,6267,6.6
Mutua,Si,2024-10-30,Perito D,Valencia,23,47,6881,3.2
Allianz,Si,2024-08-22,Perito B,Madrid,50,33,5024,5.4
Mutua,No,2025-03-06,Perito A,Sevilla,22,41,1377,3.4
AXA,Si,2024-02-23,Perito B,Zaragoza,22,43,353,4.4
Allianz,Si,2025-02-10,Perito B,Sevilla,45,42,4387,3.7
AXA,Si,2024-12-01,Perito C,Valencia,36,48,7800,5.5
Linea Directa,No,2024-03-06,Perito A,Sevilla,29,15,6681,5.9
Linea Directa,Si,2025-01-19,Perito B,Málaga,21,39,5799,2.9
AXA,No,2024-11-13,Perito B,Sevilla,43,35,1916,3.6
Mutua,No,2024-03-27,Perito C,Barcelona,30,48,3402,3.7
Linea Directa,Si,2025-04-21,Perito B,Málaga,43,40,6793,4.6
Mutua,No,2024-05-23,Perito D,Málaga,54,49,6312,4.4
Allianz,No,2024-12-23,Perito D,Valencia,42,37,3057,2.1
Generali,No,2025-03-26,Perito A,Valencia,51,31,986,3.4
Linea Directa,No,2025-01-08,Perito A,Sevilla,42,26,4568,3.9
Linea Directa,No,2024-01-11,Perito C,Sevilla,53,34,6323,4.6
Mapfre,Si,2025-05-21,Perito B,Valencia,38,41,6931,4.2
Mutua,Si,2024-04-14,Perito C,Madrid,21,34,4472,5.2
AXA,No,2024-07-01,Perito C,Sevilla,21,25,3967,3.4
Mapfre,No,2024-01-24,Perito D,Madrid,34,42,3078,3.7
Allianz,No,2024-01-07,Perito B,Málaga,40,16,842,3.6
Mapfre,No,2024-06-05,Perito D,Zaragoza,54,38,6194,4.6
Mapfre,No,2024-04-14,Perito D,Zaragoza,24,30,7416,5.7
Generali,No,2025-06-18,Perito A,Barcelona,46,26,4862,5.9
Generali,No,2025-05-21,Perito C,Madrid,43,30,865,4.8
Mapfre,Si,2025-05-09,Perito D,Sevilla,26,16,3626,1.0
Generali,No,2024-11-29,Perito A,Zaragoza,25,39,3983,4.1
Generali,Si,2024-08-01,Perito A,Valencia,52,43,5627,4.4
Mapfre,Si,2025-04-29,Perito B,Valencia,36,42,7211,4.3
Mutua,No,2024-05-07,Perito B,Barcelona,49,24,3901,5.4
Generali,Si,2025-04-15,Perito D,Barcelona,27,37,6094,5.4
Mapfre,No,2025-02-08,Perito A,Málaga,59,46,1269,3.4
Mutua,Si,2025-02-08,Perito A,Madrid,26,45,2549,4.7
Linea Directa,Si,2024-12-08,Perito A,Barcelona,25,33,7211,5.7
Generali,No,2024-03-25,Perito C,Málaga,23,29,7255,5.9
Mapfre,Si,2024-10-21,Perito A,Málaga,20,47,4703,4.6
Generali,Si,2025-01-09,Perito C,Málaga,34,31,1412,1.4
Mutua,Si,2024-03-14,Perito B,Zaragoza,50,34,7165,4.7
Mapfre,Si,2024-01-02,Perito D,Zaragoza,44,23,6149,4.1
Mutua,No,2024-08-10,Perito B,Sevilla,52,17,1352,3.6
Linea Directa,Si,2025-05-06,Perito D,Barcelona,54,16,6904,5.2
AXA,No,2024-07-21,Perito A,Zaragoza,24,32,7904,6.3
Allianz,No,2024-05-21,Perito D,Valencia,24,37,7633,4.3
AXA,No,2024-11-15,Perito D,Málaga,55,33,5437,3.8
Generali,No,2024-07-21,Perito B,Valencia,36,21,2711,4.1
Mutua,Si,2024-11-27,Perito D,Sevilla,33,49,343,1.5
Mapfre,Si,2025-05-01,Perito A,Madrid,48,34,2689,3.7
Mutua,Si,2024-04-22,Perito C,Sevilla,27,34,7567,3.8
Generali,Si,2024-04-15,Perito A,Sevilla,53,33,3428,3.6
Mapfre,No,2025-01-24,Perito D,Barcelona,59,30,4782,3.7
AXA,No,2024-10-08,Perito B,Málaga,20,35,5155,4.2
Mutua,Si,2024-03-19,Perito A,Sevilla,48,43,3405,4.9
Allianz,No,2025-01-22,Perito D,Málaga,55,38,6231,4.8
Linea Directa,No,2024-02-27,Perito B,Valencia,56,43,4443,4.0
Linea Directa,No,2025-05-01,Perito C,Madrid,48,45,5655,5.4
Generali,No,2025-01-02,Perito B,Madrid,24,26,3342,7.5
Generali,No,2024-01-21,Perito D,Valencia,51,44,3504,3.6
Mutua,No,2025-03-03,Perito B,Barcelona,43,18,1557,5.1
AXA,No,2025-03-29,Perito D,Valencia,38,44,7154,4.2
AXA,No,2024-03-22,Perito B,Zaragoza,31,19,2913,4.5
Allianz,No,2024-08-22,Perito B,Valencia,20,30,4385,3.1
Allianz,Si,2024-05-26,Perito B,Zaragoza,26,41,1557,2.1
Mutua,Si,2024-09-29,Perito D,Barcelona,36,18,4494,3.7
Mapfre,No,2024-09-26,Perito B,Barcelona,53,22,7528,4.4
AXA,Si,2025-03-13,Perito D,Sevilla,26,22,4833,3.6
Mapfre,No,2025-04-16,Perito A,Málaga,36,31,3392,4.1
Mapfre,No,2024-06-08,Perito C,Madrid,22,17,500,5.0
Mutua,Si,2024-02-15,Perito A,Barcelona,48,41,923,3.6
Allianz,Si,2025-04-01,Perito C,Zaragoza,41,48,5894,3.0
Mapfre,No,2025-02-07,Perito D,Barcelona,57,35,3210,5.1
Mutua,No,2024-12-20,Perito A,Sevilla,48,38,5755,5.3
Allianz,Si,2024-02-04,Perito C,Sevilla,24,43,267,2.1
Mapfre,No,2024-09-06,Perito C,Málaga,49,20,4036,4.9
Mapfre,Si,2024-02-20,Perito A,Barcelona,42,28,4193,5.1
Allianz,No,2024-01-03,Perito A,Barcelona,40,28,2706,4.8
Linea Directa,No,2024-05-22,Perito D,Sevilla,45,38,1737,1.4
Allianz,Si,2024-10-02,Perito C,Valencia,40,27,597,1.2
Generali,No,2025-02-26,Perito D,Málaga,39,15,4915,4.0
Generali,Si,2024-06-14,Perito D,Barcelona,42,26,3557,3.7
Mutua,No,2024-01-24,Perito B,Madrid,23,38,5880,7.4
Mutua,Si,2025-02-07,Perito D,Madrid,40,34,1363,5.0
AXA,No,2025-02-25,Perito C,Zaragoza,40,20,5025,4.6
Generali,Si,2024-03-09,Perito B,Sevilla,20,26,755,2.7
Allianz,Si,2024-04-17,Perito D,Zaragoza,34,35,6248,3.1
Generali,Si,2025-03-19,Perito D,Madrid,36,17,7124,4.2
Linea Directa,Si,2024-10-03,Perito C,Sevilla,33,41,3861,3.1
Mutua,Si,2025-02-24,Perito B,Valencia,38,31,1951,2.0
Linea Directa,Si,2024-08-12,Perito A,Sevilla,53,29,3141,2.8
Mutua,No,2024-05-28,Perito A,Barcelona,25,18,2857,4.9
Linea Directa,Si,2024-11-26,Perito B,Madrid,25,31,2995,3.3
Mutua,No,2024-05-25,Perito B,Barcelona,24,25,2529,4.9
Allianz,No,2025-02-07,Perito B,Madrid,26,26,7004,6.5
Linea Directa,Si,2024-04-18,Perito B,Madrid,52,46,7267,4.3
Mapfre,No,2024-11-06,Perito A,Sevilla,32,41,5291,5.6
Mutua,No,2024-04-18,Perito D,Málaga,20,41,2159,3.1
Generali,Si,2025-01-08,Perito C,Madrid,32,43,1801,3.4
Mapfre,Si,2025-02-28,Perito A,Madrid,46,23,2993,4.8
Generali,Si,2024-07-28,Perito C,Zaragoza,26,17,1680,4.1
Mutua,Si,2024-12-30,Perito A,Málaga,22,43,6430,4.5
Allianz,No,2025-05-11,Perito B,Barcelona,44,35,1302,3.5
Mapfre,Si,2024-09-27,Perito A,Madrid,52,49,3476,5.2
Mapfre,Si,2025-05-27,Perito A,Sevilla,59,24,7134,5.4
Mutua,Si,2025-02-18,Perito B,Málaga,36,37,7704,4.8
Linea Directa,No,2024-04-25,Perito D,Málaga,33,39,7621,5.0
Mutua,No,2025-02-05,Perito B,Zaragoza,56,38,6647,4.1
Mutua,Si,2024-10-09,Perito D,Madrid,42,34,5699,3.3
AXA,Si,2025-03-17,Perito A,Barcelona,43,29,6473,5.3
Allianz,Si,2025-04-10,Perito A,Barcelona,48,35,6939,4.8
Linea Directa,No,2024-09-02,Perito C,Valencia,57,26,1499,4.3
Allianz,No,2025-03-09,Perito C,Valencia,46,32,6018,3.4
Mutua,No,2024-06-25,Perito A,Sevilla,57,37,6901,5.7
AXA,No,2024-12-16,Perito C,Zaragoza,59,43,5194,4.6
Mutua,Si,2024-09-23,Perito D,Madrid,42,19,5502,4.9
Mutua,No,2024-09-03,Perito B,Barcelona,50,40,7635,7.3
Allianz,Si,2024-11-17,Perito A,Valencia,55,25,4079,3.1
AXA,Si,2024-07-31,Perito A,Madrid,36,25,7689,7.4
Allianz,Si,2025-02-04,Perito C,Zaragoza,56,32,1735,1.5
Mutua,Si,2024-01-10,Perito A,Madrid,22,26,7979,7.0
Generali,No,2025-06-05,Perito A,Barcelona,55,30,277,5.2
Mapfre,Si,2024-01-19,Perito D,Madrid,24,41,3031,1.7
Linea Directa,No,2024-03-24,Perito D,Málaga,34,31,3610,2.6
Mutua,No,2024-02-07,Perito B,Valencia,25,35,2921,4.9
Linea Directa,No,2024-09-08,Perito A,Sevilla,29,45,3827,4.9
AXA,Si,2025-05-04,Perito C,Valencia,51,49,1732,2.6
Generali,Si,2024-07-09,Perito B,Madrid,42,41,437,1.0
Linea Directa,Si,2024-06-25,Perito C,Málaga,36,37,5453,3.6
Linea Directa,Si,2024-03-07,Perito A,Valencia,39,46,2196,2.6
AXA,Si,2024-05-14,Perito C,Barcelona,34,31,5511,3.6
Mutua,No,2025-01-25,Perito C,Málaga,41,25,3627,4.9
Mutua,Si,2024-10-28,Perito B,Zaragoza,25,15,477,2.2
Mapfre,No,2024-02-06,Perito A,Valencia,23,42,3289,3.7
AXA,No,2025-01-14,Perito B,Madrid,42,32,723,3.5
Generali,No,2024-11-23,Perito A,Barcelona,38,34,4475,6.1
Mapfre,No,2025-06-24,Perito D,Madrid,50,21,4418,5.4
AXA,Si,2025-02-15,Perito B,Zaragoza,22,30,5565,4.6
Mutua,Si,2024-05-04,Perito A,Madrid,47,37,6053,6.1
Mapfre,Si,2025-05-13,Perito D,Zaragoza,22,46,7740,4.0
Mutua,No,2024-04-24,Perito D,Barcelona,33,31,3322,3.8
Allianz,No,2024-03-17,Perito D,Málaga,37,33,5390,4.6
Allianz,No,2024-06-23,Perito B,Valencia,46,48,4775,3.6
Mapfre,No,2024-07-12,Perito D,Málaga,29,28,7927,5.2
Mapfre,No,2024-11-13,Perito A,Zaragoza,34,17,7386,5.8
AXA,No,2024-07-13,Perito B,Barcelona,38,39,1997,5.5
Generali,Si,2025-05-03,Perito C,Zaragoza,28,25,2331,3.5
Generali,No,2024-05-18,Perito D,Valencia,23,29,7522,5.6
Allianz,Si,2024-10-24,Perito B,Barcelona,34,33,6908,5.8
Allianz,Si,2024-09-30,Perito C,Sevilla,27,29,6962,4.2
Allianz,Si,2024-07-15,Perito B,Sevilla,20,29,6700,5.8
Mutua,No,2024-12-29,Perito D,Málaga,26,29,1015,3.4
Generali,Si,2025-05-21,Perito D,Barcelona,50,23,2894,4.9
Mapfre,Si,2024-04-29,Perito C,Valencia,37,19,642,3.3
Allianz,No,2025-05-06,Perito A,Málaga,31,33,3340,4.2
Linea Directa,Si,2024-11-27,Perito D,Sevilla,49,38,6866,3.2
AXA,Si,2025-02-18,Perito C,Sevilla,52,43,342,2.6
Mapfre,No,2024-11-12,Perito D,Sevilla,26,19,4487,2.8
Mapfre,No,2024-03-31,Perito A,Málaga,47,36,1610,3.7
Mapfre,No,2024-05-12,Perito C,Valencia,22,27,4673,3.9
Generali,Si,2024-10-03,Perito A,Sevilla,25,43,6924,4.8
Allianz,Si,2024-03-24,Perito D,Málaga,50,30,734,1.0
AXA,No,2024-04-13,Perito C,Málaga,57,31,1916,5.8
Mutua,Si,2024-01-06,Perito B,Madrid,34,34,3564,4.9
AXA,No,2024-06-20,Perito A,Madrid,26,28,1232,5.9
AXA,No,2024-08-07,Perito D,Zaragoza,49,20,3542,3.8
Linea Directa,No,2024-04-02,Perito D,Valencia,46,36,1610,4.2
AXA,Si,2024-07-08,Perito A,Sevilla,36,23,6436,5.2
Mutua,Si,2024-12-22,Perito C,Madrid,37,46,6285,5.9
AXA,Si,2024-06-14,Perito B,Valencia,41,38,6872,4.8
Linea Directa,No,2025-06-09,Perito D,Madrid,45,47,5473,6.7
AXA,No,2024-08-12,Perito A,Sevilla,46,27,4700,4.4
Allianz,Si,2024-05-03,Perito A,Málaga,59,49,7183,6.5
Linea Directa,Si,2024-07-24,Perito B,Sevilla,43,20,1372,2.3
Allianz,Si,2024-08-27,Perito B,Madrid,27,44,1088,2.6
Allianz,No,2024-11-10,Perito D,Sevilla,40,30,3538,4.1
Mapfre,No,2025-05-02,Perito B,Málaga,48,15,4717,3.5
Linea Directa,Si,2024-04-26,Perito A,Barcelona,40,32,1841,3.6
AXA,Si,2024-08-30,Perito C,Málaga,22,36,671,1.9
Generali,Si,2024-01-08,Perito C,Madrid,50,40,3140,3.8
Generali,Si,2024-02-18,Perito A,Málaga,46,28,746,3.7
Generali,No,2024-09-04,Perito A,Zaragoza,46,28,4926,6.0
Mutua,Si,2024-02-11,Perito A,Valencia,28,40,3797,3.5
Allianz,Si,2024-06-11,Perito D,Sevilla,52,37,7870,4.6
Allianz,No,2024-12-12,Perito A,Zaragoza,52,16,5333,7.4
Allianz,No,2025-04-05,Perito B,Barcelona,45,21,3025,3.8
Linea Directa,Si,2024-09-03,Perito A,Barcelona,47,36,3923,3.8
Mutua,No,2024-07-12,Perito A,Sevilla,50,42,6125,5.6
AXA,Si,2025-02-19,Perito D,Sevilla,20,34,563,4.4
Mapfre,Si,2025-04-03,Perito A,Valencia,39,32,2366,2.5
Linea Directa,Si,2024-01-17,Perito B,Málaga,31,38,3509,2.6
Allianz,No,2024-02-06,Perito B,Barcelona,36,47,745,4.8
AXA,Si,2025-05-04,Perito B,Madrid,34,40,3440,5.1
Generali,Si,2024-05-11,Perito A,Sevilla,53,33,6865,4.8
Mapfre,No,2025-02-01,Perito D,Sevilla,35,27,4929,4.4
Generali,No,2025-05-08,Perito D,Zaragoza,23,24,2136,3.2
AXA,No,2024-05-30,Perito D,Zaragoza,27,28,5976,4.7
AXA,Si,2024-06-08,Perito B,Zaragoza,53,23,1162,1.0
Generali,Si,2024-11-05,Perito D,Barcelona,44,25,3205,3.7
Linea Directa,Si,2024-07-31,Perito A,Zaragoza,34,17,4006,3.9
Mapfre,Si,2024-07-05,Perito A,Sevilla,47,26,1082,3.2
Generali,Si,2025-02-02,Perito C,Barcelona,28,49,4040,3.8
Generali,No,2024-08-13,Perito B,Madrid,21,46,7123,6.9
Linea Directa,No,2025-01-29,Perito C,Madrid,36,28,1070,5.2
Generali,Si,2025-04-14,Perito C,Barcelona,29,15,4811,7.1
Mapfre,Si,2024-05-04,Perito B,Sevilla,28,41,3185,2.6
Mutua,Si,2024-11-26,Perito B,Valencia,50,15,5716,2.9
Mapfre,Si,2025-06-09,Perito C,Valencia,21,43,1065,2.5
Linea Directa,Si,2024-01-15,Perito A,Málaga,43,38,6449,5.2
Generali,Si,2024-06-21,Perito C,Valencia,38,31,5404,3.9
Allianz,Si,2024-05-26,Perito B,Zaragoza,36,49,4509,3.6
Allianz,Si,2024-11-14,Perito A,Sevilla,29,45,7488,4.4
AXA,No,2024-11-17,Perito C,Valencia,47,46,3403,2.6
Mutua,No,2024-01-08,Perito C,Málaga,57,33,3097,5.3
Linea Directa,Si,2024-08-08,Perito C,Madrid,47,45,2444,5.4
AXA,Si,2024-05-17,Perito B,Barcelona,20,34,218,2.3
AXA,Si,2024-06-06,Perito C,Valencia,22,42,841,1.7
Allianz,No,2024-06-17,Perito B,Barcelona,34,17,3283,3.5
Mapfre,No,2024-03-02,Perito A,Barcelona,29,46,5400,5.9
AXA,Si,2025-06-10,Perito D,Zaragoza,40,36,529,2.0
AXA,Si,2024-04-08,Perito A,Zaragoza,56,29,1065,2.2
Mutua,Si,2024-06-11,Perito C,Madrid,34,33,973,4.1
Allianz,Si,2024-07-17,Perito B,Málaga,42,45,4687,2.6
Mapfre,Si,2024-08-10,Perito C,Sevilla,33,40,4932,4.3
Mutua,No,2025-04-29,Perito A,Sevilla,34,19,2554,4.7
Mapfre,Si,2025-05-02,Perito D,Sevilla,29,34,3538,2.3
Mapfre,Si,2024-10-25,Perito D,Málaga,28,16,3718,2.5
AXA,No,2024-11-18,Perito B,Zaragoza,58,35,7808,6.3
Mutua,Si,2024-11-03,Perito A,Málaga,24,42,3142,6.3
AXA,No,2025-04-27,Perito A,Málaga,44,34,6995,5.7
Generali,No,2024-02-04,Perito B,Valencia,45,25,7184,6.4
Mapfre,No,2024-03-20,Perito B,Barcelona,27,17,5321,7.4
Mutua,Si,2024-05-24,Perito B,Málaga,41,34,2767,2.3
Allianz,No,2025-02-23,Perito C,Málaga,44,46,1874,2.7
AXA,No,2024-09-28,Perito C,Valencia,31,39,2883,4.0
Generali,No,2024-06-18,Perito B,Barcelona,28,35,3580,5.4
Linea Directa,Si,2024-05-19,Perito B,Zaragoza,29,30,939,2.8
Generali,No,2024-02-29,Perito D,Zaragoza,29,15,1745,2.3
Generali,No,2024-11-30,Perito D,Sevilla,28,37,4764,4.8
AXA,Si,2024-09-20,Perito C,Madrid,45,38,2459,2.7
Allianz,Si,2024-09-10,Perito D,Málaga,54,39,1335,1.9
Mutua,No,2024-09-28,Perito B,Málaga,46,21,5327,5.1
Mapfre,No,2025-05-12,Perito A,Madrid,50,49,7147,5.5
Allianz,No,2025-04-11,Perito B,Málaga,38,28,6820,5.7
AXA,Si,2024-02-22,Perito D,Zaragoza,57,23,1073,1.6
Linea Directa,Si,2024-05-22,Perito C,Málaga,25,17,4755,3.1
Mutua,Si,2024-01-09,Perito B,Málaga,34,34,2500,3.1
Mapfre,Si,2024-12-07,Perito B,Madrid,48,47,5845,3.5
Linea Directa,Si,2024-07-10,Perito D,Zaragoza,24,46,951,2.2
Mutua,No,2024-09-01,Perito A,Valencia,33,40,5757,4.2
Mapfre,No,2025-01-24,Perito B,Valencia,21,19,6073,5.4
Mapfre,Si,2025-02-21,Perito C,Madrid,42,44,7324,5.5
Generali,No,2025-03-05,Perito C,Valencia,38,31,1053,4.9
Linea Directa,Si,2024-07-03,Perito A,Sevilla,43,20,3932,5.3
Linea Directa,No,2024-10-08,Perito D,Sevilla,39,29,2483,4.1
AXA,No,2025-02-04,Perito A,Zaragoza,46,15,1529,3.9
Allianz,Si,2024-01-18,Perito C,Madrid,43,27,677,3.2
Generali,Si,2025-03-03,Perito B,Barcelona,36,48,2926,2.8
Generali,No,2025-06-09,Perito C,Zaragoza,44,44,3291,2.3
Mutua,No,2025-03-26,Perito A,Málaga,50,33,6559,6.8
Linea Directa,No,2024-03-06,Perito C,Barcelona,47,16,7198,6.0
Mapfre,No,2024-01-03,Perito D,Málaga,47,26,4430,3.1
Mapfre,Si,2024-01-05,Perito A,Zaragoza,41,38,7248,3.1
Mutua,No,2024-12-31,Perito C,Valencia,24,25,5448,4.9
Linea Directa,Si,2024-01-30,Perito B,Valencia,27,16,4705,3.3
AXA,No,2025-01-26,Perito B,Sevilla,57,15,5741,4.2
Mapfre,Si,2024-10-01,Perito A,Barcelona,47,42,5613,4.6
Generali,Si,2024-05-17,Perito B,Madrid,31,18,1469,3.8
Generali,Si,2025-01-14,Perito A,Málaga,44,44,5875,4.5
Linea Directa,No,2025-04-22,Perito B,Valencia,57,21,4381,2.7
Mapfre,No,2025-02-21,Perito C,Zaragoza,34,36,2803,3.0
Mapfre,Si,2024-10-18,Perito B,Málaga,53,40,6161,4.9
AXA,No,2025-05-10,Perito C,Madrid,32,43,7742,5.8
Linea Directa,Si,2025-02-20,Perito A,Málaga,27,39,1669,4.0
Mapfre,Si,2025-03-05,Perito B,Sevilla,32,24,577,2.2
AXA,Si,2024-07-21,Perito D,Madrid,55,34,7757,4.6
Generali,Si,2024-10-15,Perito D,Madrid,25,28,1880,2.7
AXA,Si,2024-04-16,Perito D,Málaga,57,47,5370,3.9
Mapfre,No,2024-06-25,Perito B,Málaga,51,19,441,2.2
Allianz,Si,2024-11-01,Perito C,Valencia,40,20,7661,3.2
Linea Directa,No,2025-02-01,Perito A,Málaga,26,36,1119,3.1
Mapfre,No,2025-03-10,Perito B,Madrid,45,31,5882,4.7
Allianz,No,2025-04-08,Perito A,Zaragoza,34,29,6609,4.6
Generali,Si,2024-01-26,Perito A,Málaga,42,42,7487,3.9
Linea Directa,No,2024-02-20,Perito B,Zaragoza,57,16,7055,5.5
Mutua,No,2024-03-12,Perito C,Zaragoza,34,32,5567,2.9
Linea Directa,No,2024-04-20,Perito D,Valencia,59,41,269,2.7
Generali,No,2024-04-14,Perito A,Barcelona,35,35,4124,5.7
Generali,Si,2024-06-12,Perito A,Zaragoza,51,37,6400,5.3
Generali,No,2024-04-17,Perito B,Sevilla,56,21,5701,5.2
AXA,No,2024-06-03,Perito A,Zaragoza,37,33,2286,4.5
Generali,Si,2024-06-03,Perito B,Madrid,39,23,2207,2.7
Mutua,No,2025-04-29,Perito A,Valencia,21,26,1000,3.4
Mapfre,No,2024-08-01,Perito C,Sevilla,42,44,7810,4.1
Allianz,No,2025-04-19,Perito C,Málaga,49,21,5337,5.9
Linea Directa,No,2024-10-03,Perito D,Zaragoza,22,16,2979,4.8
Linea Directa,No,2024-06-14,Perito D,Málaga,58,31,5120,4.7
Generali,Si,2024-05-22,Perito C,Barcelona,20,25,955,2.1
Allianz,No,2025-04-25,Perito D,Málaga,41,26,6695,5.4
Generali,No,2024-02-11,Perito D,Sevilla,48,17,2195,2.8
AXA,Si,2025-05-02,Perito D,Valencia,33,35,6135,1.9
Allianz,No,2025-02-23,Perito C,Barcelona,47,28,1521,4.1
Generali,No,2025-01-31,Perito D,Sevilla,40,29,2530,4.4
Generali,No,2024-10-10,Perito B,Valencia,51,24,5905,4.7
Mutua,Si,2024-08-05,Perito D,Sevilla,25,24,309,1.7
Mutua,No,2024-11-14,Perito B,Málaga,20,31,1216,2.2
Mutua,No,2025-01-08,Perito D,Sevilla,40,39,7547,4.8
AXA,No,2024-06-12,Perito B,Barcelona,23,41,6257,5.8
Allianz,No,2025-03-19,Perito D,Sevilla,22,47,6887,3.8
AXA,No,2024-07-13,Perito B,Madrid,49,25,6065,6.2
Mapfre,Si,2025-01-20,Perito D,Málaga,50,27,4065,2.6
Generali,No,2025-02-10,Perito B,Sevilla,53,15,224,3.6
Generali,Si,2024-12-21,Perito C,Valencia,38,45,5138,3.2
Generali,No,2024-02-03,Perito A,Málaga,39,47,3038,4.6
Mutua,No,2024-01-27,Perito A,Zaragoza,42,35,937,3.1
Generali,No,2025-02-13,Perito C,Valencia,59,30,6400,3.5
Mutua,Si,2025-04-16,Perito C,Barcelona,44,37,379,4.2
Mapfre,Si,2024-04-26,Perito B,Zaragoza,34,24,431,1.7
AXA,No,2024-01-20,Perito B,Zaragoza,57,47,2117,2.8
AXA,No,2025-04-17,Perito D,Zaragoza,42,36,542,3.2
AXA,Si,2024-06-09,Perito D,Madrid,21,20,4772,4.1
Mutua,Si,2024-12-17,Perito A,Sevilla,34,24,6118,3.2
Linea Directa,Si,2025-02-06,Perito A,Málaga,54,30,2823,3.2
Linea Directa,No,2024-07-31,Perito B,Sevilla,29,27,654,1.5
Allianz,Si,2024-08-24,Perito B,Sevilla,33,34,5551,3.2
Linea Directa,Si,2024-11-04,Perito C,Málaga,46,18,4584,4.9
Allianz,Si,2024-09-10,Perito B,Zaragoza,33,34,5532,2.8
Mapfre,Si,2024-04-16,Perito D,Zaragoza,54,36,6601,3.0
Allianz,No,2024-11-21,Perito C,Madrid,52,43,4825,5.8
Mapfre,Si,2025-01-16,Perito B,Madrid,20,30,7030,4.3
Generali,Si,2025-03-13,Perito D,Barcelona,53,37,7272,4.2
AXA,No,2024-10-26,Perito D,Málaga,38,44,2476,4.3
Linea Directa,Si,2025-05-01,Perito A,Málaga,43,44,7593,4.1
Mutua,No,2024-02-03,Perito C,Valencia,23,17,795,3.0
Mapfre,Si,2024-06-18,Perito A,Valencia,55,38,4074,3.1
Linea Directa,No,2024-08-24,Perito C,Valencia,32,27,4730,4.1
Mutua,Si,2024-05-15,Perito C,Madrid,51,46,5177,4.9
Mutua,No,2025-06-13,Perito A,Barcelona,28,26,7364,7.0
AXA,No,2025-06-04,Perito A,Barcelona,58,22,6077,5.9
Generali,No,2024-07-01,Perito B,Zaragoza,35,38,4697,4.4
Generali,No,2024-11-07,Perito C,Sevilla,22,30,2869,4.9
Allianz,No,2025-04-16,Perito B,Barcelona,39,46,2335,4.7
Linea Directa,No,2024-09-14,Perito C,Valencia,29,48,6927,5.3
Generali,Si,2024-10-02,Perito D,Málaga,41,49,4164,2.1
AXA,No,2024-10-29,Perito B,Sevilla,22,46,1765,4.1
Linea Directa,No,2024-06-21,Perito A,Zaragoza,30,31,508,2.7
Mutua,No,2025-05-24,Perito D,Madrid,44,16,7249,7.2
Mapfre,No,2025-06-17,Perito A,Barcelona,27,40,542,4.6
Mapfre,Si,2024-09-28,Perito D,Zaragoza,28,31,635,1.4
Generali,No,2025-01-10,Perito D,Málaga,34,16,376,3.8
Allianz,Si,2024-09-05,Perito B,Valencia,51,22,338,2.8
Mapfre,No,2025-01-03,Perito A,Madrid,22,20,393,6.0
Allianz,Si,2024-11-28,Perito B,Madrid,23,23,3457,5.0
Mapfre,Si,2024-05-22,Perito D,Barcelona,49,15,7585,4.4
Allianz,Si,2025-03-11,Perito C,Málaga,32,19,3435,2.6
Allianz,No,2024-01-05,Perito C,Valencia,40,23,5480,5.1
Mutua,Si,2024-03-22,Perito D,Valencia,38,28,1142,1.5
AXA,No,2025-05-12,Perito A,Valencia,58,41,4820,6.1
Mapfre,No,2024-12-14,Perito A,Valencia,41,23,4079,3.9
Linea Directa,No,2024-03-16,Perito A,Barcelona,39,43,5920,6.3
Generali,Si,2024-01-28,Perito C,Zaragoza,56,34,3313,2.7
AXA,Si,2024-05-19,Perito B,Zaragoza,50,29,3162,2.7
Mutua,No,2024-09-26,Perito A,Zaragoza,29,17,6553,5.7
Mutua,Si,2025-02-08,Perito B,Barcelona,37,37,5036,4.3
Mutua,No,2025-04-07,Perito A,Málaga,58,23,5157,4.8
Generali,Si,2025-02-22,Perito A,Sevilla,39,44,7642,3.9
Mapfre,No,2025-04-23,Perito A,Barcelona,37,33,1153,4.8
Mapfre,No,2025-05-02,Perito B,Valencia,30,17,1502,2.8
Allianz,Si,2025-02-23,Perito B,Zaragoza,41,17,5570,3.1
Allianz,Si,2025-04-07,Perito B,Zaragoza,37,48,3581,3.1
Linea Directa,No,2024-12-07,Perito D,Málaga,53,16,6039,4.8
Allianz,Si,2024-01-28,Perito C,Valencia,42,41,3080,4.7
Generali,Si,2024-01-31,Perito D,Barcelona,20,37,2387,2.6
AXA,Si,2025-04-03,Perito C,Zaragoza,29,46,5087,4.4
Mapfre,Si,2024-02-22,Perito D,Málaga,20,49,745,1.5
Allianz,Si,2024-07-02,Perito C,Valencia,57,32,6140,5.5
Generali,No,2025-06-02,Perito B,Zaragoza,58,41,5312,6.7
Generali,Si,2024-01-05,Perito C,Sevilla,28,25,2127,1.7
Linea Directa,Si,2024-12-06,Perito A,Madrid,50,33,5849,5.6
Allianz,Si,2024-02-16,Perito B,Madrid,26,39,4352,4.8
Linea Directa,Si,2024-09-23,Perito D,Zaragoza,36,21,6455,5.0
Mutua,No,2024-09-25,Perito A,Valencia,54,45,204,2.6
Mutua,Si,2024-11-25,Perito A,Zaragoza,56,16,3681,4.7
Mutua,No,2024-01-08,Perito B,Madrid,37,19,5733,6.0
Allianz,Si,2024-05-30,Perito A,Zaragoza,52,28,3453,1.8
Generali,No,2024-12-06,Perito B,Zaragoza,23,32,7380,5.4
Generali,Si,2025-02-08,Perito C,Sevilla,42,18,1562,3.2
Mapfre,Si,2024-02-20,Perito B,Zaragoza,30,38,2020,4.0
Mutua,Si,2024-12-24,Perito B,Sevilla,28,27,5578,4.0
Allianz,Si,2025-04-23,Perito D,Valencia,49,35,6433,3.6
Mapfre,No,2024-02-07,Perito A,Sevilla,27,47,2863,2.7
Generali,Si,2024-11-22,Perito D,Madrid,59,34,3138,3.9
Mapfre,No,2025-02-01,Perito D,Valencia,24,19,7041,4.2
Mutua,No,2025-04-19,Perito D,Zaragoza,31,38,1473,2.7
AXA,Si,2025-03-19,Perito D,Madrid,20,49,3526,4.6
Mutua,No,2024-06-07,Perito D,Sevilla,34,44,3859,4.3
Mutua,No,2024-08-08,Perito A,Sevilla,44,42,3145,5.0
Allianz,Si,2024-09-13,Perito A,Málaga,37,21,3218,2.7
AXA,Si,2025-02-25,Perito A,Barcelona,57,49,1331,2.5
Linea Directa,Si,2025-01-23,Perito D,Zaragoza,45,44,4963,2.5
AXA,Si,2024-07-03,Perito A,Barcelona,59,48,6937,4.6
AXA,Si,2024-12-25,Perito D,Valencia,22,23,2836,3.5
Generali,Si,2024-06-29,Perito A,Madrid,41,26,6828,6.0
Mapfre,Si,2024-06-09,Perito A,Barcelona,45,43,3229,6.4
Generali,No,2024-12-10,Perito A,Valencia,38,24,3219,5.0
Linea Directa,No,2025-03-22,Perito A,Sevilla,58,41,5577,6.8
AXA,Si,2024-01-13,Perito B,Barcelona,55,33,6982,5.8
Allianz,No,2025-06-15,Perito A,Madrid,40,27,5292,7.4
Linea Directa,No,2025-05-06,Perito A,Málaga,45,46,6222,5.6
Mutua,No,2025-03-01,Perito B,Málaga,32,29,4577,5.8
Mutua,Si,2024-06-30,Perito C,Barcelona,55,35,7329,6.3
Generali,No,2024-10-29,Perito C,Málaga,43,17,3359,2.7
Linea Directa,Si,2024-09-21,Perito B,Valencia,45,22,5523,4.7
Generali,No,2024-05-11,Perito C,Zaragoza,40,20,6359,5.8
Allianz,Si,2025-05-06,Perito A,Madrid,37,43,7518,4.1
Mutua,No,2024-03-11,Perito D,Sevilla,34,33,5231,4.1
Generali,No,2025-03-28,Perito D,Madrid,34,31,453,4.7
Mapfre,Si,2025-06-16,Perito A,Sevilla,25,24,5507,2.2
Generali,No,2025-01-26,Perito A,Málaga,50,47,528,4.3
Generali,Si,2024-08-10,Perito C,Valencia,47,27,2791,3.3
AXA,Si,2024-10-04,Perito B,Sevilla,27,41,3030,3.1
Mapfre,Si,2025-04-17,Perito D,Málaga,48,26,3244,5.7
Mapfre,No,2024-09-19,Perito A,Sevilla,40,16,1620,4.8
Allianz,No,2024-07-29,Perito B,Barcelona,36,24,5836,5.4
AXA,Si,2024-06-03,Perito B,Madrid,43,35,7826,5.3
Mapfre,Si,2024-12-08,Perito A,Zaragoza,55,37,3601,4.6
AXA,Si,2025-03-12,Perito B,Zaragoza,50,15,3092,3.6
AXA,No,2024-06-20,Perito D,Valencia,53,47,5488,4.1
Mutua,No,2025-06-13,Perito D,Málaga,21,40,6012,5.5
Mapfre,Si,2024-03-25,Perito B,Valencia,22,29,6709,3.2
Mutua,No,2024-12-22,Perito A,Madrid,49,36,5497,7.2
Generali,No,2024-05-15,Perito B,Zaragoza,27,39,854,2.8
Generali,Si,2024-06-06,Perito C,Sevilla,26,15,5681,4.5
Mutua,Si,2024-07-08,Perito A,Sevilla,31,40,959,4.6
Generali,No,2024-03-30,Perito A,Valencia,38,35,6982,4.0
Mutua,Si,2025-04-30,Perito A,Sevilla,45,38,1998,2.8
Allianz,Si,2025-01-11,Perito D,Sevilla,47,30,5359,1.1
AXA,No,2024-09-18,Perito A,Sevilla,34,46,3171,5.2
Allianz,Si,2024-04-19,Perito A,Barcelona,33,30,4711,6.2
Mapfre,Si,2024-04-01,Perito D,Málaga,33,27,3626,2.0
Allianz,No,2025-06-23,Perito D,Málaga,22,46,454,3.1
Allianz,Si,2024-03-24,Perito D,Zaragoza,48,38,5462,3.6
Generali,No,2024-12-09,Perito A,Madrid,25,27,4023,6.2
Linea Directa,Si,2024-12-29,Perito A,Sevilla,42,25,2076,3.8
Linea Directa,No,2024-01-07,Perito D,Valencia,47,29,2957,4.0
Mutua,No,2024-10-01,Perito D,Sevilla,33,24,2824,3.0
Mapfre,Si,2024-06-21,Perito C,Madrid,33,17,5195,4.4
Linea Directa,Si,2024-08-28,Perito D,Sevilla,39,30,6354,2.1
Generali,Si,2025-03-05,Perito B,Barcelona,32,31,7987,3.5
Mapfre,No,2024-07-06,Perito C,Madrid,46,39,4321,5.4
AXA,No,2025-03-06,Perito D,Málaga,54,44,3204,5.3
Mutua,Si,2024-06-28,Perito D,Málaga,21,49,4716,2.1
Generali,Si,2024-03-22,Perito D,Barcelona,59,27,3934,3.2
Allianz,No,2024-05-23,Perito D,Málaga,43,38,1444,3.0
AXA,Si,2024-04-19,Perito B,Zaragoza,48,40,6172,3.7
Allianz,No,2024-03-14,Perito D,Barcelona,22,23,6839,5.7
Linea Directa,Si,2024-10-13,Perito A,Málaga,23,33,5556,4.7
Mapfre,Si,2024-10-05,Perito C,Málaga,21,42,6580,4.4
AXA,Si,2025-05-13,Perito D,Zaragoza,39,21,1208,1.0
Generali,No,2024-08-28,Perito A,Sevilla,34,36,4514,3.9
Allianz,Si,2024-02-27,Perito B,Madrid,51,44,1710,3.8
Linea Directa,No,2024-03-12,Perito C,Málaga,20,30,2159,2.4
Allianz,No,2024-02-22,Perito D,Madrid,57,19,2708,5.5
Mapfre,Si,2024-08-15,Perito C,Madrid,54,43,4958,4.9
Mapfre,Si,2025-06-16,Perito D,Málaga,26,37,2882,3.6
Linea Directa,No,2024-11-14,Perito B,Madrid,32,20,7511,7.0
Mutua,Si,2024-12-15,Perito B,Zaragoza,20,47,1189,2.3
Linea Directa,Si,2025-06-01,Perito C,Barcelona,33,30,4484,5.5
Mutua,No,2025-02-01,Perito C,Zaragoza,48,48,454,3.1
Linea Directa,Si,2025-06-19,Perito C,Valencia,22,40,4363,3.0
Linea Directa,No,2024-11-16,Perito B,Barcelona,43,27,4911,4.0
Mapfre,No,2024-04-25,Perito A,Málaga,20,31,6679,5.6
Mutua,No,2024-07-12,Perito C,Barcelona,29,46,7014,5.5
Linea Directa,No,2024-01-13,Perito D,Zaragoza,32,46,7164,4.1
Allianz,No,2025-06-04,Perito B,Valencia,55,42,5169,4.2
Mapfre,Si,2025-03-15,Perito C,Barcelona,28,43,7776,6.1
AXA,No,2024-01-13,Perito B,Madrid,33,39,6643,5.2
Mapfre,No,2025-02-25,Perito C,Málaga,55,36,5921,3.7
Linea Directa,Si,2024-04-28,Perito B,Madrid,29,41,4652,2.8
Generali,No,2024-08-07,Perito B,Madrid,59,34,455,4.6
Generali,No,2025-01-19,Perito C,Málaga,42,38,1207,4.1
Mapfre,Si,2024-06-24,Perito D,Málaga,54,22,6696,3.2
AXA,Si,2024-08-09,Perito B,Sevilla,26,28,1955,2.2
Mapfre,Si,2025-04-04,Perito D,Valencia,54,28,7888,5.0
AXA,No,2025-05-17,Perito D,Madrid,21,19,2771,4.3
Linea Directa,No,2025-01-25,Perito B,Zaragoza,34,35,4108,4.7
Allianz,No,2025-05-07,Perito B,Madrid,28,29,3197,5.3
Allianz,Si,2025-04-04,Perito B,Málaga,36,47,3003,2.0
AXA,No,2025-05-26,Perito D,Málaga,58,31,3965,4.2
Mutua,No,2024-12-24,Perito B,Barcelona,37,34,4579,5.7
Allianz,No,2024-03-21,Perito B,Madrid,34,15,3583,4.6
Generali,Si,2024-10-03,Perito B,Madrid,37,30,298,2.8
Mapfre,Si,2024-03-27,Perito B,Málaga,43,32,396,1.0
Linea Directa,Si,2025-05-30,Perito C,Zaragoza,42,24,2729,3.7
Mutua,Si,2024-04-29,Perito B,Zaragoza,31,37,1077,2.5
Generali,No,2024-11-17,Perito D,Madrid,42,32,7593,6.2
Mapfre,No,2025-02-18,Perito D,Valencia,40,23,2068,3.3
Generali,No,2024-05-25,Perito A,Sevilla,45,44,6958,6.2
Mutua,Si,2024-01-12,Perito C,Málaga,27,27,2865,1.5
AXA,No,2025-05-22,Perito C,Málaga,49,45,1588,6.3
Mapfre,No,2024-06-21,Perito A,Madrid,53,27,2615,6.1
Generali,No,2025-03-17,Perito D,Zaragoza,21,46,769,3.1
Linea Directa,No,2024-07-23,Perito D,Sevilla,24,31,2837,5.3
Linea Directa,Si,2024-05-17,Perito B,Sevilla,50,17,7442,4.8
Generali,No,2024-10-10,Perito A,Zaragoza,52,15,1265,5.8
Mutua,Si,2024-12-16,Perito D,Málaga,23,19,621,3.8
Mutua,No,2024-06-10,Perito A,Málaga,25,46,3083,5.9
Linea Directa,Si,2024-06-07,Perito A,Málaga,42,39,1404,3.0
Linea Directa,Si,2024-04-09,Perito C,Valencia,38,19,744,2.2
Mutua,Si,2024-05-07,Perito D,Madrid,27,37,4366,3.6
AXA,No,2024-05-04,Perito D,Valencia,58,26,3839,4.6
Allianz,Si,2024-07-24,Perito B,Málaga,32,48,7472,3.5
Generali,Si,2024-03-12,Perito D,Sevilla,20,37,1423,1.8
AXA,No,2025-01-15,Perito C,Madrid,25,30,3372,2.9
Generali,No,2024-12-03,Perito D,Madrid,26,19,967,2.8
Linea Directa,No,2025-04-04,Perito B,Zaragoza,46,42,6650,5.3
AXA,No,2024-03-18,Perito D,Málaga,34,20,3857,4.4
Linea Directa,Si,2024-08-16,Perito A,Málaga,53,27,6002,5.5
Linea Directa,Si,2024-09-14,Perito C,Málaga,42,44,6720,4.3
Linea Directa,No,2024-09-15,Perito B,Málaga,43,40,854,2.7
Mapfre,Si,2025-04-30,Perito B,Málaga,34,31,7021,3.8
Allianz,Si,2025-03-30,Perito A,Málaga,54,23,2646,2.7
Linea Directa,Si,2024-07-09,Perito C,Madrid,23,30,6092,7.1
Generali,Si,2024-09-28,Perito D,Valencia,56,32,420,1.2
Mutua,Si,2024-08-17,Perito C,Sevilla,36,27,3866,3.7
Allianz,No,2024-04-28,Perito C,Málaga,50,43,4477,4.3
Generali,No,2025-03-14,Perito C,Sevilla,57,38,4602,5.1
Mapfre,No,2024-01-30,Perito C,Zaragoza,29,27,2769,2.9
Linea Directa,No,2024-06-21,Perito C,Madrid,46,39,5715,5.4
Generali,No,2024-01-28,Perito C,Sevilla,25,15,1213,3.9
Generali,No,2024-01-10,Perito A,Madrid,25,23,2251,4.6
Generali,No,2025-04-09,Perito B,Barcelona,34,18,7206,7.1
Allianz,Si,2025-06-20,Perito A,Valencia,23,42,4185,4.4
Linea Directa,No,2024-05-12,Perito D,Barcelona,59,26,5143,5.2
Generali,Si,2024-10-11,Perito B,Madrid,26,38,5099,4.5
Mutua,Si,2024-06-09,Perito B,Zaragoza,45,23,7648,4.4
Linea Directa,Si,2024-01-15,Perito D,Barcelona,50,49,4510,4.8
AXA,Si,2024-09-02,Perito B,Madrid,21,49,3219,4.6
Mutua,Si,2024-09-15,Perito D,Barcelona,47,47,3881,5.4
Mapfre,No,2024-12-30,Perito C,Madrid,32,49,1643,3.3
Allianz,Si,2024-07-27,Perito C,Valencia,37,34,4396,2.0
AXA,No,2025-02-24,Perito B,Zaragoza,49,16,3210,3.7
Allianz,No,2025-02-07,Perito B,Valencia,30,40,7888,5.4
Allianz,No,2024-03-23,Perito C,Valencia,32,27,772,3.2
Generali,Si,2024-02-28,Perito C,Madrid,43,44,1532,5.0
Mutua,Si,2024-11-09,Perito D,Sevilla,48,46,4953,3.5
AXA,No,2025-01-11,Perito B,Barcelona,24,33,7282,6.6
Generali,No,2024-11-18,Perito B,Barcelona,54,36,4202,4.8
AXA,No,2025-03-18,Perito A,Barcelona,38,15,5829,6.3
Linea Directa,No,2024-03-19,Perito C,Zaragoza,32,25,3334,4.3
Linea Directa,No,2025-05-24,Perito C,Barcelona,24,40,5952,5.8
Mutua,Si,2024-01-13,Perito B,Valencia,33,33,4286,3.6
Generali,No,2024-02-19,Perito A,Sevilla,57,33,425,4.1
AXA,No,2024-09-12,Perito D,Barcelona,41,26,4400,5.9
Linea Directa,No,2025-04-14,Perito D,Sevilla,28,17,2197,4.2
Generali,No,2025-04-26,Perito C,Madrid,59,32,971,4.7
Allianz,Si,2024-11-01,Perito A,Madrid,45,19,7792,7.4
Linea Directa,No,2024-10-11,Perito A,Zaragoza,24,38,7622,6.4
Mapfre,No,2024-06-28,Perito D,Barcelona,48,28,4724,4.3
AXA,Si,2024-08-21,Perito C,Málaga,41,17,633,1.0
Linea Directa,No,2025-03-01,Perito B,Zaragoza,22,20,5526,6.2
Mutua,Si,2024-06-13,Perito A,Valencia,47,26,3299,3.0
AXA,Si,2025-05-17,Perito B,Zaragoza,57,25,2929,3.9
Mapfre,No,2025-06-02,Perito C,Barcelona,33,40,3607,6.7
AXA,No,2024-10-09,Perito D,Valencia,33,15,6931,3.9
AXA,Si,2025-02-10,Perito A,Barcelona,30,30,7995,5.3
Linea Directa,Si,2024-08-20,Perito B,Valencia,28,23,3340,4.0
AXA,No,2024-05-22,Perito A,Málaga,57,19,1065,4.3
Mutua,No,2024-09-24,Perito A,Málaga,25,22,2993,4.2
Mapfre,Si,2025-02-10,Perito A,Zaragoza,20,35,7880,5.4
Linea Directa,No,2024-12-06,Perito C,Madrid,44,47,7534,7.3
Mapfre,Si,2024-08-09,Perito B,Zaragoza,35,34,3111,3.9
Mutua,No,2024-02-20,Perito A,Barcelona,34,36,2615,6.8
AXA,No,2024-02-26,Perito B,Málaga,53,27,450,2.5
AXA,Si,2024-02-01,Perito C,Málaga,36,25,7202,5.6
Linea Directa,Si,2024-03-30,Perito A,Zaragoza,22,32,5151,6.2
Mapfre,No,2024-04-17,Perito A,Barcelona,22,44,3957,6.4
AXA,Si,2024-06-06,Perito A,Zaragoza,56,47,5489,5.9
Allianz,No,2024-01-30,Perito B,Zaragoza,36,17,7457,5.3
AXA,No,2024-03-07,Perito B,Zaragoza,57,15,4856,4.8
AXA,Si,2024-04-08,Perito A,Barcelona,20,20,5765,5.9
Generali,No,2025-05-12,Perito B,Madrid,26,43,6637,6.4
Mapfre,No,2024-10-29,Perito B,Málaga,45,25,1118,2.7
Mapfre,Si,2024-04-10,Perito A,Valencia,58,27,1373,1.9
Allianz,Si,2025-01-02,Perito A,Barcelona,38,25,3403,5.6
Allianz,Si,2024-05-26,Perito D,Barcelona,49,39,632,3.6
Allianz,No,2024-03-10,Perito D,Barcelona,33,29,6402,4.0
Mapfre,Si,2024-11-25,Perito A,Zaragoza,32,27,5264,5.0
Generali,No,2024-04-07,Perito C,Zaragoza,39,47,1035,3.7
Generali,Si,2025-02-07,Perito A,Barcelona,45,27,2446,3.8
Mutua,No,2024-05-13,Perito A,Málaga,46,38,2462,4.7
Mapfre,No,2024-04-22,Perito A,Valencia,44,34,1097,2.9
Mutua,Si,2025-05-07,Perito A,Madrid,28,31,3832,4.4
AXA,No,2025-03-10,Perito A,Sevilla,31,38,4767,4.3
Allianz,No,2025-04-18,Perito A,Málaga,29,40,4015,5.7
Mutua,Si,2025-04-17,Perito A,Málaga,25,46,446,2.3
Linea Directa,No,2024-08-07,Perito A,Sevilla,53,43,2629,3.9
Mutua,No,2024-11-20,Perito D,Sevilla,38,28,1190,2.2
Mapfre,No,2024-07-23,Perito D,Barcelona,25,36,3510,5.4
